date,admin1,admin2,market,market_id,latitude,longitude,category,commodity,commodity_id,unit,priceflag,pricetype,currency,price,usdprice
2006-01-15,Coast,Mombasa,Mombasa,191,-4.05,39.67,cereals and tubers,Maize,51,KG,actual,Wholesale,KES,16.13,0.22
2024-07-15,Eastern,Makueni,Kathonzweni (Makueni),5666,-1.91,37.73,cereals and tubers,"Maize (white, dry)",440,90 KG,actual,Wholesale,KES,3150,24.37
2024-07-15,Eastern,Makueni,Kathonzweni (Makueni),5666,-1.91,37.73,cereals and tubers,"Potatoes (Irish, red)",890,50 KG,actual,Wholesale,KES,2934,22.7
2024-07-15,Eastern,Makueni,Kathonzweni (Makueni),5666,-1.91,37.73,pulses and nuts,Beans (dolichos),896,90 KG,actual,Wholesale,KES,4500,34.82
2024-07-15,Eastern,Makueni,Kathonzweni (Makueni),5666,-1.91,37.73,pulses and nuts,Cowpeas,218,90 KG,actual,Wholesale,KES,6300,48.74
2024-07-15,Eastern,Makueni,Kathonzweni (Makueni),5666,-1.91,37.73,vegetables and fruits,Cabbage,181,126 KG,actual,Wholesale,KES,4788,37.04
2024-07-15,Eastern,Makueni,Kathonzweni (Makueni),5666,-1.91,37.73,vegetables and fruits,Onions (dry),892,13 KG,actual,Wholesale,KES,1127,8.72
2024-07-15,Eastern,Makueni,Kathonzweni (Makueni),5666,-1.91,37.73,vegetables and fruits,Tomatoes,114,64 KG,actual,Wholesale,KES,3563,27.57
2024-07-15,Nairobi,Nairobi,Kangemi (Nairobi),4626,-1.27,36.74,cereals and tubers,"Maize (white, dry)",440,90 KG,actual,Wholesale,KES,3500,27.08
2024-07-15,Nairobi,Nairobi,Kangemi (Nairobi),4626,-1.27,36.74,cereals and tubers,"Potatoes (Irish, white)",891,50 KG,actual,Wholesale,KES,2500,19.34
2024-07-15,Nairobi,Nairobi,Kangemi (Nairobi),4626,-1.27,36.74,cereals and tubers,Rice (aromatic),894,50 KG,actual,Wholesale,KES,7833,60.6
2024-07-15,Nairobi,Nairobi,Kangemi (Nairobi),4626,-1.27,36.74,pulses and nuts,Beans (dolichos),896,90 KG,actual,Wholesale,KES,10442,80.79
2024-07-15,Nairobi,Nairobi,Kangemi (Nairobi),4626,-1.27,36.74,pulses and nuts,Beans (rosecoco),897,90 KG,actual,Wholesale,KES,8333,64.47
2024-07-15,Nairobi,Nairobi,Kangemi (Nairobi),4626,-1.27,36.74,pulses and nuts,Beans (yellow),889,90 KG,actual,Wholesale,KES,10700,82.79
2024-07-15,Nairobi,Nairobi,Kangemi (Nairobi),4626,-1.27,36.74,pulses and nuts,Cowpeas,218,90 KG,actual,Wholesale,KES,8180,63.29
2024-07-15,Nairobi,Nairobi,Kangemi (Nairobi),4626,-1.27,36.74,vegetables and fruits,Cabbage,181,126 KG,actual,Wholesale,KES,1260,9.75
2024-07-15,Nairobi,Nairobi,Kangemi (Nairobi),4626,-1.27,36.74,vegetables and fruits,Onions (dry),892,13 KG,actual,Wholesale,KES,748,5.79
2024-07-15,Nairobi,Nairobi,Kangemi (Nairobi),4626,-1.27,36.74,vegetables and fruits,Tomatoes,114,64 KG,actual,Wholesale,KES,3413.33,26.41
2024-07-15,Nairobi,Nairobi,Wakulima (Nairobi),5698,-1.29,36.83,cereals and tubers,"Potatoes (Irish, red)",890,50 KG,actual,Wholesale,KES,3250,25.15
2024-07-15,Nairobi,Nairobi,Wakulima (Nairobi),5698,-1.29,36.83,cereals and tubers,"Potatoes (Irish, white)",891,50 KG,actual,Wholesale,KES,2322,17.97
2024-07-15,Nairobi,Nairobi,Wakulima (Nairobi),5698,-1.29,36.83,vegetables and fruits,Cabbage,181,126 KG,actual,Wholesale,KES,4850,37.52
2024-07-15,Nairobi,Nairobi,Wakulima (Nairobi),5698,-1.29,36.83,vegetables and fruits,Kale,796,50 KG,actual,Wholesale,KES,1650,12.77
2024-07-15,Nairobi,Nairobi,Wakulima (Nairobi),5698,-1.29,36.83,vegetables and fruits,Tomatoes,114,64 KG,actual,Wholesale,KES,3883,30.04
2024-07-15,Rift Valley,Uasin Gishu,Eldoret town (Uasin Gishu),185,0.52,35.28,cereals and tubers,"Maize (white, dry)",440,90 KG,actual,Wholesale,KES,3825,29.59
2024-07-15,Rift Valley,Uasin Gishu,Eldoret town (Uasin Gishu),185,0.52,35.28,cereals and tubers,"Potatoes (Irish, white)",891,50 KG,actual,Wholesale,KES,3125,24.18
2024-07-15,Rift Valley,Uasin Gishu,Eldoret town (Uasin Gishu),185,0.52,35.28,pulses and nuts,Beans (yellow),889,90 KG,actual,Wholesale,KES,15525,120.12
2024-07-15,Rift Valley,Uasin Gishu,Eldoret town (Uasin Gishu),185,0.52,35.28,vegetables and fruits,Cabbage,181,126 KG,actual,Wholesale,KES,4883,37.78
2024-07-15,Rift Valley,Uasin Gishu,Eldoret town (Uasin Gishu),185,0.52,35.28,vegetables and fruits,Kale,796,50 KG,actual,Wholesale,KES,1500,11.61
2024-07-15,Rift Valley,Uasin Gishu,Eldoret town (Uasin Gishu),185,0.52,35.28,vegetables and fruits,Onions (dry),892,13 KG,actual,Wholesale,KES,1116,8.63
2024-07-15,Rift Valley,Uasin Gishu,Eldoret town (Uasin Gishu),185,0.52,35.28,vegetables and fruits,Tomatoes,114,64 KG,actual,Wholesale,KES,5724.33,44.29
2024-08-15,Eastern,Makueni,Kathonzweni (Makueni),5666,-1.91,37.73,cereals and tubers,"Maize (white, dry)",440,90 KG,actual,Wholesale,KES,3150,24.42
2024-08-15,Eastern,Makueni,Kathonzweni (Makueni),5666,-1.91,37.73,cereals and tubers,"Potatoes (Irish, red)",890,50 KG,actual,Wholesale,KES,3500,27.13
2024-08-15,Eastern,Makueni,Kathonzweni (Makueni),5666,-1.91,37.73,pulses and nuts,Beans (dolichos),896,90 KG,actual,Wholesale,KES,4500,34.88
2024-08-15,Eastern,Makueni,Kathonzweni (Makueni),5666,-1.91,37.73,pulses and nuts,Cowpeas,218,90 KG,actual,Wholesale,KES,4500,34.88
2024-08-15,Eastern,Makueni,Kathonzweni (Makueni),5666,-1.91,37.73,vegetables and fruits,Cabbage,181,126 KG,actual,Wholesale,KES,3465,26.86
2024-08-15,Eastern,Makueni,Kathonzweni (Makueni),5666,-1.91,37.73,vegetables and fruits,Kale,796,50 KG,actual,Wholesale,KES,1500,11.63
2024-08-15,Eastern,Makueni,Kathonzweni (Makueni),5666,-1.91,37.73,vegetables and fruits,Onions (dry),892,13 KG,actual,Wholesale,KES,867,6.72
2024-08-15,Eastern,Makueni,Kathonzweni (Makueni),5666,-1.91,37.73,vegetables and fruits,Tomatoes,114,64 KG,actual,Wholesale,KES,1920,14.88
2024-08-15,Nairobi,Nairobi,Wakulima (Nairobi),5698,-1.29,36.83,cereals and tubers,"Potatoes (Irish, white)",891,50 KG,actual,Wholesale,KES,2586,20.05
2024-08-15,Nairobi,Nairobi,Wakulima (Nairobi),5698,-1.29,36.83,vegetables and fruits,Cabbage,181,126 KG,actual,Wholesale,KES,4087,31.68
2024-08-15,Nairobi,Nairobi,Wakulima (Nairobi),5698,-1.29,36.83,vegetables and fruits,Kale,796,50 KG,actual,Wholesale,KES,1667,12.92
2024-08-15,Nairobi,Nairobi,Wakulima (Nairobi),5698,-1.29,36.83,vegetables and fruits,Onions (dry),892,13 KG,actual,Wholesale,KES,718,5.57
2024-08-15,Nairobi,Nairobi,Wakulima (Nairobi),5698,-1.29,36.83,vegetables and fruits,Tomatoes,114,64 KG,actual,Wholesale,KES,2743,21.26
2024-08-15,Rift Valley,Uasin Gishu,Eldoret town (Uasin Gishu),185,0.52,35.28,cereals and tubers,"Maize (white, dry)",440,90 KG,actual,Wholesale,KES,3787,29.36
2024-08-15,Rift Valley,Uasin Gishu,Eldoret town (Uasin Gishu),185,0.52,35.28,cereals and tubers,"Potatoes (Irish, white)",891,50 KG,actual,Wholesale,KES,3225,25
2024-08-15,Rift Valley,Uasin Gishu,Eldoret town (Uasin Gishu),185,0.52,35.28,cereals and tubers,Rice (aromatic),894,50 KG,actual,Wholesale,KES,9500,73.64
2024-08-15,Rift Valley,Uasin Gishu,Eldoret town (Uasin Gishu),185,0.52,35.28,pulses and nuts,Beans (yellow),889,90 KG,actual,Wholesale,KES,15750,122.09
2024-08-15,Rift Valley,Uasin Gishu,Eldoret town (Uasin Gishu),185,0.52,35.28,vegetables and fruits,Cabbage,181,126 KG,actual,Wholesale,KES,4200,32.56
2024-08-15,Rift Valley,Uasin Gishu,Eldoret town (Uasin Gishu),185,0.52,35.28,vegetables and fruits,Kale,796,50 KG,actual,Wholesale,KES,1750,13.57
2024-08-15,Rift Valley,Uasin Gishu,Eldoret town (Uasin Gishu),185,0.52,35.28,vegetables and fruits,Onions (dry),892,13 KG,actual,Wholesale,KES,780,6.05
2024-08-15,Rift Valley,Uasin Gishu,Eldoret town (Uasin Gishu),185,0.52,35.28,vegetables and fruits,Tomatoes,114,64 KG,actual,Wholesale,KES,2720,21.09
2024-09-15,Coast,Tana River,Adele Center,10441,-0.47,39.61,cereals and tubers,Maize flour (white),134,KG,actual,Retail,KES,70,0.54
2024-09-15,Coast,Tana River,Adele Center,10441,-0.47,39.61,cereals and tubers,Rice (aromatic),894,KG,actual,Retail,KES,120,0.93
2024-09-15,Coast,Tana River,Adele Center,10441,-0.47,39.61,cereals and tubers,Wheat flour,58,KG,actual,Retail,KES,100,0.78
2024-09-15,Coast,Tana River,Adele Center,10441,-0.47,39.61,miscellaneous food,Salt,185,200 G,actual,Retail,KES,10,0.078
2024-09-15,Coast,Tana River,Adele Center,10441,-0.47,39.61,miscellaneous food,Sugar,97,KG,actual,Retail,KES,140,1.09
2024-09-15,Coast,Tana River,Adele Center,10441,-0.47,39.61,pulses and nuts,Beans,50,KG,actual,Retail,KES,160,1.24
2024-09-15,Coast,Tana River,Bangale,10438,-0.72,39.02,cereals and tubers,Maize flour (white),134,KG,actual,Retail,KES,75,0.58
2024-09-15,Coast,Tana River,Bangale,10438,-0.72,39.02,cereals and tubers,Rice (aromatic),894,KG,actual,Retail,KES,125,0.97
2024-09-15,Coast,Tana River,Bangale,10438,-0.72,39.02,cereals and tubers,Wheat flour,58,KG,actual,Retail,KES,100,0.78
2024-09-15,Coast,Tana River,Bangale,10438,-0.72,39.02,milk and dairy,"Milk (cow, pasteurized)",472,L,actual,Retail,KES,110,0.85
2024-09-15,Coast,Tana River,Bangale,10438,-0.72,39.02,miscellaneous food,Salt,185,200 G,actual,Retail,KES,12,0.093
2024-09-15,Coast,Tana River,Bangale,10438,-0.72,39.02,miscellaneous food,Sugar,97,KG,actual,Retail,KES,135,1.05
2024-09-15,Coast,Tana River,Bangale,10438,-0.72,39.02,oil and fats,"Oil (vegetable, fortified)",494,L,actual,Retail,KES,305,2.37
2024-09-15,Coast,Tana River,Bangale,10438,-0.72,39.02,pulses and nuts,Beans,50,KG,actual,Retail,KES,156,1.21
2024-09-15,Coast,Tana River,Bangale,10438,-0.72,39.02,pulses and nuts,Cowpeas (dry),901,KG,actual,Retail,KES,130,1.01
2024-09-15,Coast,Tana River,Bilbil,10439,-1.01,39.79,cereals and tubers,Maize flour (white),134,KG,actual,Retail,KES,71,0.55
2024-09-15,Coast,Tana River,Bilbil,10439,-1.01,39.79,cereals and tubers,Rice (aromatic),894,KG,actual,Retail,KES,121,0.94
2024-09-15,Coast,Tana River,Bilbil,10439,-1.01,39.79,cereals and tubers,Wheat flour,58,KG,actual,Retail,KES,99,0.77
2024-09-15,Coast,Tana River,Bilbil,10439,-1.01,39.79,milk and dairy,"Milk (cow, pasteurized)",472,L,actual,Retail,KES,134,1.04
2024-09-15,Coast,Tana River,Bilbil,10439,-1.01,39.79,miscellaneous food,Salt,185,200 G,actual,Retail,KES,10,0.078
2024-09-15,Coast,Tana River,Bilbil,10439,-1.01,39.79,miscellaneous food,Sugar,97,KG,actual,Retail,KES,138,1.07
2024-09-15,Coast,Tana River,Bilbil,10439,-1.01,39.79,oil and fats,"Oil (vegetable, fortified)",494,L,actual,Retail,KES,272,2.11
2024-09-15,Coast,Tana River,Bilbil,10439,-1.01,39.79,pulses and nuts,Beans,50,KG,actual,Retail,KES,157,1.22
2024-09-15,Coast,Tana River,Boka,10440,-0.34,38.78,cereals and tubers,"Maize (white, dry)",440,KG,actual,Retail,KES,80,0.62
2024-09-15,Coast,Tana River,Boka,10440,-0.34,38.78,cereals and tubers,Maize flour (white),134,KG,actual,Retail,KES,76,0.59
2024-09-15,Coast,Tana River,Boka,10440,-0.34,38.78,cereals and tubers,Rice (aromatic),894,KG,actual,Retail,KES,136,1.06
2024-09-15,Coast,Tana River,Boka,10440,-0.34,38.78,cereals and tubers,Wheat flour,58,KG,actual,Retail,KES,105,0.82
2024-09-15,Coast,Tana River,Boka,10440,-0.34,38.78,milk and dairy,"Milk (cow, pasteurized)",472,L,actual,Retail,KES,130,1.01
2024-09-15,Coast,Tana River,Boka,10440,-0.34,38.78,miscellaneous food,Salt,185,200 G,actual,Retail,KES,12,0.093
2024-09-15,Coast,Tana River,Boka,10440,-0.34,38.78,miscellaneous food,Sugar,97,KG,actual,Retail,KES,140,1.09
2024-09-15,Coast,Tana River,Boka,10440,-0.34,38.78,oil and fats,"Oil (vegetable, fortified)",494,L,actual,Retail,KES,306,2.38
2024-09-15,Coast,Tana River,Boka,10440,-0.34,38.78,pulses and nuts,Beans,50,KG,actual,Retail,KES,164,1.27
2024-09-15,Coast,Tana River,Bura,10442,-1.19,39.84,cereals and tubers,"Maize (white, dry)",440,KG,actual,Retail,KES,80,0.62
2024-09-15,Coast,Tana River,Bura,10442,-1.19,39.84,cereals and tubers,Maize flour (white),134,KG,actual,Retail,KES,71,0.55
2024-09-15,Coast,Tana River,Bura,10442,-1.19,39.84,cereals and tubers,Rice (aromatic),894,KG,actual,Retail,KES,122,0.95
2024-09-15,Coast,Tana River,Bura,10442,-1.19,39.84,cereals and tubers,Wheat flour,58,KG,actual,Retail,KES,100,0.78
2024-09-15,Coast,Tana River,Bura,10442,-1.19,39.84,milk and dairy,"Milk (cow, pasteurized)",472,L,actual,Retail,KES,101,0.78
2024-09-15,Coast,Tana River,Bura,10442,-1.19,39.84,miscellaneous food,Salt,185,200 G,actual,Retail,KES,11,0.085
2024-09-15,Coast,Tana River,Bura,10442,-1.19,39.84,miscellaneous food,Sugar,97,KG,actual,Retail,KES,139,1.08
2024-09-15,Coast,Tana River,Bura,10442,-1.19,39.84,oil and fats,"Oil (vegetable, fortified)",494,L,actual,Retail,KES,271,2.1
2024-09-15,Coast,Tana River,Bura,10442,-1.19,39.84,pulses and nuts,Beans,50,KG,actual,Retail,KES,140,1.09
2024-09-15,Coast,Tana River,Bura,10442,-1.19,39.84,vegetables and fruits,Kale,796,KG,actual,Retail,KES,60,0.47
2024-09-15,Coast,Tana River,Bura,10442,-1.19,39.84,vegetables and fruits,Spinach,404,KG,actual,Retail,KES,70,0.54
2024-09-15,Coast,Tana River,Charidende,10443,-0.78,39.67,cereals and tubers,"Maize (white, dry)",440,KG,actual,Retail,KES,100,0.78
2024-09-15,Coast,Tana River,Charidende,10443,-0.78,39.67,cereals and tubers,Maize flour (white),134,KG,actual,Retail,KES,78,0.61
2024-09-15,Coast,Tana River,Charidende,10443,-0.78,39.67,cereals and tubers,Rice (aromatic),894,KG,actual,Retail,KES,128,0.99
2024-09-15,Coast,Tana River,Charidende,10443,-0.78,39.67,cereals and tubers,Wheat flour,58,KG,actual,Retail,KES,102,0.79
2024-09-15,Coast,Tana River,Charidende,10443,-0.78,39.67,milk and dairy,"Milk (cow, pasteurized)",472,L,actual,Retail,KES,144,1.12
2024-09-15,Coast,Tana River,Charidende,10443,-0.78,39.67,miscellaneous food,Salt,185,200 G,actual,Retail,KES,11,0.085
2024-09-15,Coast,Tana River,Charidende,10443,-0.78,39.67,miscellaneous food,Sugar,97,KG,actual,Retail,KES,143,1.11
2024-09-15,Coast,Tana River,Charidende,10443,-0.78,39.67,oil and fats,"Oil (vegetable, fortified)",494,L,actual,Retail,KES,308,2.39
2024-09-15,Coast,Tana River,Charidende,10443,-0.78,39.67,pulses and nuts,Beans,50,KG,actual,Retail,KES,151,1.17
2024-09-15,Coast,Tana River,Garsen,10448,-2.27,40.11,cereals and tubers,"Maize (white, dry)",440,KG,actual,Retail,KES,86.5,0.67
2024-09-15,Coast,Tana River,Garsen,10448,-2.27,40.11,cereals and tubers,Maize flour (white),134,KG,actual,Retail,KES,66,0.51
2024-09-15,Coast,Tana River,Garsen,10448,-2.27,40.11,cereals and tubers,Rice (aromatic),894,KG,actual,Retail,KES,114,0.89
2024-09-15,Coast,Tana River,Garsen,10448,-2.27,40.11,cereals and tubers,Wheat flour,58,KG,actual,Retail,KES,91,0.71
2024-09-15,Coast,Tana River,Garsen,10448,-2.27,40.11,milk and dairy,"Milk (cow, pasteurized)",472,L,actual,Retail,KES,115.5,0.9
2024-09-15,Coast,Tana River,Garsen,10448,-2.27,40.11,miscellaneous food,Salt,185,200 G,actual,Retail,KES,10,0.078
2024-09-15,Coast,Tana River,Garsen,10448,-2.27,40.11,miscellaneous food,Sugar,97,KG,actual,Retail,KES,128,0.99
2024-09-15,Coast,Tana River,Garsen,10448,-2.27,40.11,oil and fats,"Oil (vegetable, fortified)",494,L,actual,Retail,KES,299,2.32
2024-09-15,Coast,Tana River,Garsen,10448,-2.27,40.11,pulses and nuts,Beans,50,KG,actual,Retail,KES,150.5,1.17
2024-09-15,Coast,Tana River,Garsen,10448,-2.27,40.11,pulses and nuts,Pigeon peas (dry),937,KG,actual,Retail,KES,120,0.93
2024-09-15,Coast,Tana River,Garsen,10448,-2.27,40.11,vegetables and fruits,Kale,796,KG,actual,Retail,KES,70,0.54
2024-09-15,Coast,Tana River,Garsen,10448,-2.27,40.11,vegetables and fruits,Spinach,404,KG,actual,Retail,KES,95,0.74
2024-09-15,Coast,Tana River,Hola town,3359,-1.5,40.03,cereals and tubers,"Maize (white, dry)",440,KG,actual,Retail,KES,80,0.62
2024-09-15,Coast,Tana River,Hola town,3359,-1.5,40.03,cereals and tubers,Maize flour (white),134,KG,actual,Retail,KES,80,0.62
2024-09-15,Coast,Tana River,Hola town,3359,-1.5,40.03,cereals and tubers,Rice (aromatic),894,KG,actual,Retail,KES,120,0.93
2024-09-15,Coast,Tana River,Hola town,3359,-1.5,40.03,cereals and tubers,Wheat flour,58,KG,actual,Retail,KES,97,0.75
2024-09-15,Coast,Tana River,Hola town,3359,-1.5,40.03,milk and dairy,"Milk (cow, pasteurized)",472,L,actual,Retail,KES,128,0.99
2024-09-15,Coast,Tana River,Hola town,3359,-1.5,40.03,miscellaneous food,Salt,185,200 G,actual,Retail,KES,10,0.078
2024-09-15,Coast,Tana River,Hola town,3359,-1.5,40.03,miscellaneous food,Sugar,97,KG,actual,Retail,KES,149,1.16
2024-09-15,Coast,Tana River,Hola town,3359,-1.5,40.03,oil and fats,"Oil (vegetable, fortified)",494,L,actual,Retail,KES,228,1.77
2024-09-15,Coast,Tana River,Hola town,3359,-1.5,40.03,pulses and nuts,Beans,50,KG,actual,Retail,KES,172,1.34
2024-09-15,Coast,Tana River,Hola town,3359,-1.5,40.03,pulses and nuts,Cowpeas (dry),901,KG,actual,Retail,KES,100,0.78
2024-09-15,Coast,Tana River,Hola town,3359,-1.5,40.03,pulses and nuts,Pigeon peas (dry),937,KG,actual,Retail,KES,180,1.4
2024-09-15,Coast,Tana River,Hola town,3359,-1.5,40.03,vegetables and fruits,Kale,796,KG,actual,Retail,KES,65,0.5
2024-09-15,Coast,Tana River,Kipini,10450,-2.53,40.53,cereals and tubers,"Maize (white, dry)",440,KG,actual,Retail,KES,53,0.41
2024-09-15,Coast,Tana River,Kipini,10450,-2.53,40.53,cereals and tubers,Maize flour (white),134,KG,actual,Retail,KES,69,0.54
2024-09-15,Coast,Tana River,Kipini,10450,-2.53,40.53,cereals and tubers,Rice (aromatic),894,KG,actual,Retail,KES,116,0.9
2024-09-15,Coast,Tana River,Kipini,10450,-2.53,40.53,cereals and tubers,Wheat flour,58,KG,actual,Retail,KES,92,0.71
2024-09-15,Coast,Tana River,Kipini,10450,-2.53,40.53,milk and dairy,"Milk (cow, pasteurized)",472,L,actual,Retail,KES,126,0.98
2024-09-15,Coast,Tana River,Kipini,10450,-2.53,40.53,miscellaneous food,Salt,185,200 G,actual,Retail,KES,10,0.078
2024-09-15,Coast,Tana River,Kipini,10450,-2.53,40.53,miscellaneous food,Sugar,97,KG,actual,Retail,KES,123,0.96
2024-09-15,Coast,Tana River,Kipini,10450,-2.53,40.53,oil and fats,"Oil (vegetable, fortified)",494,L,actual,Retail,KES,247,1.92
2024-09-15,Coast,Tana River,Kipini,10450,-2.53,40.53,pulses and nuts,Beans,50,KG,actual,Retail,KES,117,0.91
2024-09-15,Coast,Tana River,Makere,10445,-1.33,40.01,cereals and tubers,"Maize (white, dry)",440,KG,actual,Retail,KES,77,0.6
2024-09-15,Coast,Tana River,Makere,10445,-1.33,40.01,cereals and tubers,Maize flour (white),134,KG,actual,Retail,KES,75,0.58
2024-09-15,Coast,Tana River,Makere,10445,-1.33,40.01,cereals and tubers,Rice (aromatic),894,KG,actual,Retail,KES,120,0.93
2024-09-15,Coast,Tana River,Makere,10445,-1.33,40.01,cereals and tubers,Wheat flour,58,KG,actual,Retail,KES,101,0.78
2024-09-15,Coast,Tana River,Makere,10445,-1.33,40.01,milk and dairy,"Milk (cow, pasteurized)",472,L,actual,Retail,KES,175,1.36
2024-09-15,Coast,Tana River,Makere,10445,-1.33,40.01,miscellaneous food,Salt,185,200 G,actual,Retail,KES,10,0.078
2024-09-15,Coast,Tana River,Makere,10445,-1.33,40.01,miscellaneous food,Sugar,97,KG,actual,Retail,KES,145,1.13
2024-09-15,Coast,Tana River,Makere,10445,-1.33,40.01,oil and fats,"Oil (vegetable, fortified)",494,L,actual,Retail,KES,285,2.21
2024-09-15,Coast,Tana River,Makere,10445,-1.33,40.01,pulses and nuts,Beans,50,KG,actual,Retail,KES,154,1.2
2024-09-15,Coast,Tana River,Makere,10445,-1.33,40.01,pulses and nuts,Cowpeas (dry),901,KG,actual,Retail,KES,120,0.93
2024-09-15,Coast,Tana River,Masalani,10366,-1.7,40.17,cereals and tubers,Maize flour (white),134,KG,actual,Retail,KES,88,0.68
2024-09-15,Coast,Tana River,Masalani,10366,-1.7,40.17,cereals and tubers,Rice (aromatic),894,KG,actual,Retail,KES,133,1.03
2024-09-15,Coast,Tana River,Masalani,10366,-1.7,40.17,cereals and tubers,Wheat flour,58,KG,actual,Retail,KES,98,0.76
2024-09-15,Coast,Tana River,Masalani,10366,-1.7,40.17,miscellaneous food,Sugar,97,KG,actual,Retail,KES,138,1.07
2024-09-15,Coast,Tana River,Masalani,10366,-1.7,40.17,pulses and nuts,Beans,50,KG,actual,Retail,KES,153,1.19
2024-09-15,Coast,Tana River,Minjila,10449,-2.32,40.11,cereals and tubers,"Maize (white, dry)",440,KG,actual,Retail,KES,80,0.62
2024-09-15,Coast,Tana River,Minjila,10449,-2.32,40.11,cereals and tubers,Maize flour (white),134,KG,actual,Retail,KES,62,0.48
2024-09-15,Coast,Tana River,Minjila,10449,-2.32,40.11,cereals and tubers,Rice (aromatic),894,KG,actual,Retail,KES,118,0.92
2024-09-15,Coast,Tana River,Minjila,10449,-2.32,40.11,cereals and tubers,Wheat flour,58,KG,actual,Retail,KES,94,0.73
2024-09-15,Coast,Tana River,Minjila,10449,-2.32,40.11,milk and dairy,"Milk (cow, pasteurized)",472,L,actual,Retail,KES,126,0.98
2024-09-15,Coast,Tana River,Minjila,10449,-2.32,40.11,miscellaneous food,Salt,185,200 G,actual,Retail,KES,10,0.078
2024-09-15,Coast,Tana River,Minjila,10449,-2.32,40.11,miscellaneous food,Sugar,97,KG,actual,Retail,KES,130,1.01
2024-09-15,Coast,Tana River,Minjila,10449,-2.32,40.11,oil and fats,"Oil (vegetable, fortified)",494,L,actual,Retail,KES,277,2.15
2024-09-15,Coast,Tana River,Minjila,10449,-2.32,40.11,pulses and nuts,Beans,50,KG,actual,Retail,KES,153,1.19
2024-09-15,Coast,Tana River,Minjila,10449,-2.32,40.11,vegetables and fruits,Kale,796,KG,actual,Retail,KES,50,0.39
2024-09-15,Coast,Tana River,Minjila,10449,-2.32,40.11,vegetables and fruits,Spinach,404,KG,actual,Retail,KES,57,0.44
2024-09-15,Coast,Tana River,Saka Town,10353,-0.14,39.33,cereals and tubers,"Maize (white, dry)",440,KG,actual,Retail,KES,100,0.78
2024-09-15,Coast,Tana River,Saka Town,10353,-0.14,39.33,cereals and tubers,Maize flour (white),134,KG,actual,Retail,KES,78,0.61
2024-09-15,Coast,Tana River,Saka Town,10353,-0.14,39.33,cereals and tubers,Rice (aromatic),894,KG,actual,Retail,KES,170,1.32
2024-09-15,Coast,Tana River,Saka Town,10353,-0.14,39.33,cereals and tubers,Wheat flour,58,KG,actual,Retail,KES,100,0.78
2024-09-15,Coast,Tana River,Saka Town,10353,-0.14,39.33,milk and dairy,"Milk (cow, pasteurized)",472,L,actual,Retail,KES,60,0.47
2024-09-15,Coast,Tana River,Saka Town,10353,-0.14,39.33,miscellaneous food,Salt,185,200 G,actual,Retail,KES,10,0.078
2024-09-15,Coast,Tana River,Saka Town,10353,-0.14,39.33,miscellaneous food,Sugar,97,KG,actual,Retail,KES,133,1.03
2024-09-15,Coast,Tana River,Saka Town,10353,-0.14,39.33,oil and fats,"Oil (vegetable, fortified)",494,L,actual,Retail,KES,287,2.23
2024-09-15,Coast,Tana River,Saka Town,10353,-0.14,39.33,pulses and nuts,Beans,50,KG,actual,Retail,KES,140,1.09
2024-09-15,Coast,Tana River,Tarasaa,10451,-2.44,40.17,cereals and tubers,"Maize (white, dry)",440,KG,actual,Retail,KES,60,0.47
2024-09-15,Coast,Tana River,Tarasaa,10451,-2.44,40.17,cereals and tubers,Maize flour (white),134,KG,actual,Retail,KES,63,0.49
2024-09-15,Coast,Tana River,Tarasaa,10451,-2.44,40.17,cereals and tubers,Rice (aromatic),894,KG,actual,Retail,KES,120,0.93
2024-09-15,Coast,Tana River,Tarasaa,10451,-2.44,40.17,cereals and tubers,Wheat flour,58,KG,actual,Retail,KES,90,0.7
2024-09-15,Coast,Tana River,Tarasaa,10451,-2.44,40.17,milk and dairy,"Milk (cow, pasteurized)",472,L,actual,Retail,KES,146,1.13
2024-09-15,Coast,Tana River,Tarasaa,10451,-2.44,40.17,miscellaneous food,Salt,185,200 G,actual,Retail,KES,10,0.078
2024-09-15,Coast,Tana River,Tarasaa,10451,-2.44,40.17,miscellaneous food,Sugar,97,KG,actual,Retail,KES,133,1.03
2024-09-15,Coast,Tana River,Tarasaa,10451,-2.44,40.17,oil and fats,"Oil (vegetable, fortified)",494,L,actual,Retail,KES,293,2.28
2024-09-15,Coast,Tana River,Tarasaa,10451,-2.44,40.17,pulses and nuts,Beans,50,KG,actual,Retail,KES,126,0.98
2024-09-15,Coast,Tana River,Tarasaa,10451,-2.44,40.17,vegetables and fruits,Kale,796,KG,actual,Retail,KES,65,0.5
2024-09-15,Coast,Tana River,Waldena,10446,-1.61,39.03,cereals and tubers,"Maize (white, dry)",440,KG,actual,Retail,KES,70,0.54
2024-09-15,Coast,Tana River,Waldena,10446,-1.61,39.03,cereals and tubers,Maize flour (white),134,KG,actual,Retail,KES,73,0.57
2024-09-15,Coast,Tana River,Waldena,10446,-1.61,39.03,cereals and tubers,Rice (aromatic),894,KG,actual,Retail,KES,134,1.04
2024-09-15,Coast,Tana River,Waldena,10446,-1.61,39.03,cereals and tubers,Wheat flour,58,KG,actual,Retail,KES,105,0.82
2024-09-15,Coast,Tana River,Waldena,10446,-1.61,39.03,milk and dairy,"Milk (cow, pasteurized)",472,L,actual,Retail,KES,143,1.11
2024-09-15,Coast,Tana River,Waldena,10446,-1.61,39.03,miscellaneous food,Salt,185,200 G,actual,Retail,KES,11,0.085
2024-09-15,Coast,Tana River,Waldena,10446,-1.61,39.03,miscellaneous food,Sugar,97,KG,actual,Retail,KES,151,1.17
2024-09-15,Coast,Tana River,Waldena,10446,-1.61,39.03,oil and fats,"Oil (vegetable, fortified)",494,L,actual,Retail,KES,331,2.57
2024-09-15,Coast,Tana River,Waldena,10446,-1.61,39.03,pulses and nuts,Beans,50,KG,actual,Retail,KES,159,1.23
2024-09-15,Coast,Tana River,Waldena,10446,-1.61,39.03,pulses and nuts,Pigeon peas (dry),937,KG,actual,Retail,KES,160,1.24
2024-09-15,Coast,Tana River,Wayu,10447,-1.53,39.58,cereals and tubers,"Maize (white, dry)",440,KG,actual,Retail,KES,100,0.78
2024-09-15,Coast,Tana River,Wayu,10447,-1.53,39.58,cereals and tubers,Maize flour (white),134,KG,actual,Retail,KES,83,0.64
2024-09-15,Coast,Tana River,Wayu,10447,-1.53,39.58,cereals and tubers,Rice (aromatic),894,KG,actual,Retail,KES,143,1.11
2024-09-15,Coast,Tana River,Wayu,10447,-1.53,39.58,cereals and tubers,Wheat flour,58,KG,actual,Retail,KES,116,0.9
2024-09-15,Coast,Tana River,Wayu,10447,-1.53,39.58,milk and dairy,"Milk (cow, pasteurized)",472,L,actual,Retail,KES,180,1.4
2024-09-15,Coast,Tana River,Wayu,10447,-1.53,39.58,miscellaneous food,Salt,185,200 G,actual,Retail,KES,11,0.085
2024-09-15,Coast,Tana River,Wayu,10447,-1.53,39.58,miscellaneous food,Sugar,97,KG,actual,Retail,KES,169,1.31
2024-09-15,Coast,Tana River,Wayu,10447,-1.53,39.58,oil and fats,"Oil (vegetable, fortified)",494,L,actual,Retail,KES,337,2.62
2024-09-15,Coast,Tana River,Wayu,10447,-1.53,39.58,pulses and nuts,Beans,50,KG,actual,Retail,KES,184,1.43
2024-09-15,Eastern,Isiolo,Benane,10368,0.5,38.66,cereals and tubers,"Maize (white, dry)",440,KG,actual,Retail,KES,110,0.85
2024-09-15,Eastern,Isiolo,Benane,10368,0.5,38.66,cereals and tubers,Maize flour (white),134,KG,actual,Retail,KES,87,0.68
2024-09-15,Eastern,Isiolo,Benane,10368,0.5,38.66,cereals and tubers,Rice (aromatic),894,KG,actual,Retail,KES,160,1.24
2024-09-15,Eastern,Isiolo,Benane,10368,0.5,38.66,cereals and tubers,Wheat flour,58,KG,actual,Retail,KES,110,0.85
2024-09-15,Eastern,Isiolo,Benane,10368,0.5,38.66,milk and dairy,"Milk (cow, pasteurized)",472,L,actual,Retail,KES,75,0.58
2024-09-15,Eastern,Isiolo,Benane,10368,0.5,38.66,miscellaneous food,Sugar,97,KG,actual,Retail,KES,140,1.09
2024-09-15,Eastern,Isiolo,Benane,10368,0.5,38.66,oil and fats,"Oil (vegetable, fortified)",494,L,actual,Retail,KES,287,2.23
2024-09-15,Eastern,Isiolo,Benane,10368,0.5,38.66,pulses and nuts,Beans,50,KG,actual,Retail,KES,177,1.37
2024-09-15,Eastern,Isiolo,Benane,10368,0.5,38.66,vegetables and fruits,Kale,796,KG,actual,Retail,KES,97,0.75
2024-09-15,Eastern,Isiolo,Benane,10368,0.5,38.66,vegetables and fruits,Spinach,404,KG,actual,Retail,KES,100,0.78
2024-09-15,Eastern,Isiolo,Biliqo,10374,0.9,38.48,cereals and tubers,"Maize (white, dry)",440,KG,actual,Retail,KES,70,0.54
2024-09-15,Eastern,Isiolo,Biliqo,10374,0.9,38.48,cereals and tubers,Maize flour (white),134,KG,actual,Retail,KES,100,0.78
2024-09-15,Eastern,Isiolo,Biliqo,10374,0.9,38.48,cereals and tubers,Rice (aromatic),894,KG,actual,Retail,KES,127,0.99
2024-09-15,Eastern,Isiolo,Biliqo,10374,0.9,38.48,cereals and tubers,Wheat flour,58,KG,actual,Retail,KES,120,0.93
2024-09-15,Eastern,Isiolo,Biliqo,10374,0.9,38.48,milk and dairy,"Milk (cow, pasteurized)",472,L,actual,Retail,KES,147,1.14
2024-09-15,Eastern,Isiolo,Biliqo,10374,0.9,38.48,miscellaneous food,Salt,185,200 G,actual,Retail,KES,15,0.12
2024-09-15,Eastern,Isiolo,Biliqo,10374,0.9,38.48,miscellaneous food,Sugar,97,KG,actual,Retail,KES,143,1.11
2024-09-15,Eastern,Isiolo,Biliqo,10374,0.9,38.48,oil and fats,"Oil (vegetable, fortified)",494,L,actual,Retail,KES,267,2.07
2024-09-15,Eastern,Isiolo,Biliqo,10374,0.9,38.48,pulses and nuts,Beans,50,KG,actual,Retail,KES,130,1.01
2024-09-15,Eastern,Isiolo,Biliqo,10374,0.9,38.48,pulses and nuts,Cowpeas (dry),901,KG,actual,Retail,KES,200,1.55
2024-09-15,Eastern,Isiolo,Biliqo,10374,0.9,38.48,pulses and nuts,Pigeon peas (dry),937,KG,actual,Retail,KES,220,1.71
2024-09-15,Eastern,Isiolo,Biliqo,10374,0.9,38.48,vegetables and fruits,Kale,796,KG,actual,Retail,KES,80,0.62
2024-09-15,Eastern,Isiolo,Biliqo,10374,0.9,38.48,vegetables and fruits,Spinach,404,KG,actual,Retail,KES,100,0.78
2024-09-15,Eastern,Isiolo,Boji,10383,0.57,38.34,cereals and tubers,"Maize (white, dry)",440,KG,actual,Retail,KES,80,0.62
2024-09-15,Eastern,Isiolo,Boji,10383,0.57,38.34,cereals and tubers,Maize flour (white),134,KG,actual,Retail,KES,88,0.68
2024-09-15,Eastern,Isiolo,Boji,10383,0.57,38.34,cereals and tubers,Rice (aromatic),894,KG,actual,Retail,KES,160,1.24
2024-09-15,Eastern,Isiolo,Boji,10383,0.57,38.34,cereals and tubers,Wheat flour,58,KG,actual,Retail,KES,137,1.06
2024-09-15,Eastern,Isiolo,Boji,10383,0.57,38.34,milk and dairy,"Milk (cow, pasteurized)",472,L,actual,Retail,KES,160,1.24
2024-09-15,Eastern,Isiolo,Boji,10383,0.57,38.34,miscellaneous food,Salt,185,200 G,actual,Retail,KES,10,0.078
2024-09-15,Eastern,Isiolo,Boji,10383,0.57,38.34,miscellaneous food,Sugar,97,KG,actual,Retail,KES,160,1.24
2024-09-15,Eastern,Isiolo,Boji,10383,0.57,38.34,oil and fats,"Oil (vegetable, fortified)",494,L,actual,Retail,KES,280,2.17
2024-09-15,Eastern,Isiolo,Boji,10383,0.57,38.34,pulses and nuts,Beans,50,KG,actual,Retail,KES,170,1.32
2024-09-15,Eastern,Isiolo,Bulesa Bulesa,10375,0.96,38.54,cereals and tubers,"Maize (white, dry)",440,KG,actual,Retail,KES,105,0.82
2024-09-15,Eastern,Isiolo,Bulesa Bulesa,10375,0.96,38.54,cereals and tubers,Maize flour (white),134,KG,actual,Retail,KES,91,0.71
2024-09-15,Eastern,Isiolo,Bulesa Bulesa,10375,0.96,38.54,cereals and tubers,Rice (aromatic),894,KG,actual,Retail,KES,127,0.99
2024-09-15,Eastern,Isiolo,Bulesa Bulesa,10375,0.96,38.54,cereals and tubers,Wheat flour,58,KG,actual,Retail,KES,118,0.92
2024-09-15,Eastern,Isiolo,Bulesa Bulesa,10375,0.96,38.54,milk and dairy,"Milk (cow, pasteurized)",472,L,actual,Retail,KES,136,1.06
2024-09-15,Eastern,Isiolo,Bulesa Bulesa,10375,0.96,38.54,miscellaneous food,Salt,185,200 G,actual,Retail,KES,13,0.1
2024-09-15,Eastern,Isiolo,Bulesa Bulesa,10375,0.96,38.54,miscellaneous food,Sugar,97,KG,actual,Retail,KES,144,1.12
2024-09-15,Eastern,Isiolo,Bulesa Bulesa,10375,0.96,38.54,oil and fats,"Oil (vegetable, fortified)",494,L,actual,Retail,KES,282,2.19
2024-09-15,Eastern,Isiolo,Bulesa Bulesa,10375,0.96,38.54,pulses and nuts,Beans,50,KG,actual,Retail,KES,140,1.09
2024-09-15,Eastern,Isiolo,Bulesa Bulesa,10375,0.96,38.54,vegetables and fruits,Kale,796,KG,actual,Retail,KES,53,0.41
2024-09-15,Eastern,Isiolo,Bulesa Bulesa,10375,0.96,38.54,vegetables and fruits,Spinach,404,KG,actual,Retail,KES,55,0.43
2024-09-15,Eastern,Isiolo,Garbatulla,10384,0.53,38.51,cereals and tubers,"Maize (white, dry)",440,KG,actual,Retail,KES,73,0.57
2024-09-15,Eastern,Isiolo,Garbatulla,10384,0.53,38.51,cereals and tubers,Maize flour (white),134,KG,actual,Retail,KES,80,0.62
2024-09-15,Eastern,Isiolo,Garbatulla,10384,0.53,38.51,cereals and tubers,Rice (aromatic),894,KG,actual,Retail,KES,131,1.02
2024-09-15,Eastern,Isiolo,Garbatulla,10384,0.53,38.51,cereals and tubers,Wheat flour,58,KG,actual,Retail,KES,119,0.92
2024-09-15,Eastern,Isiolo,Garbatulla,10384,0.53,38.51,milk and dairy,"Milk (cow, pasteurized)",472,L,actual,Retail,KES,138,1.07
2024-09-15,Eastern,Isiolo,Garbatulla,10384,0.53,38.51,miscellaneous food,Salt,185,200 G,actual,Retail,KES,14,0.11
2024-09-15,Eastern,Isiolo,Garbatulla,10384,0.53,38.51,miscellaneous food,Sugar,97,KG,actual,Retail,KES,163,1.27
2024-09-15,Eastern,Isiolo,Garbatulla,10384,0.53,38.51,oil and fats,"Oil (vegetable, fortified)",494,L,actual,Retail,KES,272,2.11
2024-09-15,Eastern,Isiolo,Garbatulla,10384,0.53,38.51,pulses and nuts,Beans,50,KG,actual,Retail,KES,150,1.17
2024-09-15,Eastern,Isiolo,Isiolo town,3262,0.35,37.58,cereals and tubers,Maize flour (white),134,KG,actual,Retail,KES,94,0.73
2024-09-15,Eastern,Isiolo,Isiolo town,3262,0.35,37.58,cereals and tubers,Rice (aromatic),894,KG,actual,Retail,KES,124.5,0.97
2024-09-15,Eastern,Isiolo,Isiolo town,3262,0.35,37.58,cereals and tubers,Wheat flour,58,KG,actual,Retail,KES,102.5,0.8
2024-09-15,Eastern,Isiolo,Isiolo town,3262,0.35,37.58,milk and dairy,"Milk (cow, pasteurized)",472,L,actual,Retail,KES,120,0.93
2024-09-15,Eastern,Isiolo,Isiolo town,3262,0.35,37.58,miscellaneous food,Salt,185,200 G,actual,Retail,KES,14,0.11
2024-09-15,Eastern,Isiolo,Isiolo town,3262,0.35,37.58,miscellaneous food,Sugar,97,KG,actual,Retail,KES,139,1.08
2024-09-15,Eastern,Isiolo,Isiolo town,3262,0.35,37.58,oil and fats,"Oil (vegetable, fortified)",494,L,actual,Retail,KES,254,1.97
2024-09-15,Eastern,Isiolo,Kinna,10381,0.32,38.21,cereals and tubers,Maize flour (white),134,KG,actual,Retail,KES,90,0.7
2024-09-15,Eastern,Isiolo,Kinna,10381,0.32,38.21,cereals and tubers,Rice (aromatic),894,KG,actual,Retail,KES,120,0.93
2024-09-15,Eastern,Isiolo,Kinna,10381,0.32,38.21,cereals and tubers,Wheat flour,58,KG,actual,Retail,KES,100,0.78
2024-09-15,Eastern,Isiolo,Kinna,10381,0.32,38.21,milk and dairy,"Milk (cow, pasteurized)",472,L,actual,Retail,KES,100,0.78
2024-09-15,Eastern,Isiolo,Kinna,10381,0.32,38.21,miscellaneous food,Salt,185,200 G,actual,Retail,KES,10,0.078
2024-09-15,Eastern,Isiolo,Kinna,10381,0.32,38.21,miscellaneous food,Sugar,97,KG,actual,Retail,KES,120,0.93
2024-09-15,Eastern,Isiolo,Kinna,10381,0.32,38.21,oil and fats,"Oil (vegetable, fortified)",494,L,actual,Retail,KES,240,1.86
2024-09-15,Eastern,Isiolo,Kinna,10381,0.32,38.21,pulses and nuts,Beans,50,KG,actual,Retail,KES,100,0.78
2024-09-15,Eastern,Isiolo,Kipsing CENTER,10376,0.6,37.25,cereals and tubers,"Maize (white, dry)",440,KG,actual,Retail,KES,53,0.41
2024-09-15,Eastern,Isiolo,Kipsing CENTER,10376,0.6,37.25,cereals and tubers,Maize flour (white),134,KG,actual,Retail,KES,70,0.54
2024-09-15,Eastern,Isiolo,Kipsing CENTER,10376,0.6,37.25,cereals and tubers,Rice (aromatic),894,KG,actual,Retail,KES,135,1.05
2024-09-15,Eastern,Isiolo,Kipsing CENTER,10376,0.6,37.25,cereals and tubers,Wheat flour,58,KG,actual,Retail,KES,120,0.93
2024-09-15,Eastern,Isiolo,Kipsing CENTER,10376,0.6,37.25,milk and dairy,"Milk (cow, pasteurized)",472,L,actual,Retail,KES,140,1.09
2024-09-15,Eastern,Isiolo,Kipsing CENTER,10376,0.6,37.25,miscellaneous food,Salt,185,200 G,actual,Retail,KES,11,0.085
2024-09-15,Eastern,Isiolo,Kipsing CENTER,10376,0.6,37.25,miscellaneous food,Sugar,97,KG,actual,Retail,KES,145,1.13
2024-09-15,Eastern,Isiolo,Kipsing CENTER,10376,0.6,37.25,oil and fats,"Oil (vegetable, fortified)",494,L,actual,Retail,KES,300,2.33
2024-09-15,Eastern,Isiolo,Kipsing CENTER,10376,0.6,37.25,pulses and nuts,Beans,50,KG,actual,Retail,KES,120,0.93
2024-09-15,Eastern,Isiolo,Kulamawe,10382,0.57,38.2,cereals and tubers,Maize flour (white),134,KG,actual,Retail,KES,80,0.62
2024-09-15,Eastern,Isiolo,Kulamawe,10382,0.57,38.2,cereals and tubers,Rice (aromatic),894,KG,actual,Retail,KES,120,0.93
2024-09-15,Eastern,Isiolo,Kulamawe,10382,0.57,38.2,cereals and tubers,Wheat flour,58,KG,actual,Retail,KES,100,0.78
2024-09-15,Eastern,Isiolo,Kulamawe,10382,0.57,38.2,milk and dairy,"Milk (cow, pasteurized)",472,L,actual,Retail,KES,120,0.93
2024-09-15,Eastern,Isiolo,Kulamawe,10382,0.57,38.2,miscellaneous food,Salt,185,200 G,actual,Retail,KES,15,0.12
2024-09-15,Eastern,Isiolo,Kulamawe,10382,0.57,38.2,miscellaneous food,Sugar,97,KG,actual,Retail,KES,133,1.03
2024-09-15,Eastern,Isiolo,Kulamawe,10382,0.57,38.2,oil and fats,"Oil (vegetable, fortified)",494,L,actual,Retail,KES,240,1.86
2024-09-15,Eastern,Isiolo,Kulamawe,10382,0.57,38.2,pulses and nuts,Beans,50,KG,actual,Retail,KES,100,0.78
2024-09-15,Eastern,Isiolo,Malka GALLA,10377,1.27,38.8,cereals and tubers,"Maize (white, dry)",440,KG,actual,Retail,KES,110,0.85
2024-09-15,Eastern,Isiolo,Malka GALLA,10377,1.27,38.8,cereals and tubers,Maize flour (white),134,KG,actual,Retail,KES,98,0.76
2024-09-15,Eastern,Isiolo,Malka GALLA,10377,1.27,38.8,cereals and tubers,Rice (aromatic),894,KG,actual,Retail,KES,124,0.96
2024-09-15,Eastern,Isiolo,Malka GALLA,10377,1.27,38.8,cereals and tubers,Wheat flour,58,KG,actual,Retail,KES,120,0.93
2024-09-15,Eastern,Isiolo,Malka GALLA,10377,1.27,38.8,milk and dairy,"Milk (cow, pasteurized)",472,L,actual,Retail,KES,200,1.55
2024-09-15,Eastern,Isiolo,Malka GALLA,10377,1.27,38.8,miscellaneous food,Salt,185,200 G,actual,Retail,KES,11,0.085
2024-09-15,Eastern,Isiolo,Malka GALLA,10377,1.27,38.8,miscellaneous food,Sugar,97,KG,actual,Retail,KES,188,1.46
2024-09-15,Eastern,Isiolo,Malka GALLA,10377,1.27,38.8,oil and fats,"Oil (vegetable, fortified)",494,L,actual,Retail,KES,300,2.33
2024-09-15,Eastern,Isiolo,Malka GALLA,10377,1.27,38.8,pulses and nuts,Beans,50,KG,actual,Retail,KES,182,1.41
2024-09-15,Eastern,Isiolo,Malkadaka,10386,0.84,38.5,cereals and tubers,"Maize (white, dry)",440,KG,actual,Retail,KES,60,0.47
2024-09-15,Eastern,Isiolo,Malkadaka,10386,0.84,38.5,cereals and tubers,Maize flour (white),134,KG,actual,Retail,KES,103,0.8
2024-09-15,Eastern,Isiolo,Malkadaka,10386,0.84,38.5,cereals and tubers,Rice (aromatic),894,KG,actual,Retail,KES,120,0.93
2024-09-15,Eastern,Isiolo,Malkadaka,10386,0.84,38.5,cereals and tubers,Wheat flour,58,KG,actual,Retail,KES,120,0.93
2024-09-15,Eastern,Isiolo,Malkadaka,10386,0.84,38.5,milk and dairy,"Milk (cow, pasteurized)",472,L,actual,Retail,KES,160,1.24
2024-09-15,Eastern,Isiolo,Malkadaka,10386,0.84,38.5,miscellaneous food,Salt,185,200 G,actual,Retail,KES,14,0.11
2024-09-15,Eastern,Isiolo,Malkadaka,10386,0.84,38.5,miscellaneous food,Sugar,97,KG,actual,Retail,KES,160,1.24
2024-09-15,Eastern,Isiolo,Malkadaka,10386,0.84,38.5,oil and fats,"Oil (vegetable, fortified)",494,L,actual,Retail,KES,280,2.17
2024-09-15,Eastern,Isiolo,Malkadaka,10386,0.84,38.5,pulses and nuts,Beans,50,KG,actual,Retail,KES,155,1.2
2024-09-15,Eastern,Isiolo,Merti CENTER,10378,1.07,38.67,cereals and tubers,"Maize (white, dry)",440,KG,actual,Retail,KES,80,0.62
2024-09-15,Eastern,Isiolo,Merti CENTER,10378,1.07,38.67,cereals and tubers,Maize flour (white),134,KG,actual,Retail,KES,94,0.73
2024-09-15,Eastern,Isiolo,Merti CENTER,10378,1.07,38.67,cereals and tubers,Rice (aromatic),894,KG,actual,Retail,KES,121,0.94
2024-09-15,Eastern,Isiolo,Merti CENTER,10378,1.07,38.67,cereals and tubers,Wheat flour,58,KG,actual,Retail,KES,111,0.86
2024-09-15,Eastern,Isiolo,Merti CENTER,10378,1.07,38.67,milk and dairy,"Milk (cow, pasteurized)",472,L,actual,Retail,KES,135,1.05
2024-09-15,Eastern,Isiolo,Merti CENTER,10378,1.07,38.67,miscellaneous food,Salt,185,200 G,actual,Retail,KES,10,0.078
2024-09-15,Eastern,Isiolo,Merti CENTER,10378,1.07,38.67,miscellaneous food,Sugar,97,KG,actual,Retail,KES,139,1.08
2024-09-15,Eastern,Isiolo,Merti CENTER,10378,1.07,38.67,oil and fats,"Oil (vegetable, fortified)",494,L,actual,Retail,KES,243,1.89
2024-09-15,Eastern,Isiolo,Merti CENTER,10378,1.07,38.67,pulses and nuts,Beans,50,KG,actual,Retail,KES,139,1.08
2024-09-15,Eastern,Isiolo,Merti CENTER,10378,1.07,38.67,pulses and nuts,Cowpeas (dry),901,KG,actual,Retail,KES,150,1.17
2024-09-15,Eastern,Isiolo,Merti CENTER,10378,1.07,38.67,vegetables and fruits,Kale,796,KG,actual,Retail,KES,60,0.47
2024-09-15,Eastern,Isiolo,Merti CENTER,10378,1.07,38.67,vegetables and fruits,Spinach,404,KG,actual,Retail,KES,55,0.43
2024-09-15,Eastern,Isiolo,Modogashe,10371,0.73,39.17,cereals and tubers,"Maize (white, dry)",440,KG,actual,Retail,KES,103,0.8
2024-09-15,Eastern,Isiolo,Modogashe,10371,0.73,39.17,cereals and tubers,Maize flour (white),134,KG,actual,Retail,KES,80,0.62
2024-09-15,Eastern,Isiolo,Modogashe,10371,0.73,39.17,cereals and tubers,Rice (aromatic),894,KG,actual,Retail,KES,160,1.24
2024-09-15,Eastern,Isiolo,Modogashe,10371,0.73,39.17,cereals and tubers,Wheat flour,58,KG,actual,Retail,KES,100,0.78
2024-09-15,Eastern,Isiolo,Modogashe,10371,0.73,39.17,milk and dairy,"Milk (cow, pasteurized)",472,L,actual,Retail,KES,67,0.52
2024-09-15,Eastern,Isiolo,Modogashe,10371,0.73,39.17,miscellaneous food,Sugar,97,KG,actual,Retail,KES,140,1.09
2024-09-15,Eastern,Isiolo,Modogashe,10371,0.73,39.17,oil and fats,"Oil (vegetable, fortified)",494,L,actual,Retail,KES,290,2.25
2024-09-15,Eastern,Isiolo,Modogashe,10371,0.73,39.17,pulses and nuts,Beans,50,KG,actual,Retail,KES,172,1.34
2024-09-15,Eastern,Isiolo,Oldonyiro,10380,0.62,36.99,cereals and tubers,"Maize (white, dry)",440,KG,actual,Retail,KES,50,0.39
2024-09-15,Eastern,Isiolo,Oldonyiro,10380,0.62,36.99,cereals and tubers,Maize flour (white),134,KG,actual,Retail,KES,82,0.64
2024-09-15,Eastern,Isiolo,Oldonyiro,10380,0.62,36.99,cereals and tubers,Rice (aromatic),894,KG,actual,Retail,KES,132,1.03
2024-09-15,Eastern,Isiolo,Oldonyiro,10380,0.62,36.99,cereals and tubers,Wheat flour,58,KG,actual,Retail,KES,107,0.83
2024-09-15,Eastern,Isiolo,Oldonyiro,10380,0.62,36.99,milk and dairy,"Milk (cow, pasteurized)",472,L,actual,Retail,KES,122,0.95
2024-09-15,Eastern,Isiolo,Oldonyiro,10380,0.62,36.99,miscellaneous food,Salt,185,200 G,actual,Retail,KES,13,0.1
2024-09-15,Eastern,Isiolo,Oldonyiro,10380,0.62,36.99,miscellaneous food,Sugar,97,KG,actual,Retail,KES,125,0.97
2024-09-15,Eastern,Isiolo,Oldonyiro,10380,0.62,36.99,oil and fats,"Oil (vegetable, fortified)",494,L,actual,Retail,KES,260,2.02
2024-09-15,Eastern,Isiolo,Oldonyiro,10380,0.62,36.99,pulses and nuts,Beans,50,KG,actual,Retail,KES,114,0.89
2024-09-15,Eastern,Isiolo,Oldonyiro,10380,0.62,36.99,pulses and nuts,Cowpeas (dry),901,KG,actual,Retail,KES,130,1.01
2024-09-15,Eastern,Isiolo,Oldonyiro,10380,0.62,36.99,pulses and nuts,Pigeon peas (dry),937,KG,actual,Retail,KES,130,1.01
2024-09-15,Eastern,Isiolo,Sericho Center,10387,1.13,39.1,cereals and tubers,Maize flour (white),134,KG,actual,Retail,KES,120,0.93
2024-09-15,Eastern,Isiolo,Sericho Center,10387,1.13,39.1,cereals and tubers,Rice (aromatic),894,KG,actual,Retail,KES,127,0.99
2024-09-15,Eastern,Isiolo,Sericho Center,10387,1.13,39.1,cereals and tubers,Wheat flour,58,KG,actual,Retail,KES,120,0.93
2024-09-15,Eastern,Isiolo,Sericho Center,10387,1.13,39.1,miscellaneous food,Salt,185,200 G,actual,Retail,KES,10,0.078
2024-09-15,Eastern,Isiolo,Sericho Center,10387,1.13,39.1,miscellaneous food,Sugar,97,KG,actual,Retail,KES,160,1.24
2024-09-15,Eastern,Isiolo,Sericho Center,10387,1.13,39.1,oil and fats,"Oil (vegetable, fortified)",494,L,actual,Retail,KES,400,3.11
2024-09-15,Eastern,Isiolo,Sericho Center,10387,1.13,39.1,pulses and nuts,Beans,50,KG,actual,Retail,KES,163,1.27
2024-09-15,Eastern,Makueni,Kathonzweni (Makueni),5666,-1.91,37.73,cereals and tubers,"Maize (white, dry)",440,90 KG,actual,Wholesale,KES,3150,24.47
2024-09-15,Eastern,Makueni,Kathonzweni (Makueni),5666,-1.91,37.73,cereals and tubers,"Potatoes (Irish, red)",890,50 KG,actual,Wholesale,KES,3750,29.13
2024-09-15,Eastern,Makueni,Kathonzweni (Makueni),5666,-1.91,37.73,pulses and nuts,Cowpeas,218,90 KG,actual,Wholesale,KES,5400,41.94
2024-09-15,Eastern,Makueni,Kathonzweni (Makueni),5666,-1.91,37.73,vegetables and fruits,Cabbage,181,126 KG,actual,Wholesale,KES,2730,21.2
2024-09-15,Eastern,Makueni,Kathonzweni (Makueni),5666,-1.91,37.73,vegetables and fruits,Kale,796,50 KG,actual,Wholesale,KES,1500,11.65
2024-09-15,Eastern,Makueni,Kathonzweni (Makueni),5666,-1.91,37.73,vegetables and fruits,Onions (dry),892,13 KG,actual,Wholesale,KES,1300,10.1
2024-09-15,Eastern,Makueni,Kathonzweni (Makueni),5666,-1.91,37.73,vegetables and fruits,Tomatoes,114,64 KG,actual,Wholesale,KES,1840,14.29
2024-09-15,Eastern,Marsabit,Kargi,6225,2.49,37.56,cereals and tubers,"Maize (white, dry)",440,KG,actual,Retail,KES,57,0.44
2024-09-15,Eastern,Marsabit,Kargi,6225,2.49,37.56,cereals and tubers,Maize flour (white),134,KG,actual,Retail,KES,83,0.64
2024-09-15,Eastern,Marsabit,Kargi,6225,2.49,37.56,cereals and tubers,Rice (aromatic),894,KG,actual,Retail,KES,137,1.06
2024-09-15,Eastern,Marsabit,Kargi,6225,2.49,37.56,cereals and tubers,Wheat flour,58,KG,actual,Retail,KES,120,0.93
2024-09-15,Eastern,Marsabit,Kargi,6225,2.49,37.56,milk and dairy,"Milk (cow, pasteurized)",472,L,actual,Retail,KES,120,0.93
2024-09-15,Eastern,Marsabit,Kargi,6225,2.49,37.56,miscellaneous food,Sugar,97,KG,actual,Retail,KES,143,1.11
2024-09-15,Eastern,Marsabit,Kargi,6225,2.49,37.56,oil and fats,"Oil (vegetable, fortified)",494,L,actual,Retail,KES,297,2.31
2024-09-15,Eastern,Marsabit,Kargi,6225,2.49,37.56,vegetables and fruits,Kale,796,KG,actual,Retail,KES,70,0.54
2024-09-15,Eastern,Marsabit,Kargi,6225,2.49,37.56,vegetables and fruits,Spinach,404,KG,actual,Retail,KES,70,0.54
2024-09-15,Eastern,Marsabit,Korr,6224,2.01,37.5,cereals and tubers,"Maize (white, dry)",440,KG,actual,Retail,KES,77,0.6
2024-09-15,Eastern,Marsabit,Korr,6224,2.01,37.5,cereals and tubers,Maize flour (white),134,KG,actual,Retail,KES,93,0.72
2024-09-15,Eastern,Marsabit,Korr,6224,2.01,37.5,cereals and tubers,Rice (aromatic),894,KG,actual,Retail,KES,140,1.09
2024-09-15,Eastern,Marsabit,Korr,6224,2.01,37.5,cereals and tubers,Wheat flour,58,KG,actual,Retail,KES,120,0.93
2024-09-15,Eastern,Marsabit,Korr,6224,2.01,37.5,milk and dairy,"Milk (cow, pasteurized)",472,L,actual,Retail,KES,120,0.93
2024-09-15,Eastern,Marsabit,Korr,6224,2.01,37.5,miscellaneous food,Salt,185,200 G,actual,Retail,KES,10,0.078
2024-09-15,Eastern,Marsabit,Korr,6224,2.01,37.5,miscellaneous food,Sugar,97,KG,actual,Retail,KES,147,1.14
2024-09-15,Eastern,Marsabit,Korr,6224,2.01,37.5,oil and fats,"Oil (vegetable, fortified)",494,L,actual,Retail,KES,197,1.53
2024-09-15,Eastern,Marsabit,Korr,6224,2.01,37.5,pulses and nuts,Beans,50,KG,actual,Retail,KES,157,1.22
2024-09-15,Eastern,Marsabit,Korr,6224,2.01,37.5,vegetables and fruits,Kale,796,KG,actual,Retail,KES,120,0.93
2024-09-15,Eastern,Marsabit,Korr,6224,2.01,37.5,vegetables and fruits,Spinach,404,KG,actual,Retail,KES,113,0.88
2024-09-15,Eastern,Marsabit,Laisamis Town,6218,1.58,37.8,cereals and tubers,"Maize (white, dry)",440,KG,actual,Retail,KES,80,0.62
2024-09-15,Eastern,Marsabit,Laisamis Town,6218,1.58,37.8,cereals and tubers,Maize flour (white),134,KG,actual,Retail,KES,100,0.78
2024-09-15,Eastern,Marsabit,Laisamis Town,6218,1.58,37.8,cereals and tubers,Rice (aromatic),894,KG,actual,Retail,KES,127,0.99
2024-09-15,Eastern,Marsabit,Laisamis Town,6218,1.58,37.8,cereals and tubers,Wheat flour,58,KG,actual,Retail,KES,113,0.88
2024-09-15,Eastern,Marsabit,Laisamis Town,6218,1.58,37.8,miscellaneous food,Sugar,97,KG,actual,Retail,KES,150,1.17
2024-09-15,Eastern,Marsabit,Laisamis Town,6218,1.58,37.8,oil and fats,"Oil (vegetable, fortified)",494,L,actual,Retail,KES,300,2.33
2024-09-15,Eastern,Marsabit,Laisamis Town,6218,1.58,37.8,pulses and nuts,Beans,50,KG,actual,Retail,KES,133,1.03
2024-09-15,Eastern,Marsabit,Loyangalani,6226,2.76,36.72,cereals and tubers,"Maize (white, dry)",440,KG,actual,Retail,KES,60,0.47
2024-09-15,Eastern,Marsabit,Loyangalani,6226,2.76,36.72,cereals and tubers,Maize flour (white),134,KG,actual,Retail,KES,110,0.85
2024-09-15,Eastern,Marsabit,Loyangalani,6226,2.76,36.72,cereals and tubers,Rice (aromatic),894,KG,actual,Retail,KES,153,1.19
2024-09-15,Eastern,Marsabit,Loyangalani,6226,2.76,36.72,cereals and tubers,Wheat flour,58,KG,actual,Retail,KES,120,0.93
2024-09-15,Eastern,Marsabit,Loyangalani,6226,2.76,36.72,milk and dairy,"Milk (cow, pasteurized)",472,L,actual,Retail,KES,160,1.24
2024-09-15,Eastern,Marsabit,Loyangalani,6226,2.76,36.72,miscellaneous food,Salt,185,200 G,actual,Retail,KES,10,0.078
2024-09-15,Eastern,Marsabit,Loyangalani,6226,2.76,36.72,miscellaneous food,Sugar,97,KG,actual,Retail,KES,167,1.3
2024-09-15,Eastern,Marsabit,Loyangalani,6226,2.76,36.72,oil and fats,"Oil (vegetable, fortified)",494,L,actual,Retail,KES,317,2.46
2024-09-15,Eastern,Marsabit,Loyangalani,6226,2.76,36.72,pulses and nuts,Beans,50,KG,actual,Retail,KES,160,1.24
2024-09-15,Eastern,Marsabit,Loyangalani,6226,2.76,36.72,pulses and nuts,Pigeon peas (dry),937,KG,actual,Retail,KES,200,1.55
2024-09-15,Eastern,Marsabit,Loyangalani,6226,2.76,36.72,vegetables and fruits,Kale,796,KG,actual,Retail,KES,70,0.54
2024-09-15,Eastern,Marsabit,Maikona,6219,2.92,37.63,cereals and tubers,"Maize (white, dry)",440,KG,actual,Retail,KES,63,0.49
2024-09-15,Eastern,Marsabit,Maikona,6219,2.92,37.63,cereals and tubers,Maize flour (white),134,KG,actual,Retail,KES,90,0.7
2024-09-15,Eastern,Marsabit,Maikona,6219,2.92,37.63,cereals and tubers,Rice (aromatic),894,KG,actual,Retail,KES,123,0.96
2024-09-15,Eastern,Marsabit,Maikona,6219,2.92,37.63,cereals and tubers,Wheat flour,58,KG,actual,Retail,KES,105,0.82
2024-09-15,Eastern,Marsabit,Maikona,6219,2.92,37.63,miscellaneous food,Salt,185,200 G,actual,Retail,KES,15,0.12
2024-09-15,Eastern,Marsabit,Maikona,6219,2.92,37.63,miscellaneous food,Sugar,97,KG,actual,Retail,KES,145,1.13
2024-09-15,Eastern,Marsabit,Maikona,6219,2.92,37.63,oil and fats,"Oil (vegetable, fortified)",494,L,actual,Retail,KES,300,2.33
2024-09-15,Eastern,Marsabit,Maikona,6219,2.92,37.63,pulses and nuts,Beans,50,KG,actual,Retail,KES,100,0.78
2024-09-15,Eastern,Marsabit,Maikona,6219,2.92,37.63,pulses and nuts,Cowpeas (dry),901,KG,actual,Retail,KES,90,0.7
2024-09-15,Eastern,Marsabit,Marsabit,190,2.33,37.98,cereals and tubers,"Maize (white, dry)",440,KG,actual,Retail,KES,87,0.68
2024-09-15,Eastern,Marsabit,Marsabit,190,2.33,37.98,cereals and tubers,Maize flour (white),134,KG,actual,Retail,KES,96,0.75
2024-09-15,Eastern,Marsabit,Marsabit,190,2.33,37.98,cereals and tubers,Rice (aromatic),894,KG,actual,Retail,KES,138,1.07
2024-09-15,Eastern,Marsabit,Marsabit,190,2.33,37.98,cereals and tubers,Wheat flour,58,KG,actual,Retail,KES,95,0.74
2024-09-15,Eastern,Marsabit,Marsabit,190,2.33,37.98,milk and dairy,"Milk (cow, pasteurized)",472,L,actual,Retail,KES,120,0.93
2024-09-15,Eastern,Marsabit,Marsabit,190,2.33,37.98,miscellaneous food,Salt,185,200 G,actual,Retail,KES,10,0.078
2024-09-15,Eastern,Marsabit,Marsabit,190,2.33,37.98,miscellaneous food,Sugar,97,KG,actual,Retail,KES,130,1.01
2024-09-15,Eastern,Marsabit,Marsabit,190,2.33,37.98,oil and fats,"Oil (vegetable, fortified)",494,L,actual,Retail,KES,260,2.02
2024-09-15,Eastern,Marsabit,Marsabit,190,2.33,37.98,pulses and nuts,Beans,50,KG,actual,Retail,KES,140,1.09
2024-09-15,Eastern,Marsabit,North Horr,6222,3.32,37.07,cereals and tubers,"Maize (white, dry)",440,KG,actual,Retail,KES,50,0.39
2024-09-15,Eastern,Marsabit,North Horr,6222,3.32,37.07,cereals and tubers,Maize flour (white),134,KG,actual,Retail,KES,95,0.74
2024-09-15,Eastern,Marsabit,North Horr,6222,3.32,37.07,cereals and tubers,Rice (aromatic),894,KG,actual,Retail,KES,125,0.97
2024-09-15,Eastern,Marsabit,North Horr,6222,3.32,37.07,cereals and tubers,Wheat flour,58,KG,actual,Retail,KES,105,0.82
2024-09-15,Eastern,Marsabit,North Horr,6222,3.32,37.07,milk and dairy,"Milk (cow, pasteurized)",472,L,actual,Retail,KES,120,0.93
2024-09-15,Eastern,Marsabit,North Horr,6222,3.32,37.07,miscellaneous food,Salt,185,200 G,actual,Retail,KES,10,0.078
2024-09-15,Eastern,Marsabit,North Horr,6222,3.32,37.07,miscellaneous food,Sugar,97,KG,actual,Retail,KES,138,1.07
2024-09-15,Eastern,Marsabit,North Horr,6222,3.32,37.07,oil and fats,"Oil (vegetable, fortified)",494,L,actual,Retail,KES,283,2.2
2024-09-15,Eastern,Marsabit,North Horr,6222,3.32,37.07,pulses and nuts,Beans,50,KG,actual,Retail,KES,113,0.88
2024-09-15,Eastern,Meru North,Ngaremara,10379,0.5,37.64,cereals and tubers,"Maize (white, dry)",440,KG,actual,Retail,KES,50,0.39
2024-09-15,Eastern,Meru North,Ngaremara,10379,0.5,37.64,cereals and tubers,Maize flour (white),134,KG,actual,Retail,KES,62,0.48
2024-09-15,Eastern,Meru North,Ngaremara,10379,0.5,37.64,cereals and tubers,Rice (aromatic),894,KG,actual,Retail,KES,120,0.93
2024-09-15,Eastern,Meru North,Ngaremara,10379,0.5,37.64,cereals and tubers,Wheat flour,58,KG,actual,Retail,KES,100,0.78
2024-09-15,Eastern,Meru North,Ngaremara,10379,0.5,37.64,milk and dairy,"Milk (cow, pasteurized)",472,L,actual,Retail,KES,108,0.84
2024-09-15,Eastern,Meru North,Ngaremara,10379,0.5,37.64,miscellaneous food,Salt,185,200 G,actual,Retail,KES,10,0.078
2024-09-15,Eastern,Meru North,Ngaremara,10379,0.5,37.64,miscellaneous food,Sugar,97,KG,actual,Retail,KES,130,1.01
2024-09-15,Eastern,Meru North,Ngaremara,10379,0.5,37.64,oil and fats,"Oil (vegetable, fortified)",494,L,actual,Retail,KES,252,1.96
2024-09-15,Eastern,Meru North,Ngaremara,10379,0.5,37.64,pulses and nuts,Beans,50,KG,actual,Retail,KES,100,0.78
2024-09-15,Eastern,Meru North,Ngaremara,10379,0.5,37.64,vegetables and fruits,Kale,796,KG,actual,Retail,KES,50,0.39
2024-09-15,Eastern,Meru North,Ngaremara,10379,0.5,37.64,vegetables and fruits,Spinach,404,KG,actual,Retail,KES,60,0.47
2024-09-15,Eastern,Moyale,Dambala Fachana,10407,3.51,38.75,cereals and tubers,"Maize (white, dry)",440,KG,actual,Retail,KES,90,0.7
2024-09-15,Eastern,Moyale,Dambala Fachana,10407,3.51,38.75,cereals and tubers,Maize flour (white),134,KG,actual,Retail,KES,115,0.89
2024-09-15,Eastern,Moyale,Dambala Fachana,10407,3.51,38.75,cereals and tubers,Rice (aromatic),894,KG,actual,Retail,KES,132,1.03
2024-09-15,Eastern,Moyale,Dambala Fachana,10407,3.51,38.75,cereals and tubers,Wheat flour,58,KG,actual,Retail,KES,112,0.87
2024-09-15,Eastern,Moyale,Dambala Fachana,10407,3.51,38.75,milk and dairy,"Milk (cow, pasteurized)",472,L,actual,Retail,KES,130,1.01
2024-09-15,Eastern,Moyale,Dambala Fachana,10407,3.51,38.75,miscellaneous food,Salt,185,200 G,actual,Retail,KES,12,0.093
2024-09-15,Eastern,Moyale,Dambala Fachana,10407,3.51,38.75,miscellaneous food,Sugar,97,KG,actual,Retail,KES,157,1.22
2024-09-15,Eastern,Moyale,Dambala Fachana,10407,3.51,38.75,oil and fats,"Oil (vegetable, fortified)",494,L,actual,Retail,KES,288,2.24
2024-09-15,Eastern,Moyale,Dambala Fachana,10407,3.51,38.75,pulses and nuts,Beans,50,KG,actual,Retail,KES,120,0.93
2024-09-15,Eastern,Moyale,Moyale town,3269,3.51,39.05,cereals and tubers,"Maize (white, dry)",440,KG,actual,Retail,KES,70,0.54
2024-09-15,Eastern,Moyale,Moyale town,3269,3.51,39.05,cereals and tubers,Maize flour (white),134,KG,actual,Retail,KES,100,0.78
2024-09-15,Eastern,Moyale,Moyale town,3269,3.51,39.05,cereals and tubers,Rice (aromatic),894,KG,actual,Retail,KES,110,0.85
2024-09-15,Eastern,Moyale,Moyale town,3269,3.51,39.05,miscellaneous food,Salt,185,200 G,actual,Retail,KES,10,0.078
2024-09-15,Eastern,Moyale,Moyale town,3269,3.51,39.05,miscellaneous food,Sugar,97,KG,actual,Retail,KES,140,1.09
2024-09-15,Eastern,Moyale,Walda,10406,3.45,38.52,cereals and tubers,"Maize (white, dry)",440,KG,actual,Retail,KES,76,0.59
2024-09-15,Eastern,Moyale,Walda,10406,3.45,38.52,cereals and tubers,Maize flour (white),134,KG,actual,Retail,KES,91,0.71
2024-09-15,Eastern,Moyale,Walda,10406,3.45,38.52,cereals and tubers,Rice (aromatic),894,KG,actual,Retail,KES,118,0.92
2024-09-15,Eastern,Moyale,Walda,10406,3.45,38.52,milk and dairy,"Milk (cow, pasteurized)",472,L,actual,Retail,KES,127,0.99
2024-09-15,Eastern,Moyale,Walda,10406,3.45,38.52,miscellaneous food,Salt,185,200 G,actual,Retail,KES,10,0.078
2024-09-15,Eastern,Moyale,Walda,10406,3.45,38.52,miscellaneous food,Sugar,97,KG,actual,Retail,KES,143,1.11
2024-09-15,Eastern,Moyale,Walda,10406,3.45,38.52,oil and fats,"Oil (vegetable, fortified)",494,L,actual,Retail,KES,300,2.33
2024-09-15,Eastern,Moyale,Walda,10406,3.45,38.52,pulses and nuts,Beans,50,KG,actual,Retail,KES,101,0.78
2024-09-15,Nairobi,Nairobi,Wakulima (Nairobi),5698,-1.29,36.83,cereals and tubers,"Potatoes (Irish, white)",891,50 KG,actual,Wholesale,KES,2051,15.93
2024-09-15,Nairobi,Nairobi,Wakulima (Nairobi),5698,-1.29,36.83,vegetables and fruits,Cabbage,181,126 KG,actual,Wholesale,KES,3882,30.15
2024-09-15,Nairobi,Nairobi,Wakulima (Nairobi),5698,-1.29,36.83,vegetables and fruits,Kale,796,50 KG,actual,Wholesale,KES,1556,12.09
2024-09-15,Nairobi,Nairobi,Wakulima (Nairobi),5698,-1.29,36.83,vegetables and fruits,Onions (dry),892,13 KG,actual,Wholesale,KES,674,5.23
2024-09-15,Nairobi,Nairobi,Wakulima (Nairobi),5698,-1.29,36.83,vegetables and fruits,Tomatoes,114,64 KG,actual,Wholesale,KES,2667,20.71
2024-09-15,North Eastern,Garissa,Alango Arba,10354,-0.1,39.99,cereals and tubers,Maize flour (white),134,KG,actual,Retail,KES,92,0.71
2024-09-15,North Eastern,Garissa,Alango Arba,10354,-0.1,39.99,cereals and tubers,Rice (aromatic),894,KG,actual,Retail,KES,192,1.49
2024-09-15,North Eastern,Garissa,Alango Arba,10354,-0.1,39.99,cereals and tubers,Wheat flour,58,KG,actual,Retail,KES,147,1.14
2024-09-15,North Eastern,Garissa,Alango Arba,10354,-0.1,39.99,milk and dairy,"Milk (cow, pasteurized)",472,L,actual,Retail,KES,133,1.03
2024-09-15,North Eastern,Garissa,Alango Arba,10354,-0.1,39.99,miscellaneous food,Salt,185,200 G,actual,Retail,KES,12,0.093
2024-09-15,North Eastern,Garissa,Alango Arba,10354,-0.1,39.99,miscellaneous food,Sugar,97,KG,actual,Retail,KES,170,1.32
2024-09-15,North Eastern,Garissa,Alango Arba,10354,-0.1,39.99,oil and fats,"Oil (vegetable, fortified)",494,L,actual,Retail,KES,225,1.75
2024-09-15,North Eastern,Garissa,Alango Arba,10354,-0.1,39.99,pulses and nuts,Beans,50,KG,actual,Retail,KES,190,1.48
2024-09-15,North Eastern,Garissa,Alinjugur,10362,-0.03,40.46,cereals and tubers,Maize flour (white),134,KG,actual,Retail,KES,103.5,0.8
2024-09-15,North Eastern,Garissa,Alinjugur,10362,-0.03,40.46,cereals and tubers,Rice (aromatic),894,KG,actual,Retail,KES,169,1.31
2024-09-15,North Eastern,Garissa,Alinjugur,10362,-0.03,40.46,cereals and tubers,Wheat flour,58,KG,actual,Retail,KES,113,0.88
2024-09-15,North Eastern,Garissa,Alinjugur,10362,-0.03,40.46,milk and dairy,"Milk (cow, pasteurized)",472,L,actual,Retail,KES,159,1.23
2024-09-15,North Eastern,Garissa,Alinjugur,10362,-0.03,40.46,miscellaneous food,Salt,185,200 G,actual,Retail,KES,14.5,0.11
2024-09-15,North Eastern,Garissa,Alinjugur,10362,-0.03,40.46,miscellaneous food,Sugar,97,KG,actual,Retail,KES,155,1.2
2024-09-15,North Eastern,Garissa,Alinjugur,10362,-0.03,40.46,oil and fats,"Oil (vegetable, fortified)",494,L,actual,Retail,KES,350,2.72
2024-09-15,North Eastern,Garissa,Alinjugur,10362,-0.03,40.46,pulses and nuts,Beans,50,KG,actual,Retail,KES,196,1.52
2024-09-15,North Eastern,Garissa,Baraki,10367,0.65,39.58,cereals and tubers,Maize flour (white),134,KG,actual,Retail,KES,100,0.78
2024-09-15,North Eastern,Garissa,Baraki,10367,0.65,39.58,cereals and tubers,Rice (aromatic),894,KG,actual,Retail,KES,168,1.3
2024-09-15,North Eastern,Garissa,Baraki,10367,0.65,39.58,cereals and tubers,Wheat flour,58,KG,actual,Retail,KES,118,0.92
2024-09-15,North Eastern,Garissa,Baraki,10367,0.65,39.58,milk and dairy,"Milk (cow, pasteurized)",472,L,actual,Retail,KES,80,0.62
2024-09-15,North Eastern,Garissa,Baraki,10367,0.65,39.58,miscellaneous food,Salt,185,200 G,actual,Retail,KES,10,0.078
2024-09-15,North Eastern,Garissa,Baraki,10367,0.65,39.58,miscellaneous food,Sugar,97,KG,actual,Retail,KES,143,1.11
2024-09-15,North Eastern,Garissa,Baraki,10367,0.65,39.58,oil and fats,"Oil (vegetable, fortified)",494,L,actual,Retail,KES,295,2.29
2024-09-15,North Eastern,Garissa,Baraki,10367,0.65,39.58,pulses and nuts,Beans,50,KG,actual,Retail,KES,168,1.3
2024-09-15,North Eastern,Garissa,Dadaab town,3243,0.06,40.31,cereals and tubers,"Maize (white, dry)",440,KG,actual,Retail,KES,115,0.89
2024-09-15,North Eastern,Garissa,Dadaab town,3243,0.06,40.31,cereals and tubers,Maize flour (white),134,KG,actual,Retail,KES,107,0.83
2024-09-15,North Eastern,Garissa,Dadaab town,3243,0.06,40.31,cereals and tubers,Rice (aromatic),894,KG,actual,Retail,KES,174,1.35
2024-09-15,North Eastern,Garissa,Dadaab town,3243,0.06,40.31,cereals and tubers,Wheat flour,58,KG,actual,Retail,KES,111,0.86
2024-09-15,North Eastern,Garissa,Dadaab town,3243,0.06,40.31,milk and dairy,"Milk (cow, pasteurized)",472,L,actual,Retail,KES,186,1.44
2024-09-15,North Eastern,Garissa,Dadaab town,3243,0.06,40.31,miscellaneous food,Salt,185,200 G,actual,Retail,KES,10,0.078
2024-09-15,North Eastern,Garissa,Dadaab town,3243,0.06,40.31,miscellaneous food,Sugar,97,KG,actual,Retail,KES,152,1.18
2024-09-15,North Eastern,Garissa,Dadaab town,3243,0.06,40.31,oil and fats,"Oil (vegetable, fortified)",494,L,actual,Retail,KES,300,2.33
2024-09-15,North Eastern,Garissa,Dadaab town,3243,0.06,40.31,pulses and nuts,Beans,50,KG,actual,Retail,KES,174,1.35
2024-09-15,North Eastern,Garissa,Dadaab town,3243,0.06,40.31,pulses and nuts,Cowpeas (dry),901,KG,actual,Retail,KES,200,1.55
2024-09-15,North Eastern,Garissa,Dadaab town,3243,0.06,40.31,vegetables and fruits,Kale,796,KG,actual,Retail,KES,120,0.93
2024-09-15,North Eastern,Garissa,Dagahaley (Daadab),3252,0.19,40.29,cereals and tubers,"Maize (white, dry)",440,KG,actual,Retail,KES,85,0.66
2024-09-15,North Eastern,Garissa,Dagahaley (Daadab),3252,0.19,40.29,cereals and tubers,Maize flour (white),134,KG,actual,Retail,KES,90,0.7
2024-09-15,North Eastern,Garissa,Dagahaley (Daadab),3252,0.19,40.29,cereals and tubers,Rice (aromatic),894,KG,actual,Retail,KES,99,0.77
2024-09-15,North Eastern,Garissa,Dagahaley (Daadab),3252,0.19,40.29,milk and dairy,"Milk (cow, pasteurized)",472,L,actual,Retail,KES,170,1.32
2024-09-15,North Eastern,Garissa,Dagahaley (Daadab),3252,0.19,40.29,oil and fats,"Oil (vegetable, fortified)",494,L,actual,Retail,KES,253,1.97
2024-09-15,North Eastern,Garissa,Dagahaley (Daadab),3252,0.19,40.29,pulses and nuts,Beans,50,KG,actual,Retail,KES,128,0.99
2024-09-15,North Eastern,Garissa,Dagahaley (Daadab),3252,0.19,40.29,pulses and nuts,Cowpeas (dry),901,KG,actual,Retail,KES,120,0.93
2024-09-15,North Eastern,Garissa,Dagahaley (Daadab),3252,0.19,40.29,vegetables and fruits,Kale,796,KG,actual,Retail,KES,100,0.78
2024-09-15,North Eastern,Garissa,Dertu,10358,0.28,39.8,cereals and tubers,Rice (aromatic),894,KG,actual,Retail,KES,167,1.3
2024-09-15,North Eastern,Garissa,Dertu,10358,0.28,39.8,cereals and tubers,Wheat flour,58,KG,actual,Retail,KES,120,0.93
2024-09-15,North Eastern,Garissa,Dertu,10358,0.28,39.8,miscellaneous food,Salt,185,200 G,actual,Retail,KES,10,0.078
2024-09-15,North Eastern,Garissa,Dertu,10358,0.28,39.8,miscellaneous food,Sugar,97,KG,actual,Retail,KES,145,1.13
2024-09-15,North Eastern,Garissa,Dertu,10358,0.28,39.8,oil and fats,"Oil (vegetable, fortified)",494,L,actual,Retail,KES,293,2.28
2024-09-15,North Eastern,Garissa,Dertu,10358,0.28,39.8,pulses and nuts,Beans,50,KG,actual,Retail,KES,170,1.32
2024-09-15,North Eastern,Garissa,Hagadera (Daadab),3254,0.01,40.37,cereals and tubers,"Maize (white, dry)",440,KG,actual,Retail,KES,58,0.45
2024-09-15,North Eastern,Garissa,Hagadera (Daadab),3254,0.01,40.37,cereals and tubers,Maize flour (white),134,KG,actual,Retail,KES,92,0.71
2024-09-15,North Eastern,Garissa,Hagadera (Daadab),3254,0.01,40.37,cereals and tubers,Rice (aromatic),894,KG,actual,Retail,KES,100,0.78
2024-09-15,North Eastern,Garissa,Hagadera (Daadab),3254,0.01,40.37,milk and dairy,"Milk (cow, pasteurized)",472,L,actual,Retail,KES,180,1.4
2024-09-15,North Eastern,Garissa,Hagadera (Daadab),3254,0.01,40.37,oil and fats,"Oil (vegetable, fortified)",494,L,actual,Retail,KES,250,1.94
2024-09-15,North Eastern,Garissa,Hagadera (Daadab),3254,0.01,40.37,pulses and nuts,Beans,50,KG,actual,Retail,KES,124,0.96
2024-09-15,North Eastern,Garissa,Hagadera (Daadab),3254,0.01,40.37,pulses and nuts,Cowpeas (dry),901,KG,actual,Retail,KES,124,0.96
2024-09-15,North Eastern,Garissa,Hagadera (Daadab),3254,0.01,40.37,vegetables and fruits,Kale,796,KG,actual,Retail,KES,88,0.68
2024-09-15,North Eastern,Garissa,IFO (Daadab),3255,0.11,40.32,cereals and tubers,"Maize (white, dry)",440,KG,actual,Retail,KES,52,0.4
2024-09-15,North Eastern,Garissa,IFO (Daadab),3255,0.11,40.32,cereals and tubers,Maize flour (white),134,KG,actual,Retail,KES,85,0.66
2024-09-15,North Eastern,Garissa,IFO (Daadab),3255,0.11,40.32,cereals and tubers,Rice (aromatic),894,KG,actual,Retail,KES,100,0.78
2024-09-15,North Eastern,Garissa,IFO (Daadab),3255,0.11,40.32,milk and dairy,"Milk (cow, pasteurized)",472,L,actual,Retail,KES,180,1.4
2024-09-15,North Eastern,Garissa,IFO (Daadab),3255,0.11,40.32,oil and fats,"Oil (vegetable, fortified)",494,L,actual,Retail,KES,265,2.06
2024-09-15,North Eastern,Garissa,IFO (Daadab),3255,0.11,40.32,pulses and nuts,Beans,50,KG,actual,Retail,KES,140,1.09
2024-09-15,North Eastern,Garissa,IFO (Daadab),3255,0.11,40.32,pulses and nuts,Cowpeas (dry),901,KG,actual,Retail,KES,120,0.93
2024-09-15,North Eastern,Garissa,IFO (Daadab),3255,0.11,40.32,vegetables and fruits,Kale,796,KG,actual,Retail,KES,100,0.78
2024-09-15,North Eastern,Garissa,Jarajara,10352,-0.04,39.01,cereals and tubers,"Maize (white, dry)",440,KG,actual,Retail,KES,107,0.83
2024-09-15,North Eastern,Garissa,Jarajara,10352,-0.04,39.01,cereals and tubers,Maize flour (white),134,KG,actual,Retail,KES,93,0.72
2024-09-15,North Eastern,Garissa,Jarajara,10352,-0.04,39.01,cereals and tubers,Rice (aromatic),894,KG,actual,Retail,KES,167,1.3
2024-09-15,North Eastern,Garissa,Jarajara,10352,-0.04,39.01,cereals and tubers,Wheat flour,58,KG,actual,Retail,KES,107,0.83
2024-09-15,North Eastern,Garissa,Jarajara,10352,-0.04,39.01,milk and dairy,"Milk (cow, pasteurized)",472,L,actual,Retail,KES,70,0.54
2024-09-15,North Eastern,Garissa,Jarajara,10352,-0.04,39.01,miscellaneous food,Salt,185,200 G,actual,Retail,KES,10,0.078
2024-09-15,North Eastern,Garissa,Jarajara,10352,-0.04,39.01,miscellaneous food,Sugar,97,KG,actual,Retail,KES,130,1.01
2024-09-15,North Eastern,Garissa,Jarajara,10352,-0.04,39.01,oil and fats,"Oil (vegetable, fortified)",494,L,actual,Retail,KES,287,2.23
2024-09-15,North Eastern,Garissa,Jarajara,10352,-0.04,39.01,pulses and nuts,Beans,50,KG,actual,Retail,KES,170,1.32
2024-09-15,North Eastern,Garissa,Mathaxgesi,10356,0.16,40.43,cereals and tubers,Maize flour (white),134,KG,actual,Retail,KES,110,0.85
2024-09-15,North Eastern,Garissa,Mathaxgesi,10356,0.16,40.43,cereals and tubers,Rice (aromatic),894,KG,actual,Retail,KES,161,1.25
2024-09-15,North Eastern,Garissa,Mathaxgesi,10356,0.16,40.43,cereals and tubers,Wheat flour,58,KG,actual,Retail,KES,120,0.93
2024-09-15,North Eastern,Garissa,Mathaxgesi,10356,0.16,40.43,milk and dairy,"Milk (cow, pasteurized)",472,L,actual,Retail,KES,151,1.17
2024-09-15,North Eastern,Garissa,Mathaxgesi,10356,0.16,40.43,miscellaneous food,Salt,185,200 G,actual,Retail,KES,12,0.093
2024-09-15,North Eastern,Garissa,Mathaxgesi,10356,0.16,40.43,miscellaneous food,Sugar,97,KG,actual,Retail,KES,147,1.14
2024-09-15,North Eastern,Garissa,Mathaxgesi,10356,0.16,40.43,oil and fats,"Oil (vegetable, fortified)",494,L,actual,Retail,KES,320,2.49
2024-09-15,North Eastern,Garissa,Mathaxgesi,10356,0.16,40.43,pulses and nuts,Beans,50,KG,actual,Retail,KES,190,1.48
2024-09-15,North Eastern,Garissa,Nanigi,10361,-0.85,39.87,cereals and tubers,Rice (aromatic),894,KG,actual,Retail,KES,168,1.3
2024-09-15,North Eastern,Garissa,Nanigi,10361,-0.85,39.87,cereals and tubers,Wheat flour,58,KG,actual,Retail,KES,113,0.88
2024-09-15,North Eastern,Garissa,Nanigi,10361,-0.85,39.87,milk and dairy,"Milk (cow, pasteurized)",472,L,actual,Retail,KES,60,0.47
2024-09-15,North Eastern,Garissa,Nanigi,10361,-0.85,39.87,miscellaneous food,Salt,185,200 G,actual,Retail,KES,10,0.078
2024-09-15,North Eastern,Garissa,Nanigi,10361,-0.85,39.87,miscellaneous food,Sugar,97,KG,actual,Retail,KES,145,1.13
2024-09-15,North Eastern,Garissa,Nanigi,10361,-0.85,39.87,oil and fats,"Oil (vegetable, fortified)",494,L,actual,Retail,KES,290,2.25
2024-09-15,North Eastern,Garissa,Nanigi,10361,-0.85,39.87,pulses and nuts,Beans,50,KG,actual,Retail,KES,167,1.3
2024-09-15,North Eastern,Garissa,Saretho,10357,-0.03,40.13,cereals and tubers,"Maize (white, dry)",440,KG,actual,Retail,KES,100,0.78
2024-09-15,North Eastern,Garissa,Saretho,10357,-0.03,40.13,cereals and tubers,Maize flour (white),134,KG,actual,Retail,KES,110,0.85
2024-09-15,North Eastern,Garissa,Saretho,10357,-0.03,40.13,cereals and tubers,Rice (aromatic),894,KG,actual,Retail,KES,153,1.19
2024-09-15,North Eastern,Garissa,Saretho,10357,-0.03,40.13,cereals and tubers,Wheat flour,58,KG,actual,Retail,KES,113,0.88
2024-09-15,North Eastern,Garissa,Saretho,10357,-0.03,40.13,milk and dairy,"Milk (cow, pasteurized)",472,L,actual,Retail,KES,121,0.94
2024-09-15,North Eastern,Garissa,Saretho,10357,-0.03,40.13,miscellaneous food,Salt,185,200 G,actual,Retail,KES,11,0.085
2024-09-15,North Eastern,Garissa,Saretho,10357,-0.03,40.13,miscellaneous food,Sugar,97,KG,actual,Retail,KES,157,1.22
2024-09-15,North Eastern,Garissa,Saretho,10357,-0.03,40.13,oil and fats,"Oil (vegetable, fortified)",494,L,actual,Retail,KES,250,1.94
2024-09-15,North Eastern,Garissa,Saretho,10357,-0.03,40.13,pulses and nuts,Beans,50,KG,actual,Retail,KES,174,1.35
2024-09-15,North Eastern,Garissa,Shanta Abak,10369,0.46,39.74,cereals and tubers,"Maize (white, dry)",440,KG,actual,Retail,KES,110,0.85
2024-09-15,North Eastern,Garissa,Shanta Abak,10369,0.46,39.74,cereals and tubers,Maize flour (white),134,KG,actual,Retail,KES,100,0.78
2024-09-15,North Eastern,Garissa,Shanta Abak,10369,0.46,39.74,cereals and tubers,Rice (aromatic),894,KG,actual,Retail,KES,170,1.32
2024-09-15,North Eastern,Garissa,Shanta Abak,10369,0.46,39.74,cereals and tubers,Wheat flour,58,KG,actual,Retail,KES,120,0.93
2024-09-15,North Eastern,Garissa,Shanta Abak,10369,0.46,39.74,milk and dairy,"Milk (cow, pasteurized)",472,L,actual,Retail,KES,70,0.54
2024-09-15,North Eastern,Garissa,Shanta Abak,10369,0.46,39.74,miscellaneous food,Salt,185,200 G,actual,Retail,KES,10,0.078
2024-09-15,North Eastern,Garissa,Shanta Abak,10369,0.46,39.74,miscellaneous food,Sugar,97,KG,actual,Retail,KES,145,1.13
2024-09-15,North Eastern,Garissa,Shanta Abak,10369,0.46,39.74,oil and fats,"Oil (vegetable, fortified)",494,L,actual,Retail,KES,295,2.29
2024-09-15,North Eastern,Garissa,Shanta Abak,10369,0.46,39.74,pulses and nuts,Beans,50,KG,actual,Retail,KES,163,1.27
2024-09-15,North Eastern,Ijara,Hara (Garissa),10363,-1.85,40.23,cereals and tubers,Maize flour (white),134,KG,actual,Retail,KES,130,1.01
2024-09-15,North Eastern,Ijara,Hara (Garissa),10363,-1.85,40.23,cereals and tubers,Rice (aromatic),894,KG,actual,Retail,KES,133,1.03
2024-09-15,North Eastern,Ijara,Hara (Garissa),10363,-1.85,40.23,cereals and tubers,Wheat flour,58,KG,actual,Retail,KES,130,1.01
2024-09-15,North Eastern,Ijara,Hara (Garissa),10363,-1.85,40.23,miscellaneous food,Sugar,97,KG,actual,Retail,KES,137,1.06
2024-09-15,North Eastern,Ijara,Hara (Garissa),10363,-1.85,40.23,pulses and nuts,Beans,50,KG,actual,Retail,KES,188,1.46
2024-09-15,North Eastern,Ijara,Kotile,10365,-1.97,40.21,cereals and tubers,Maize flour (white),134,KG,actual,Retail,KES,80,0.62
2024-09-15,North Eastern,Ijara,Kotile,10365,-1.97,40.21,cereals and tubers,Rice (aromatic),894,KG,actual,Retail,KES,165,1.28
2024-09-15,North Eastern,Ijara,Kotile,10365,-1.97,40.21,cereals and tubers,Wheat flour,58,KG,actual,Retail,KES,95,0.74
2024-09-15,North Eastern,Ijara,Kotile,10365,-1.97,40.21,miscellaneous food,Sugar,97,KG,actual,Retail,KES,125,0.97
2024-09-15,North Eastern,Ijara,Kotile,10365,-1.97,40.21,pulses and nuts,Beans,50,KG,actual,Retail,KES,143,1.11
2024-09-15,North Eastern,Mandera,Alungu,10393,3.05,41.06,cereals and tubers,"Maize (white, dry)",440,KG,actual,Retail,KES,80,0.62
2024-09-15,North Eastern,Mandera,Alungu,10393,3.05,41.06,cereals and tubers,Maize flour (white),134,KG,actual,Retail,KES,120,0.93
2024-09-15,North Eastern,Mandera,Alungu,10393,3.05,41.06,cereals and tubers,Rice (aromatic),894,KG,actual,Retail,KES,153,1.19
2024-09-15,North Eastern,Mandera,Alungu,10393,3.05,41.06,cereals and tubers,Wheat flour,58,KG,actual,Retail,KES,120,0.93
2024-09-15,North Eastern,Mandera,Alungu,10393,3.05,41.06,milk and dairy,"Milk (cow, pasteurized)",472,L,actual,Retail,KES,100,0.78
2024-09-15,North Eastern,Mandera,Alungu,10393,3.05,41.06,miscellaneous food,Salt,185,200 G,actual,Retail,KES,12,0.093
2024-09-15,North Eastern,Mandera,Alungu,10393,3.05,41.06,miscellaneous food,Sugar,97,KG,actual,Retail,KES,167,1.3
2024-09-15,North Eastern,Mandera,Alungu,10393,3.05,41.06,oil and fats,"Oil (vegetable, fortified)",494,L,actual,Retail,KES,230,1.79
2024-09-15,North Eastern,Mandera,Alungu,10393,3.05,41.06,pulses and nuts,Beans,50,KG,actual,Retail,KES,213,1.65
2024-09-15,North Eastern,Mandera,Alungu,10393,3.05,41.06,pulses and nuts,Cowpeas (dry),901,KG,actual,Retail,KES,200,1.55
2024-09-15,North Eastern,Mandera,Mandera,189,3.94,41.86,cereals and tubers,"Maize (white, dry)",440,KG,actual,Retail,KES,100,0.78
2024-09-15,North Eastern,Mandera,Mandera,189,3.94,41.86,cereals and tubers,Maize flour (white),134,KG,actual,Retail,KES,130,1.01
2024-09-15,North Eastern,Mandera,Mandera,189,3.94,41.86,cereals and tubers,Rice (aromatic),894,KG,actual,Retail,KES,245,1.9
2024-09-15,North Eastern,Mandera,Mandera,189,3.94,41.86,cereals and tubers,Wheat flour,58,KG,actual,Retail,KES,100,0.78
2024-09-15,North Eastern,Mandera,Mandera,189,3.94,41.86,milk and dairy,"Milk (cow, pasteurized)",472,L,actual,Retail,KES,100,0.78
2024-09-15,North Eastern,Mandera,Mandera,189,3.94,41.86,miscellaneous food,Salt,185,200 G,actual,Retail,KES,15,0.12
2024-09-15,North Eastern,Mandera,Mandera,189,3.94,41.86,miscellaneous food,Sugar,97,KG,actual,Retail,KES,190,1.48
2024-09-15,North Eastern,Mandera,Mandera,189,3.94,41.86,oil and fats,"Oil (vegetable, fortified)",494,L,actual,Retail,KES,120,0.93
2024-09-15,North Eastern,Mandera,Mandera,189,3.94,41.86,pulses and nuts,Beans,50,KG,actual,Retail,KES,120,0.93
2024-09-15,North Eastern,Mandera,Mandera,189,3.94,41.86,vegetables and fruits,Kale,796,KG,actual,Retail,KES,150,1.17
2024-09-15,North Eastern,Mandera,Mandera,189,3.94,41.86,vegetables and fruits,Spinach,404,KG,actual,Retail,KES,100,0.78
2024-09-15,North Eastern,Mandera,Warankara,10395,3.41,41.01,cereals and tubers,"Maize (white, dry)",440,KG,actual,Retail,KES,80,0.62
2024-09-15,North Eastern,Mandera,Warankara,10395,3.41,41.01,cereals and tubers,Maize flour (white),134,KG,actual,Retail,KES,100,0.78
2024-09-15,North Eastern,Mandera,Warankara,10395,3.41,41.01,cereals and tubers,Rice (aromatic),894,KG,actual,Retail,KES,150,1.17
2024-09-15,North Eastern,Mandera,Warankara,10395,3.41,41.01,cereals and tubers,Wheat flour,58,KG,actual,Retail,KES,100,0.78
2024-09-15,North Eastern,Mandera,Warankara,10395,3.41,41.01,milk and dairy,"Milk (cow, pasteurized)",472,L,actual,Retail,KES,100,0.78
2024-09-15,North Eastern,Mandera,Warankara,10395,3.41,41.01,miscellaneous food,Salt,185,200 G,actual,Retail,KES,10,0.078
2024-09-15,North Eastern,Mandera,Warankara,10395,3.41,41.01,miscellaneous food,Sugar,97,KG,actual,Retail,KES,150,1.17
2024-09-15,North Eastern,Mandera,Warankara,10395,3.41,41.01,oil and fats,"Oil (vegetable, fortified)",494,L,actual,Retail,KES,230,1.79
2024-09-15,North Eastern,Mandera,Warankara,10395,3.41,41.01,pulses and nuts,Beans,50,KG,actual,Retail,KES,200,1.55
2024-09-15,North Eastern,Mandera,Warankara,10395,3.41,41.01,pulses and nuts,Cowpeas (dry),901,KG,actual,Retail,KES,200,1.55
2024-09-15,North Eastern,Wajir,Buna,6648,2.79,39.5,cereals and tubers,Maize flour (white),134,KG,actual,Retail,KES,107,0.83
2024-09-15,North Eastern,Wajir,Buna,6648,2.79,39.5,cereals and tubers,Rice (aromatic),894,KG,actual,Retail,KES,165,1.28
2024-09-15,North Eastern,Wajir,Buna,6648,2.79,39.5,cereals and tubers,Wheat flour,58,KG,actual,Retail,KES,100,0.78
2024-09-15,North Eastern,Wajir,Buna,6648,2.79,39.5,milk and dairy,"Milk (cow, pasteurized)",472,L,actual,Retail,KES,75,0.58
2024-09-15,North Eastern,Wajir,Buna,6648,2.79,39.5,miscellaneous food,Salt,185,200 G,actual,Retail,KES,10,0.078
2024-09-15,North Eastern,Wajir,Buna,6648,2.79,39.5,miscellaneous food,Sugar,97,KG,actual,Retail,KES,147,1.14
2024-09-15,North Eastern,Wajir,Buna,6648,2.79,39.5,pulses and nuts,Beans,50,KG,actual,Retail,KES,190,1.48
2024-09-15,North Eastern,Wajir,Buna,6648,2.79,39.5,pulses and nuts,Cowpeas (dry),901,KG,actual,Retail,KES,200,1.55
2024-09-15,North Eastern,Wajir,Bute,6650,3.36,39.42,cereals and tubers,"Maize (white, dry)",440,KG,actual,Retail,KES,100,0.78
2024-09-15,North Eastern,Wajir,Bute,6650,3.36,39.42,cereals and tubers,Maize flour (white),134,KG,actual,Retail,KES,113,0.88
2024-09-15,North Eastern,Wajir,Bute,6650,3.36,39.42,cereals and tubers,Rice (aromatic),894,KG,actual,Retail,KES,200,1.55
2024-09-15,North Eastern,Wajir,Bute,6650,3.36,39.42,milk and dairy,"Milk (cow, pasteurized)",472,L,actual,Retail,KES,80,0.62
2024-09-15,North Eastern,Wajir,Bute,6650,3.36,39.42,miscellaneous food,Sugar,97,KG,actual,Retail,KES,160,1.24
2024-09-15,North Eastern,Wajir,Bute,6650,3.36,39.42,pulses and nuts,Cowpeas (dry),901,KG,actual,Retail,KES,100,0.78
2024-09-15,North Eastern,Wajir,Eldas,6645,2.49,39.57,cereals and tubers,"Maize (white, dry)",440,KG,actual,Retail,KES,100,0.78
2024-09-15,North Eastern,Wajir,Eldas,6645,2.49,39.57,cereals and tubers,Maize flour (white),134,KG,actual,Retail,KES,105,0.82
2024-09-15,North Eastern,Wajir,Eldas,6645,2.49,39.57,cereals and tubers,Rice (aromatic),894,KG,actual,Retail,KES,160,1.24
2024-09-15,North Eastern,Wajir,Eldas,6645,2.49,39.57,cereals and tubers,Wheat flour,58,KG,actual,Retail,KES,105,0.82
2024-09-15,North Eastern,Wajir,Eldas,6645,2.49,39.57,milk and dairy,"Milk (cow, pasteurized)",472,L,actual,Retail,KES,160,1.24
2024-09-15,North Eastern,Wajir,Eldas,6645,2.49,39.57,miscellaneous food,Salt,185,200 G,actual,Retail,KES,10,0.078
2024-09-15,North Eastern,Wajir,Eldas,6645,2.49,39.57,miscellaneous food,Sugar,97,KG,actual,Retail,KES,148,1.15
2024-09-15,North Eastern,Wajir,Eldas,6645,2.49,39.57,pulses and nuts,Beans,50,KG,actual,Retail,KES,188,1.46
2024-09-15,North Eastern,Wajir,Griftu,6644,2,39.75,cereals and tubers,"Maize (white, dry)",440,KG,actual,Retail,KES,70,0.54
2024-09-15,North Eastern,Wajir,Griftu,6644,2,39.75,cereals and tubers,Maize flour (white),134,KG,actual,Retail,KES,100,0.78
2024-09-15,North Eastern,Wajir,Griftu,6644,2,39.75,cereals and tubers,Rice (aromatic),894,KG,actual,Retail,KES,195,1.51
2024-09-15,North Eastern,Wajir,Griftu,6644,2,39.75,cereals and tubers,Wheat flour,58,KG,actual,Retail,KES,120,0.93
2024-09-15,North Eastern,Wajir,Griftu,6644,2,39.75,milk and dairy,"Milk (cow, pasteurized)",472,L,actual,Retail,KES,160,1.24
2024-09-15,North Eastern,Wajir,Griftu,6644,2,39.75,miscellaneous food,Salt,185,200 G,actual,Retail,KES,14,0.11
2024-09-15,North Eastern,Wajir,Griftu,6644,2,39.75,miscellaneous food,Sugar,97,KG,actual,Retail,KES,145,1.13
2024-09-15,North Eastern,Wajir,Griftu,6644,2,39.75,oil and fats,"Oil (vegetable, fortified)",494,L,actual,Retail,KES,300,2.33
2024-09-15,North Eastern,Wajir,Griftu,6644,2,39.75,pulses and nuts,Beans,50,KG,actual,Retail,KES,130,1.01
2024-09-15,North Eastern,Wajir,Griftu,6644,2,39.75,pulses and nuts,Cowpeas (dry),901,KG,actual,Retail,KES,200,1.55
2024-09-15,North Eastern,Wajir,Griftu,6644,2,39.75,pulses and nuts,Pigeon peas (dry),937,KG,actual,Retail,KES,200,1.55
2024-09-15,North Eastern,Wajir,Griftu,6644,2,39.75,vegetables and fruits,Kale,796,KG,actual,Retail,KES,70,0.54
2024-09-15,North Eastern,Wajir,Griftu,6644,2,39.75,vegetables and fruits,Spinach,404,KG,actual,Retail,KES,70,0.54
2024-09-15,North Eastern,Wajir,Habaswein,6651,1.02,39.49,cereals and tubers,"Maize (white, dry)",440,KG,actual,Retail,KES,80,0.62
2024-09-15,North Eastern,Wajir,Habaswein,6651,1.02,39.49,cereals and tubers,Maize flour (white),134,KG,actual,Retail,KES,133,1.03
2024-09-15,North Eastern,Wajir,Habaswein,6651,1.02,39.49,cereals and tubers,Rice (aromatic),894,KG,actual,Retail,KES,207,1.61
2024-09-15,North Eastern,Wajir,Habaswein,6651,1.02,39.49,cereals and tubers,Wheat flour,58,KG,actual,Retail,KES,133,1.03
2024-09-15,North Eastern,Wajir,Habaswein,6651,1.02,39.49,milk and dairy,"Milk (cow, pasteurized)",472,L,actual,Retail,KES,133,1.03
2024-09-15,North Eastern,Wajir,Habaswein,6651,1.02,39.49,miscellaneous food,Salt,185,200 G,actual,Retail,KES,10,0.078
2024-09-15,North Eastern,Wajir,Habaswein,6651,1.02,39.49,miscellaneous food,Sugar,97,KG,actual,Retail,KES,153,1.19
2024-09-15,North Eastern,Wajir,Habaswein,6651,1.02,39.49,oil and fats,"Oil (vegetable, fortified)",494,L,actual,Retail,KES,353,2.74
2024-09-15,North Eastern,Wajir,Habaswein,6651,1.02,39.49,pulses and nuts,Beans,50,KG,actual,Retail,KES,163,1.27
2024-09-15,North Eastern,Wajir,Habaswein,6651,1.02,39.49,pulses and nuts,Cowpeas (dry),901,KG,actual,Retail,KES,120,0.93
2024-09-15,North Eastern,Wajir,Habaswein,6651,1.02,39.49,pulses and nuts,Pigeon peas (dry),937,KG,actual,Retail,KES,123,0.96
2024-09-15,North Eastern,Wajir,Habaswein,6651,1.02,39.49,vegetables and fruits,Kale,796,KG,actual,Retail,KES,100,0.78
2024-09-15,North Eastern,Wajir,Habaswein,6651,1.02,39.49,vegetables and fruits,Spinach,404,KG,actual,Retail,KES,107,0.83
2024-09-15,North Eastern,Wajir,Hadado,6656,1.53,39.43,cereals and tubers,Maize flour (white),134,KG,actual,Retail,KES,120,0.93
2024-09-15,North Eastern,Wajir,Hadado,6656,1.53,39.43,cereals and tubers,Rice (aromatic),894,KG,actual,Retail,KES,207,1.61
2024-09-15,North Eastern,Wajir,Hadado,6656,1.53,39.43,cereals and tubers,Wheat flour,58,KG,actual,Retail,KES,133,1.03
2024-09-15,North Eastern,Wajir,Hadado,6656,1.53,39.43,milk and dairy,"Milk (cow, pasteurized)",472,L,actual,Retail,KES,77,0.6
2024-09-15,North Eastern,Wajir,Hadado,6656,1.53,39.43,miscellaneous food,Salt,185,200 G,actual,Retail,KES,17,0.13
2024-09-15,North Eastern,Wajir,Hadado,6656,1.53,39.43,miscellaneous food,Sugar,97,KG,actual,Retail,KES,150,1.17
2024-09-15,North Eastern,Wajir,Hadado,6656,1.53,39.43,oil and fats,"Oil (vegetable, fortified)",494,L,actual,Retail,KES,317,2.46
2024-09-15,North Eastern,Wajir,Hadado,6656,1.53,39.43,pulses and nuts,Cowpeas (dry),901,KG,actual,Retail,KES,117,0.91
2024-09-15,North Eastern,Wajir,Hadado,6656,1.53,39.43,pulses and nuts,Pigeon peas (dry),937,KG,actual,Retail,KES,125,0.97
2024-09-15,North Eastern,Wajir,Hadado,6656,1.53,39.43,vegetables and fruits,Kale,796,KG,actual,Retail,KES,95,0.74
2024-09-15,North Eastern,Wajir,Hadado,6656,1.53,39.43,vegetables and fruits,Spinach,404,KG,actual,Retail,KES,100,0.78
2024-09-15,North Eastern,Wajir,Lagbogol,6655,1.29,39.84,cereals and tubers,Maize flour (white),134,KG,actual,Retail,KES,123,0.96
2024-09-15,North Eastern,Wajir,Lagbogol,6655,1.29,39.84,cereals and tubers,Rice (aromatic),894,KG,actual,Retail,KES,173,1.34
2024-09-15,North Eastern,Wajir,Lagbogol,6655,1.29,39.84,cereals and tubers,Wheat flour,58,KG,actual,Retail,KES,137,1.06
2024-09-15,North Eastern,Wajir,Lagbogol,6655,1.29,39.84,milk and dairy,"Milk (cow, pasteurized)",472,L,actual,Retail,KES,93,0.72
2024-09-15,North Eastern,Wajir,Lagbogol,6655,1.29,39.84,miscellaneous food,Salt,185,200 G,actual,Retail,KES,10,0.078
2024-09-15,North Eastern,Wajir,Lagbogol,6655,1.29,39.84,miscellaneous food,Sugar,97,KG,actual,Retail,KES,157,1.22
2024-09-15,North Eastern,Wajir,Lagbogol,6655,1.29,39.84,oil and fats,"Oil (vegetable, fortified)",494,L,actual,Retail,KES,343,2.66
2024-09-15,North Eastern,Wajir,Lagbogol,6655,1.29,39.84,pulses and nuts,Cowpeas (dry),901,KG,actual,Retail,KES,113,0.88
2024-09-15,North Eastern,Wajir,Lagbogol,6655,1.29,39.84,pulses and nuts,Pigeon peas (dry),937,KG,actual,Retail,KES,115,0.89
2024-09-15,North Eastern,Wajir,Lagbogol,6655,1.29,39.84,vegetables and fruits,Kale,796,KG,actual,Retail,KES,97,0.75
2024-09-15,North Eastern,Wajir,Lagbogol,6655,1.29,39.84,vegetables and fruits,Spinach,404,KG,actual,Retail,KES,97,0.75
2024-09-15,North Eastern,Wajir,Tarbaj,6647,2.21,40.12,cereals and tubers,"Maize (white, dry)",440,KG,actual,Retail,KES,120,0.93
2024-09-15,North Eastern,Wajir,Tarbaj,6647,2.21,40.12,cereals and tubers,Maize flour (white),134,KG,actual,Retail,KES,120,0.93
2024-09-15,North Eastern,Wajir,Tarbaj,6647,2.21,40.12,cereals and tubers,Rice (aromatic),894,KG,actual,Retail,KES,150,1.17
2024-09-15,North Eastern,Wajir,Tarbaj,6647,2.21,40.12,cereals and tubers,Wheat flour,58,KG,actual,Retail,KES,120,0.93
2024-09-15,North Eastern,Wajir,Tarbaj,6647,2.21,40.12,milk and dairy,"Milk (cow, pasteurized)",472,L,actual,Retail,KES,200,1.55
2024-09-15,North Eastern,Wajir,Tarbaj,6647,2.21,40.12,miscellaneous food,Salt,185,200 G,actual,Retail,KES,10,0.078
2024-09-15,North Eastern,Wajir,Tarbaj,6647,2.21,40.12,miscellaneous food,Sugar,97,KG,actual,Retail,KES,150,1.17
2024-09-15,North Eastern,Wajir,Tarbaj,6647,2.21,40.12,oil and fats,"Oil (vegetable, fortified)",494,L,actual,Retail,KES,350,2.72
2024-09-15,North Eastern,Wajir,Tarbaj,6647,2.21,40.12,pulses and nuts,Beans,50,KG,actual,Retail,KES,145,1.13
2024-09-15,North Eastern,Wajir,Tarbaj,6647,2.21,40.12,vegetables and fruits,Kale,796,KG,actual,Retail,KES,100,0.78
2024-09-15,North Eastern,Wajir,Tarbaj,6647,2.21,40.12,vegetables and fruits,Spinach,404,KG,actual,Retail,KES,120,0.93
2024-09-15,Rift Valley,Samburu,Archers Post,10421,0.64,37.67,cereals and tubers,"Maize (white, dry)",440,KG,actual,Retail,KES,50,0.39
2024-09-15,Rift Valley,Samburu,Archers Post,10421,0.64,37.67,cereals and tubers,Maize flour (white),134,KG,actual,Retail,KES,77,0.6
2024-09-15,Rift Valley,Samburu,Archers Post,10421,0.64,37.67,cereals and tubers,Rice (aromatic),894,KG,actual,Retail,KES,123,0.96
2024-09-15,Rift Valley,Samburu,Archers Post,10421,0.64,37.67,cereals and tubers,Wheat flour,58,KG,actual,Retail,KES,100,0.78
2024-09-15,Rift Valley,Samburu,Archers Post,10421,0.64,37.67,milk and dairy,"Milk (cow, pasteurized)",472,L,actual,Retail,KES,130,1.01
2024-09-15,Rift Valley,Samburu,Archers Post,10421,0.64,37.67,miscellaneous food,Salt,185,200 G,actual,Retail,KES,10,0.078
2024-09-15,Rift Valley,Samburu,Archers Post,10421,0.64,37.67,miscellaneous food,Sugar,97,KG,actual,Retail,KES,122,0.95
2024-09-15,Rift Valley,Samburu,Archers Post,10421,0.64,37.67,oil and fats,"Oil (vegetable, fortified)",494,L,actual,Retail,KES,243,1.89
2024-09-15,Rift Valley,Samburu,Archers Post,10421,0.64,37.67,pulses and nuts,Beans,50,KG,actual,Retail,KES,103,0.8
2024-09-15,Rift Valley,Samburu,Archers Post,10421,0.64,37.67,pulses and nuts,Pigeon peas (dry),937,KG,actual,Retail,KES,164,1.27
2024-09-15,Rift Valley,Samburu,Archers Post,10421,0.64,37.67,vegetables and fruits,Kale,796,KG,actual,Retail,KES,52,0.4
2024-09-15,Rift Valley,Samburu,Archers Post,10421,0.64,37.67,vegetables and fruits,Spinach,404,KG,actual,Retail,KES,51,0.4
2024-09-15,Rift Valley,Samburu,Baragoi,10426,1.65,37.03,cereals and tubers,"Maize (white, dry)",440,KG,actual,Retail,KES,45,0.35
2024-09-15,Rift Valley,Samburu,Baragoi,10426,1.65,37.03,cereals and tubers,Maize flour (white),134,KG,actual,Retail,KES,46,0.36
2024-09-15,Rift Valley,Samburu,Baragoi,10426,1.65,37.03,cereals and tubers,Rice (aromatic),894,KG,actual,Retail,KES,107,0.83
2024-09-15,Rift Valley,Samburu,Baragoi,10426,1.65,37.03,cereals and tubers,Wheat flour,58,KG,actual,Retail,KES,98,0.76
2024-09-15,Rift Valley,Samburu,Baragoi,10426,1.65,37.03,milk and dairy,"Milk (cow, pasteurized)",472,L,actual,Retail,KES,104,0.81
2024-09-15,Rift Valley,Samburu,Baragoi,10426,1.65,37.03,miscellaneous food,Salt,185,200 G,actual,Retail,KES,10,0.078
2024-09-15,Rift Valley,Samburu,Baragoi,10426,1.65,37.03,miscellaneous food,Sugar,97,KG,actual,Retail,KES,123,0.96
2024-09-15,Rift Valley,Samburu,Baragoi,10426,1.65,37.03,oil and fats,"Oil (vegetable, fortified)",494,L,actual,Retail,KES,288,2.24
2024-09-15,Rift Valley,Samburu,Baragoi,10426,1.65,37.03,pulses and nuts,Beans,50,KG,actual,Retail,KES,91,0.71
2024-09-15,Rift Valley,Samburu,Baragoi,10426,1.65,37.03,pulses and nuts,Cowpeas (dry),901,KG,actual,Retail,KES,171,1.33
2024-09-15,Rift Valley,Samburu,Baragoi,10426,1.65,37.03,pulses and nuts,Pigeon peas (dry),937,KG,actual,Retail,KES,207,1.61
2024-09-15,Rift Valley,Samburu,Baragoi,10426,1.65,37.03,vegetables and fruits,Kale,796,KG,actual,Retail,KES,50,0.39
2024-09-15,Rift Valley,Samburu,Baragoi,10426,1.65,37.03,vegetables and fruits,Spinach,404,KG,actual,Retail,KES,50,0.39
2024-09-15,Rift Valley,Samburu,Lodungokwe,10423,0.87,37,cereals and tubers,"Maize (white, dry)",440,KG,actual,Retail,KES,50,0.39
2024-09-15,Rift Valley,Samburu,Lodungokwe,10423,0.87,37,cereals and tubers,Maize flour (white),134,KG,actual,Retail,KES,80,0.62
2024-09-15,Rift Valley,Samburu,Lodungokwe,10423,0.87,37,cereals and tubers,Rice (aromatic),894,KG,actual,Retail,KES,130,1.01
2024-09-15,Rift Valley,Samburu,Lodungokwe,10423,0.87,37,cereals and tubers,Wheat flour,58,KG,actual,Retail,KES,105,0.82
2024-09-15,Rift Valley,Samburu,Lodungokwe,10423,0.87,37,miscellaneous food,Sugar,97,KG,actual,Retail,KES,140,1.09
2024-09-15,Rift Valley,Samburu,Lodungokwe,10423,0.87,37,oil and fats,"Oil (vegetable, fortified)",494,L,actual,Retail,KES,267,2.07
2024-09-15,Rift Valley,Samburu,Lodungokwe,10423,0.87,37,pulses and nuts,Beans,50,KG,actual,Retail,KES,143,1.11
2024-09-15,Rift Valley,Samburu,Lolkuniyani,4531,1.06,37.23,cereals and tubers,"Maize (white, dry)",440,KG,actual,Retail,KES,50,0.39
2024-09-15,Rift Valley,Samburu,Lolkuniyani,4531,1.06,37.23,cereals and tubers,Maize flour (white),134,KG,actual,Retail,KES,70,0.54
2024-09-15,Rift Valley,Samburu,Lolkuniyani,4531,1.06,37.23,cereals and tubers,Rice (aromatic),894,KG,actual,Retail,KES,130,1.01
2024-09-15,Rift Valley,Samburu,Lolkuniyani,4531,1.06,37.23,cereals and tubers,Wheat flour,58,KG,actual,Retail,KES,103,0.8
2024-09-15,Rift Valley,Samburu,Lolkuniyani,4531,1.06,37.23,miscellaneous food,Salt,185,200 G,actual,Retail,KES,10,0.078
2024-09-15,Rift Valley,Samburu,Lolkuniyani,4531,1.06,37.23,miscellaneous food,Sugar,97,KG,actual,Retail,KES,135,1.05
2024-09-15,Rift Valley,Samburu,Lolkuniyani,4531,1.06,37.23,vegetables and fruits,Spinach,404,KG,actual,Retail,KES,50,0.39
2024-09-15,Rift Valley,Samburu,Lpus,4525,0.89,37.06,cereals and tubers,Maize flour (white),134,KG,actual,Retail,KES,80,0.62
2024-09-15,Rift Valley,Samburu,Lpus,4525,0.89,37.06,cereals and tubers,Rice (aromatic),894,KG,actual,Retail,KES,150,1.17
2024-09-15,Rift Valley,Samburu,Lpus,4525,0.89,37.06,cereals and tubers,Wheat flour,58,KG,actual,Retail,KES,120,0.93
2024-09-15,Rift Valley,Samburu,Lpus,4525,0.89,37.06,milk and dairy,"Milk (cow, pasteurized)",472,L,actual,Retail,KES,160,1.24
2024-09-15,Rift Valley,Samburu,Lpus,4525,0.89,37.06,miscellaneous food,Salt,185,200 G,actual,Retail,KES,10,0.078
2024-09-15,Rift Valley,Samburu,Lpus,4525,0.89,37.06,miscellaneous food,Sugar,97,KG,actual,Retail,KES,150,1.17
2024-09-15,Rift Valley,Samburu,Maralal,4533,1.1,36.7,cereals and tubers,"Maize (white, dry)",440,KG,actual,Retail,KES,50,0.39
2024-09-15,Rift Valley,Samburu,Maralal,4533,1.1,36.7,cereals and tubers,Maize flour (white),134,KG,actual,Retail,KES,58,0.45
2024-09-15,Rift Valley,Samburu,Maralal,4533,1.1,36.7,cereals and tubers,Rice (aromatic),894,KG,actual,Retail,KES,119,0.92
2024-09-15,Rift Valley,Samburu,Maralal,4533,1.1,36.7,cereals and tubers,Wheat flour,58,KG,actual,Retail,KES,106,0.82
2024-09-15,Rift Valley,Samburu,Maralal,4533,1.1,36.7,milk and dairy,"Milk (cow, pasteurized)",472,L,actual,Retail,KES,120,0.93
2024-09-15,Rift Valley,Samburu,Maralal,4533,1.1,36.7,miscellaneous food,Salt,185,200 G,actual,Retail,KES,11,0.085
2024-09-15,Rift Valley,Samburu,Maralal,4533,1.1,36.7,miscellaneous food,Sugar,97,KG,actual,Retail,KES,130,1.01
2024-09-15,Rift Valley,Samburu,Maralal,4533,1.1,36.7,oil and fats,"Oil (vegetable, fortified)",494,L,actual,Retail,KES,257,2
2024-09-15,Rift Valley,Samburu,Maralal,4533,1.1,36.7,pulses and nuts,Cowpeas (dry),901,KG,actual,Retail,KES,160,1.24
2024-09-15,Rift Valley,Samburu,Maralal,4533,1.1,36.7,pulses and nuts,Pigeon peas (dry),937,KG,actual,Retail,KES,138,1.07
2024-09-15,Rift Valley,Samburu,Maralal,4533,1.1,36.7,vegetables and fruits,Spinach,404,KG,actual,Retail,KES,50,0.39
2024-09-15,Rift Valley,Samburu,Masikita,10430,1.61,36.95,cereals and tubers,"Maize (white, dry)",440,KG,actual,Retail,KES,50,0.39
2024-09-15,Rift Valley,Samburu,Masikita,10430,1.61,36.95,cereals and tubers,Maize flour (white),134,KG,actual,Retail,KES,65,0.5
2024-09-15,Rift Valley,Samburu,Masikita,10430,1.61,36.95,cereals and tubers,Rice (aromatic),894,KG,actual,Retail,KES,160,1.24
2024-09-15,Rift Valley,Samburu,Masikita,10430,1.61,36.95,cereals and tubers,Wheat flour,58,KG,actual,Retail,KES,120,0.93
2024-09-15,Rift Valley,Samburu,Masikita,10430,1.61,36.95,miscellaneous food,Salt,185,200 G,actual,Retail,KES,19,0.15
2024-09-15,Rift Valley,Samburu,Masikita,10430,1.61,36.95,miscellaneous food,Sugar,97,KG,actual,Retail,KES,155,1.2
2024-09-15,Rift Valley,Samburu,Masikita,10430,1.61,36.95,oil and fats,"Oil (vegetable, fortified)",494,L,actual,Retail,KES,260,2.02
2024-09-15,Rift Valley,Samburu,Masikita,10430,1.61,36.95,pulses and nuts,Beans,50,KG,actual,Retail,KES,160,1.24
2024-09-15,Rift Valley,Samburu,Nachola,10431,1.8,36.7,cereals and tubers,"Maize (white, dry)",440,KG,actual,Retail,KES,52,0.4
2024-09-15,Rift Valley,Samburu,Nachola,10431,1.8,36.7,cereals and tubers,Maize flour (white),134,KG,actual,Retail,KES,50,0.39
2024-09-15,Rift Valley,Samburu,Nachola,10431,1.8,36.7,cereals and tubers,Rice (aromatic),894,KG,actual,Retail,KES,139,1.08
2024-09-15,Rift Valley,Samburu,Nachola,10431,1.8,36.7,cereals and tubers,Wheat flour,58,KG,actual,Retail,KES,119,0.92
2024-09-15,Rift Valley,Samburu,Nachola,10431,1.8,36.7,milk and dairy,"Milk (cow, pasteurized)",472,L,actual,Retail,KES,149,1.16
2024-09-15,Rift Valley,Samburu,Nachola,10431,1.8,36.7,miscellaneous food,Salt,185,200 G,actual,Retail,KES,10,0.078
2024-09-15,Rift Valley,Samburu,Nachola,10431,1.8,36.7,miscellaneous food,Sugar,97,KG,actual,Retail,KES,143,1.11
2024-09-15,Rift Valley,Samburu,Nachola,10431,1.8,36.7,oil and fats,"Oil (vegetable, fortified)",494,L,actual,Retail,KES,301,2.34
2024-09-15,Rift Valley,Samburu,Nachola,10431,1.8,36.7,pulses and nuts,Beans,50,KG,actual,Retail,KES,124,0.96
2024-09-15,Rift Valley,Samburu,Nachola,10431,1.8,36.7,pulses and nuts,Cowpeas (dry),901,KG,actual,Retail,KES,200,1.55
2024-09-15,Rift Valley,Samburu,Nachola,10431,1.8,36.7,vegetables and fruits,Kale,796,KG,actual,Retail,KES,50,0.39
2024-09-15,Rift Valley,Samburu,Nachola,10431,1.8,36.7,vegetables and fruits,Spinach,404,KG,actual,Retail,KES,50,0.39
2024-09-15,Rift Valley,Samburu,Ngurunit,10402,1.74,37.31,cereals and tubers,"Maize (white, dry)",440,KG,actual,Retail,KES,103,0.8
2024-09-15,Rift Valley,Samburu,Ngurunit,10402,1.74,37.31,cereals and tubers,Maize flour (white),134,KG,actual,Retail,KES,83,0.64
2024-09-15,Rift Valley,Samburu,Ngurunit,10402,1.74,37.31,cereals and tubers,Rice (aromatic),894,KG,actual,Retail,KES,150,1.17
2024-09-15,Rift Valley,Samburu,Ngurunit,10402,1.74,37.31,milk and dairy,"Milk (cow, pasteurized)",472,L,actual,Retail,KES,133,1.03
2024-09-15,Rift Valley,Samburu,Ngurunit,10402,1.74,37.31,miscellaneous food,Salt,185,200 G,actual,Retail,KES,10,0.078
2024-09-15,Rift Valley,Samburu,Ngurunit,10402,1.74,37.31,miscellaneous food,Sugar,97,KG,actual,Retail,KES,140,1.09
2024-09-15,Rift Valley,Samburu,Ngurunit,10402,1.74,37.31,oil and fats,"Oil (vegetable, fortified)",494,L,actual,Retail,KES,333,2.59
2024-09-15,Rift Valley,Samburu,Ngurunit,10402,1.74,37.31,pulses and nuts,Beans,50,KG,actual,Retail,KES,140,1.09
2024-09-15,Rift Valley,Samburu,Simale,10425,2.11,36.78,cereals and tubers,Maize flour (white),134,KG,actual,Retail,KES,70,0.54
2024-09-15,Rift Valley,Samburu,Simale,10425,2.11,36.78,cereals and tubers,Rice (aromatic),894,KG,actual,Retail,KES,160,1.24
2024-09-15,Rift Valley,Samburu,Simale,10425,2.11,36.78,cereals and tubers,Wheat flour,58,KG,actual,Retail,KES,160,1.24
2024-09-15,Rift Valley,Samburu,Simale,10425,2.11,36.78,miscellaneous food,Sugar,97,KG,actual,Retail,KES,170,1.32
2024-09-15,Rift Valley,Samburu,Simale,10425,2.11,36.78,oil and fats,"Oil (vegetable, fortified)",494,L,actual,Retail,KES,200,1.55
2024-09-15,Rift Valley,Samburu,Simale,10425,2.11,36.78,pulses and nuts,Beans,50,KG,actual,Retail,KES,160,1.24
2024-09-15,Rift Valley,Samburu,Suguta,4535,0.83,36.69,cereals and tubers,"Maize (white, dry)",440,KG,actual,Retail,KES,51,0.4
2024-09-15,Rift Valley,Samburu,Suguta,4535,0.83,36.69,cereals and tubers,Maize flour (white),134,KG,actual,Retail,KES,88,0.68
2024-09-15,Rift Valley,Samburu,Suguta,4535,0.83,36.69,cereals and tubers,Rice (aromatic),894,KG,actual,Retail,KES,134,1.04
2024-09-15,Rift Valley,Samburu,Suguta,4535,0.83,36.69,cereals and tubers,Wheat flour,58,KG,actual,Retail,KES,110,0.85
2024-09-15,Rift Valley,Samburu,Suguta,4535,0.83,36.69,milk and dairy,"Milk (cow, pasteurized)",472,L,actual,Retail,KES,122,0.95
2024-09-15,Rift Valley,Samburu,Suguta,4535,0.83,36.69,miscellaneous food,Salt,185,200 G,actual,Retail,KES,10,0.078
2024-09-15,Rift Valley,Samburu,Suguta,4535,0.83,36.69,miscellaneous food,Sugar,97,KG,actual,Retail,KES,130,1.01
2024-09-15,Rift Valley,Samburu,Suguta,4535,0.83,36.69,oil and fats,"Oil (vegetable, fortified)",494,L,actual,Retail,KES,271,2.1
2024-09-15,Rift Valley,Samburu,Suguta,4535,0.83,36.69,pulses and nuts,Cowpeas (dry),901,KG,actual,Retail,KES,160,1.24
2024-09-15,Rift Valley,Samburu,Wamba,4536,0.98,37.32,cereals and tubers,"Maize (white, dry)",440,KG,actual,Retail,KES,50,0.39
2024-09-15,Rift Valley,Samburu,Wamba,4536,0.98,37.32,cereals and tubers,Maize flour (white),134,KG,actual,Retail,KES,68,0.53
2024-09-15,Rift Valley,Samburu,Wamba,4536,0.98,37.32,cereals and tubers,Rice (aromatic),894,KG,actual,Retail,KES,122,0.95
2024-09-15,Rift Valley,Samburu,Wamba,4536,0.98,37.32,cereals and tubers,Wheat flour,58,KG,actual,Retail,KES,100,0.78
2024-09-15,Rift Valley,Samburu,Wamba,4536,0.98,37.32,milk and dairy,"Milk (cow, pasteurized)",472,L,actual,Retail,KES,120,0.93
2024-09-15,Rift Valley,Samburu,Wamba,4536,0.98,37.32,miscellaneous food,Salt,185,200 G,actual,Retail,KES,10,0.078
2024-09-15,Rift Valley,Samburu,Wamba,4536,0.98,37.32,miscellaneous food,Sugar,97,KG,actual,Retail,KES,122,0.95
2024-09-15,Rift Valley,Samburu,Wamba,4536,0.98,37.32,oil and fats,"Oil (vegetable, fortified)",494,L,actual,Retail,KES,294,2.28
2024-09-15,Rift Valley,Samburu,Wamba,4536,0.98,37.32,pulses and nuts,Beans,50,KG,actual,Retail,KES,120,0.93
2024-09-15,Rift Valley,Samburu,Wamba,4536,0.98,37.32,pulses and nuts,Cowpeas (dry),901,KG,actual,Retail,KES,200,1.55
2024-09-15,Rift Valley,Samburu,Wamba,4536,0.98,37.32,pulses and nuts,Pigeon peas (dry),937,KG,actual,Retail,KES,175,1.36
2024-09-15,Rift Valley,Samburu,Wamba,4536,0.98,37.32,vegetables and fruits,Spinach,404,KG,actual,Retail,KES,50,0.39
2024-09-15,Rift Valley,Turkana,Alemsekon,10457,3.53,34.82,cereals and tubers,"Maize (white, dry)",440,KG,actual,Retail,KES,92,0.71
2024-09-15,Rift Valley,Turkana,Alemsekon,10457,3.53,34.82,cereals and tubers,Maize flour (white),134,KG,actual,Retail,KES,100,0.78
2024-09-15,Rift Valley,Turkana,Alemsekon,10457,3.53,34.82,cereals and tubers,Rice (aromatic),894,KG,actual,Retail,KES,150,1.17
2024-09-15,Rift Valley,Turkana,Alemsekon,10457,3.53,34.82,cereals and tubers,Wheat flour,58,KG,actual,Retail,KES,100,0.78
2024-09-15,Rift Valley,Turkana,Alemsekon,10457,3.53,34.82,milk and dairy,"Milk (cow, pasteurized)",472,L,actual,Retail,KES,213,1.65
2024-09-15,Rift Valley,Turkana,Alemsekon,10457,3.53,34.82,miscellaneous food,Salt,185,200 G,actual,Retail,KES,18,0.14
2024-09-15,Rift Valley,Turkana,Alemsekon,10457,3.53,34.82,miscellaneous food,Sugar,97,KG,actual,Retail,KES,176,1.37
2024-09-15,Rift Valley,Turkana,Alemsekon,10457,3.53,34.82,oil and fats,"Oil (vegetable, fortified)",494,L,actual,Retail,KES,268,2.08
2024-09-15,Rift Valley,Turkana,Alemsekon,10457,3.53,34.82,pulses and nuts,Beans,50,KG,actual,Retail,KES,164,1.27
2024-09-15,Rift Valley,Turkana,Alemsekon,10457,3.53,34.82,pulses and nuts,Cowpeas (dry),901,KG,actual,Retail,KES,200,1.55
2024-09-15,Rift Valley,Turkana,Aposta,10460,4.06,34.52,cereals and tubers,"Maize (white, dry)",440,KG,actual,Retail,KES,104,0.81
2024-09-15,Rift Valley,Turkana,Aposta,10460,4.06,34.52,cereals and tubers,Maize flour (white),134,KG,actual,Retail,KES,100,0.78
2024-09-15,Rift Valley,Turkana,Aposta,10460,4.06,34.52,cereals and tubers,Rice (aromatic),894,KG,actual,Retail,KES,100,0.78
2024-09-15,Rift Valley,Turkana,Aposta,10460,4.06,34.52,cereals and tubers,Wheat flour,58,KG,actual,Retail,KES,107,0.83
2024-09-15,Rift Valley,Turkana,Aposta,10460,4.06,34.52,miscellaneous food,Salt,185,200 G,actual,Retail,KES,15,0.12
2024-09-15,Rift Valley,Turkana,Aposta,10460,4.06,34.52,miscellaneous food,Sugar,97,KG,actual,Retail,KES,180,1.4
2024-09-15,Rift Valley,Turkana,Aposta,10460,4.06,34.52,oil and fats,"Oil (vegetable, fortified)",494,L,actual,Retail,KES,267,2.07
2024-09-15,Rift Valley,Turkana,Aposta,10460,4.06,34.52,pulses and nuts,Beans,50,KG,actual,Retail,KES,140,1.09
2024-09-15,Rift Valley,Turkana,Elelea,10459,2.1,36.16,cereals and tubers,"Maize (white, dry)",440,KG,actual,Retail,KES,110,0.85
2024-09-15,Rift Valley,Turkana,Elelea,10459,2.1,36.16,cereals and tubers,Maize flour (white),134,KG,actual,Retail,KES,93,0.72
2024-09-15,Rift Valley,Turkana,Elelea,10459,2.1,36.16,cereals and tubers,Rice (aromatic),894,KG,actual,Retail,KES,158,1.23
2024-09-15,Rift Valley,Turkana,Elelea,10459,2.1,36.16,cereals and tubers,Wheat flour,58,KG,actual,Retail,KES,119,0.92
2024-09-15,Rift Valley,Turkana,Elelea,10459,2.1,36.16,milk and dairy,"Milk (cow, pasteurized)",472,L,actual,Retail,KES,200,1.55
2024-09-15,Rift Valley,Turkana,Elelea,10459,2.1,36.16,miscellaneous food,Salt,185,200 G,actual,Retail,KES,10,0.078
2024-09-15,Rift Valley,Turkana,Elelea,10459,2.1,36.16,miscellaneous food,Sugar,97,KG,actual,Retail,KES,170,1.32
2024-09-15,Rift Valley,Turkana,Elelea,10459,2.1,36.16,oil and fats,"Oil (vegetable, fortified)",494,L,actual,Retail,KES,275,2.14
2024-09-15,Rift Valley,Turkana,Elelea,10459,2.1,36.16,pulses and nuts,Beans,50,KG,actual,Retail,KES,160,1.24
2024-09-15,Rift Valley,Turkana,Eliye Centre,10458,3.24,36.02,cereals and tubers,"Maize (white, dry)",440,KG,actual,Retail,KES,90,0.7
2024-09-15,Rift Valley,Turkana,Eliye Centre,10458,3.24,36.02,cereals and tubers,Maize flour (white),134,KG,actual,Retail,KES,83,0.64
2024-09-15,Rift Valley,Turkana,Eliye Centre,10458,3.24,36.02,cereals and tubers,Rice (aromatic),894,KG,actual,Retail,KES,133,1.03
2024-09-15,Rift Valley,Turkana,Eliye Centre,10458,3.24,36.02,cereals and tubers,Wheat flour,58,KG,actual,Retail,KES,100,0.78
2024-09-15,Rift Valley,Turkana,Eliye Centre,10458,3.24,36.02,milk and dairy,"Milk (cow, pasteurized)",472,L,actual,Retail,KES,120,0.93
2024-09-15,Rift Valley,Turkana,Eliye Centre,10458,3.24,36.02,miscellaneous food,Salt,185,200 G,actual,Retail,KES,13,0.1
2024-09-15,Rift Valley,Turkana,Eliye Centre,10458,3.24,36.02,miscellaneous food,Sugar,97,KG,actual,Retail,KES,142,1.1
2024-09-15,Rift Valley,Turkana,Eliye Centre,10458,3.24,36.02,oil and fats,"Oil (vegetable, fortified)",494,L,actual,Retail,KES,247,1.92
2024-09-15,Rift Valley,Turkana,Eliye Centre,10458,3.24,36.02,pulses and nuts,Beans,50,KG,actual,Retail,KES,130,1.01
2024-09-15,Rift Valley,Turkana,Ethiopia (Kakuma),3253,3.72,34.85,cereals and tubers,"Maize (white, dry)",440,KG,actual,Retail,KES,70,0.54
2024-09-15,Rift Valley,Turkana,Ethiopia (Kakuma),3253,3.72,34.85,cereals and tubers,Maize flour (white),134,KG,actual,Retail,KES,77,0.6
2024-09-15,Rift Valley,Turkana,Ethiopia (Kakuma),3253,3.72,34.85,cereals and tubers,Rice (aromatic),894,KG,actual,Retail,KES,120,0.93
2024-09-15,Rift Valley,Turkana,Ethiopia (Kakuma),3253,3.72,34.85,milk and dairy,"Milk (cow, pasteurized)",472,L,actual,Retail,KES,80,0.62
2024-09-15,Rift Valley,Turkana,Ethiopia (Kakuma),3253,3.72,34.85,oil and fats,"Oil (vegetable, fortified)",494,L,actual,Retail,KES,250,1.94
2024-09-15,Rift Valley,Turkana,Ethiopia (Kakuma),3253,3.72,34.85,pulses and nuts,Cowpeas (dry),901,KG,actual,Retail,KES,143,1.11
2024-09-15,Rift Valley,Turkana,Ethiopia (Kakuma),3253,3.72,34.85,vegetables and fruits,Kale,796,KG,actual,Retail,KES,70,0.54
2024-09-15,Rift Valley,Turkana,HongKong (Kakuma),3250,3.75,34.84,cereals and tubers,"Maize (white, dry)",440,KG,actual,Retail,KES,57,0.44
2024-09-15,Rift Valley,Turkana,HongKong (Kakuma),3250,3.75,34.84,cereals and tubers,Maize flour (white),134,KG,actual,Retail,KES,83,0.64
2024-09-15,Rift Valley,Turkana,HongKong (Kakuma),3250,3.75,34.84,cereals and tubers,Rice (aromatic),894,KG,actual,Retail,KES,157,1.22
2024-09-15,Rift Valley,Turkana,HongKong (Kakuma),3250,3.75,34.84,milk and dairy,"Milk (cow, pasteurized)",472,L,actual,Retail,KES,100,0.78
2024-09-15,Rift Valley,Turkana,HongKong (Kakuma),3250,3.75,34.84,oil and fats,"Oil (vegetable, fortified)",494,L,actual,Retail,KES,283,2.2
2024-09-15,Rift Valley,Turkana,Kaeris,10464,3.98,35.48,cereals and tubers,"Maize (white, dry)",440,KG,actual,Retail,KES,106,0.82
2024-09-15,Rift Valley,Turkana,Kaeris,10464,3.98,35.48,cereals and tubers,Maize flour (white),134,KG,actual,Retail,KES,109,0.85
2024-09-15,Rift Valley,Turkana,Kaeris,10464,3.98,35.48,cereals and tubers,Rice (aromatic),894,KG,actual,Retail,KES,116,0.9
2024-09-15,Rift Valley,Turkana,Kaeris,10464,3.98,35.48,cereals and tubers,Wheat flour,58,KG,actual,Retail,KES,112,0.87
2024-09-15,Rift Valley,Turkana,Kaeris,10464,3.98,35.48,milk and dairy,"Milk (cow, pasteurized)",472,L,actual,Retail,KES,187,1.45
2024-09-15,Rift Valley,Turkana,Kaeris,10464,3.98,35.48,miscellaneous food,Salt,185,200 G,actual,Retail,KES,19,0.15
2024-09-15,Rift Valley,Turkana,Kaeris,10464,3.98,35.48,miscellaneous food,Sugar,97,KG,actual,Retail,KES,208,1.62
2024-09-15,Rift Valley,Turkana,Kaeris,10464,3.98,35.48,oil and fats,"Oil (vegetable, fortified)",494,L,actual,Retail,KES,266,2.07
2024-09-15,Rift Valley,Turkana,Kaeris,10464,3.98,35.48,pulses and nuts,Beans,50,KG,actual,Retail,KES,180,1.4
2024-09-15,Rift Valley,Turkana,Kaikor,6890,4.52,35.42,cereals and tubers,"Maize (white, dry)",440,KG,actual,Retail,KES,91.5,0.71
2024-09-15,Rift Valley,Turkana,Kaikor,6890,4.52,35.42,cereals and tubers,Maize flour (white),134,KG,actual,Retail,KES,105,0.82
2024-09-15,Rift Valley,Turkana,Kaikor,6890,4.52,35.42,cereals and tubers,Rice (aromatic),894,KG,actual,Retail,KES,133.5,1.04
2024-09-15,Rift Valley,Turkana,Kaikor,6890,4.52,35.42,cereals and tubers,Wheat flour,58,KG,actual,Retail,KES,110,0.85
2024-09-15,Rift Valley,Turkana,Kaikor,6890,4.52,35.42,milk and dairy,"Milk (cow, pasteurized)",472,L,actual,Retail,KES,200,1.55
2024-09-15,Rift Valley,Turkana,Kaikor,6890,4.52,35.42,miscellaneous food,Salt,185,200 G,actual,Retail,KES,20,0.16
2024-09-15,Rift Valley,Turkana,Kaikor,6890,4.52,35.42,oil and fats,"Oil (vegetable, fortified)",494,L,actual,Retail,KES,283.5,2.2
2024-09-15,Rift Valley,Turkana,Kaikor,6890,4.52,35.42,pulses and nuts,Beans,50,KG,actual,Retail,KES,120,0.93
2024-09-15,Rift Valley,Turkana,Kaikor,6890,4.52,35.42,pulses and nuts,Pigeon peas (dry),937,KG,actual,Retail,KES,200,1.55
2024-09-15,Rift Valley,Turkana,Kakuma 2,3248,3.75,34.82,cereals and tubers,"Maize (white, dry)",440,KG,actual,Retail,KES,53,0.41
2024-09-15,Rift Valley,Turkana,Kakuma 2,3248,3.75,34.82,cereals and tubers,Maize flour (white),134,KG,actual,Retail,KES,75,0.58
2024-09-15,Rift Valley,Turkana,Kakuma 2,3248,3.75,34.82,cereals and tubers,Rice (aromatic),894,KG,actual,Retail,KES,110,0.85
2024-09-15,Rift Valley,Turkana,Kakuma 2,3248,3.75,34.82,milk and dairy,"Milk (cow, pasteurized)",472,L,actual,Retail,KES,88,0.68
2024-09-15,Rift Valley,Turkana,Kakuma 2,3248,3.75,34.82,oil and fats,"Oil (vegetable, fortified)",494,L,actual,Retail,KES,252,1.96
2024-09-15,Rift Valley,Turkana,Kakuma 2,3248,3.75,34.82,pulses and nuts,Beans,50,KG,actual,Retail,KES,140,1.09
2024-09-15,Rift Valley,Turkana,Kakuma 2,3248,3.75,34.82,pulses and nuts,Cowpeas (dry),901,KG,actual,Retail,KES,133,1.03
2024-09-15,Rift Valley,Turkana,Kakuma 3,3251,3.77,34.82,cereals and tubers,"Maize (white, dry)",440,KG,actual,Retail,KES,56,0.43
2024-09-15,Rift Valley,Turkana,Kakuma 3,3251,3.77,34.82,cereals and tubers,Maize flour (white),134,KG,actual,Retail,KES,76,0.59
2024-09-15,Rift Valley,Turkana,Kakuma 3,3251,3.77,34.82,cereals and tubers,Rice (aromatic),894,KG,actual,Retail,KES,127,0.99
2024-09-15,Rift Valley,Turkana,Kakuma 3,3251,3.77,34.82,milk and dairy,"Milk (cow, pasteurized)",472,L,actual,Retail,KES,75,0.58
2024-09-15,Rift Valley,Turkana,Kakuma 3,3251,3.77,34.82,oil and fats,"Oil (vegetable, fortified)",494,L,actual,Retail,KES,270,2.1
2024-09-15,Rift Valley,Turkana,Kakuma 3,3251,3.77,34.82,pulses and nuts,Cowpeas (dry),901,KG,actual,Retail,KES,150,1.17
2024-09-15,Rift Valley,Turkana,Kakuma 3,3251,3.77,34.82,vegetables and fruits,Kale,796,KG,actual,Retail,KES,50,0.39
2024-09-15,Rift Valley,Turkana,Kakuma 4,3249,3.74,34.81,cereals and tubers,"Maize (white, dry)",440,KG,actual,Retail,KES,50,0.39
2024-09-15,Rift Valley,Turkana,Kakuma 4,3249,3.74,34.81,cereals and tubers,Maize flour (white),134,KG,actual,Retail,KES,77,0.6
2024-09-15,Rift Valley,Turkana,Kakuma 4,3249,3.74,34.81,cereals and tubers,Rice (aromatic),894,KG,actual,Retail,KES,124,0.96
2024-09-15,Rift Valley,Turkana,Kakuma 4,3249,3.74,34.81,milk and dairy,"Milk (cow, pasteurized)",472,L,actual,Retail,KES,87,0.68
2024-09-15,Rift Valley,Turkana,Kakuma 4,3249,3.74,34.81,oil and fats,"Oil (vegetable, fortified)",494,L,actual,Retail,KES,300,2.33
2024-09-15,Rift Valley,Turkana,Kakuma 4,3249,3.74,34.81,pulses and nuts,Beans,50,KG,actual,Retail,KES,150,1.17
2024-09-15,Rift Valley,Turkana,Kakuma town,3256,3.71,34.86,cereals and tubers,"Maize (white, dry)",440,KG,actual,Retail,KES,58,0.45
2024-09-15,Rift Valley,Turkana,Kakuma town,3256,3.71,34.86,cereals and tubers,Maize flour (white),134,KG,actual,Retail,KES,79,0.61
2024-09-15,Rift Valley,Turkana,Kakuma town,3256,3.71,34.86,cereals and tubers,Rice (aromatic),894,KG,actual,Retail,KES,134,1.04
2024-09-15,Rift Valley,Turkana,Kakuma town,3256,3.71,34.86,cereals and tubers,Wheat flour,58,KG,actual,Retail,KES,102,0.79
2024-09-15,Rift Valley,Turkana,Kakuma town,3256,3.71,34.86,milk and dairy,"Milk (cow, pasteurized)",472,L,actual,Retail,KES,166,1.29
2024-09-15,Rift Valley,Turkana,Kakuma town,3256,3.71,34.86,miscellaneous food,Salt,185,200 G,actual,Retail,KES,13,0.1
2024-09-15,Rift Valley,Turkana,Kakuma town,3256,3.71,34.86,miscellaneous food,Sugar,97,KG,actual,Retail,KES,149,1.16
2024-09-15,Rift Valley,Turkana,Kakuma town,3256,3.71,34.86,oil and fats,"Oil (vegetable, fortified)",494,L,actual,Retail,KES,257,2
2024-09-15,Rift Valley,Turkana,Kakuma town,3256,3.71,34.86,pulses and nuts,Beans,50,KG,actual,Retail,KES,126,0.98
2024-09-15,Rift Valley,Turkana,Kakuma town,3256,3.71,34.86,pulses and nuts,Cowpeas (dry),901,KG,actual,Retail,KES,200,1.55
2024-09-15,Rift Valley,Turkana,Kakuma town,3256,3.71,34.86,pulses and nuts,Pigeon peas (dry),937,KG,actual,Retail,KES,400,3.11
2024-09-15,Rift Valley,Turkana,Kakuma town,3256,3.71,34.86,vegetables and fruits,Kale,796,KG,actual,Retail,KES,80,0.62
2024-09-15,Rift Valley,Turkana,Kakuma town,3256,3.71,34.86,vegetables and fruits,Spinach,404,KG,actual,Retail,KES,80,0.62
2024-09-15,Rift Valley,Turkana,Kalemgorok,10465,2.14,35.5,cereals and tubers,"Maize (white, dry)",440,KG,actual,Retail,KES,75,0.58
2024-09-15,Rift Valley,Turkana,Kalemgorok,10465,2.14,35.5,cereals and tubers,Maize flour (white),134,KG,actual,Retail,KES,82,0.64
2024-09-15,Rift Valley,Turkana,Kalemgorok,10465,2.14,35.5,cereals and tubers,Rice (aromatic),894,KG,actual,Retail,KES,124,0.96
2024-09-15,Rift Valley,Turkana,Kalemgorok,10465,2.14,35.5,cereals and tubers,Wheat flour,58,KG,actual,Retail,KES,99,0.77
2024-09-15,Rift Valley,Turkana,Kalemgorok,10465,2.14,35.5,milk and dairy,"Milk (cow, pasteurized)",472,L,actual,Retail,KES,133,1.03
2024-09-15,Rift Valley,Turkana,Kalemgorok,10465,2.14,35.5,miscellaneous food,Salt,185,200 G,actual,Retail,KES,10,0.078
2024-09-15,Rift Valley,Turkana,Kalemgorok,10465,2.14,35.5,miscellaneous food,Sugar,97,KG,actual,Retail,KES,121,0.94
2024-09-15,Rift Valley,Turkana,Kalemgorok,10465,2.14,35.5,oil and fats,"Oil (vegetable, fortified)",494,L,actual,Retail,KES,304,2.36
2024-09-15,Rift Valley,Turkana,Kalemgorok,10465,2.14,35.5,pulses and nuts,Beans,50,KG,actual,Retail,KES,145,1.13
2024-09-15,Rift Valley,Turkana,Kalemgorok,10465,2.14,35.5,pulses and nuts,Cowpeas (dry),901,KG,actual,Retail,KES,200,1.55
2024-09-15,Rift Valley,Turkana,Kalemunyang,6895,2.74,35.37,cereals and tubers,"Maize (white, dry)",440,KG,actual,Retail,KES,87,0.68
2024-09-15,Rift Valley,Turkana,Kalemunyang,6895,2.74,35.37,cereals and tubers,Maize flour (white),134,KG,actual,Retail,KES,93,0.72
2024-09-15,Rift Valley,Turkana,Kalemunyang,6895,2.74,35.37,cereals and tubers,Rice (aromatic),894,KG,actual,Retail,KES,146,1.13
2024-09-15,Rift Valley,Turkana,Kalemunyang,6895,2.74,35.37,cereals and tubers,Wheat flour,58,KG,actual,Retail,KES,105,0.82
2024-09-15,Rift Valley,Turkana,Kalemunyang,6895,2.74,35.37,milk and dairy,"Milk (cow, pasteurized)",472,L,actual,Retail,KES,175,1.36
2024-09-15,Rift Valley,Turkana,Kalemunyang,6895,2.74,35.37,miscellaneous food,Salt,185,200 G,actual,Retail,KES,17,0.13
2024-09-15,Rift Valley,Turkana,Kalemunyang,6895,2.74,35.37,miscellaneous food,Sugar,97,KG,actual,Retail,KES,177,1.37
2024-09-15,Rift Valley,Turkana,Kalemunyang,6895,2.74,35.37,oil and fats,"Oil (vegetable, fortified)",494,L,actual,Retail,KES,282,2.19
2024-09-15,Rift Valley,Turkana,Kalemunyang,6895,2.74,35.37,pulses and nuts,Beans,50,KG,actual,Retail,KES,174,1.35
2024-09-15,Rift Valley,Turkana,Kaleng,6887,4.37,35.55,cereals and tubers,Maize flour (white),134,KG,actual,Retail,KES,104,0.81
2024-09-15,Rift Valley,Turkana,Kaleng,6887,4.37,35.55,cereals and tubers,Rice (aromatic),894,KG,actual,Retail,KES,137,1.06
2024-09-15,Rift Valley,Turkana,Kaleng,6887,4.37,35.55,cereals and tubers,Wheat flour,58,KG,actual,Retail,KES,117,0.91
2024-09-15,Rift Valley,Turkana,Kaleng,6887,4.37,35.55,milk and dairy,"Milk (cow, pasteurized)",472,L,actual,Retail,KES,200,1.55
2024-09-15,Rift Valley,Turkana,Kaleng,6887,4.37,35.55,miscellaneous food,Salt,185,200 G,actual,Retail,KES,15,0.12
2024-09-15,Rift Valley,Turkana,Kaleng,6887,4.37,35.55,miscellaneous food,Sugar,97,KG,actual,Retail,KES,201,1.56
2024-09-15,Rift Valley,Turkana,Kaleng,6887,4.37,35.55,oil and fats,"Oil (vegetable, fortified)",494,L,actual,Retail,KES,302,2.35
2024-09-15,Rift Valley,Turkana,Kalobeyei (Village 1),3244,3.77,34.73,cereals and tubers,"Maize (white, dry)",440,KG,actual,Retail,KES,60,0.47
2024-09-15,Rift Valley,Turkana,Kalobeyei (Village 1),3244,3.77,34.73,cereals and tubers,Maize flour (white),134,KG,actual,Retail,KES,80,0.62
2024-09-15,Rift Valley,Turkana,Kalobeyei (Village 1),3244,3.77,34.73,cereals and tubers,Rice (aromatic),894,KG,actual,Retail,KES,130,1.01
2024-09-15,Rift Valley,Turkana,Kalobeyei (Village 1),3244,3.77,34.73,milk and dairy,"Milk (cow, pasteurized)",472,L,actual,Retail,KES,80,0.62
2024-09-15,Rift Valley,Turkana,Kalobeyei (Village 1),3244,3.77,34.73,oil and fats,"Oil (vegetable, fortified)",494,L,actual,Retail,KES,267,2.07
2024-09-15,Rift Valley,Turkana,Kalobeyei (Village 1),3244,3.77,34.73,pulses and nuts,Beans,50,KG,actual,Retail,KES,130,1.01
2024-09-15,Rift Valley,Turkana,Kalobeyei (Village 1),3244,3.77,34.73,vegetables and fruits,Kale,796,KG,actual,Retail,KES,80,0.62
2024-09-15,Rift Valley,Turkana,Kalobeyei (Village 2),3246,3.76,34.75,cereals and tubers,"Maize (white, dry)",440,KG,actual,Retail,KES,50,0.39
2024-09-15,Rift Valley,Turkana,Kalobeyei (Village 2),3246,3.76,34.75,cereals and tubers,Maize flour (white),134,KG,actual,Retail,KES,67,0.52
2024-09-15,Rift Valley,Turkana,Kalobeyei (Village 2),3246,3.76,34.75,cereals and tubers,Rice (aromatic),894,KG,actual,Retail,KES,117,0.91
2024-09-15,Rift Valley,Turkana,Kalobeyei (Village 2),3246,3.76,34.75,milk and dairy,"Milk (cow, pasteurized)",472,L,actual,Retail,KES,67,0.52
2024-09-15,Rift Valley,Turkana,Kalobeyei (Village 2),3246,3.76,34.75,oil and fats,"Oil (vegetable, fortified)",494,L,actual,Retail,KES,300,2.33
2024-09-15,Rift Valley,Turkana,Kalobeyei (Village 2),3246,3.76,34.75,pulses and nuts,Beans,50,KG,actual,Retail,KES,117,0.91
2024-09-15,Rift Valley,Turkana,Kalobeyei (Village 3),3247,3.75,34.76,cereals and tubers,"Maize (white, dry)",440,KG,actual,Retail,KES,33,0.26
2024-09-15,Rift Valley,Turkana,Kalobeyei (Village 3),3247,3.75,34.76,cereals and tubers,Maize flour (white),134,KG,actual,Retail,KES,73,0.57
2024-09-15,Rift Valley,Turkana,Kalobeyei (Village 3),3247,3.75,34.76,cereals and tubers,Rice (aromatic),894,KG,actual,Retail,KES,107,0.83
2024-09-15,Rift Valley,Turkana,Kalobeyei (Village 3),3247,3.75,34.76,milk and dairy,"Milk (cow, pasteurized)",472,L,actual,Retail,KES,75,0.58
2024-09-15,Rift Valley,Turkana,Kalobeyei (Village 3),3247,3.75,34.76,oil and fats,"Oil (vegetable, fortified)",494,L,actual,Retail,KES,350,2.72
2024-09-15,Rift Valley,Turkana,Kalobeyei (Village 3),3247,3.75,34.76,pulses and nuts,Beans,50,KG,actual,Retail,KES,113,0.88
2024-09-15,Rift Valley,Turkana,Kalobeyei town,6109,3.77,34.62,cereals and tubers,"Maize (white, dry)",440,KG,actual,Retail,KES,92,0.71
2024-09-15,Rift Valley,Turkana,Kalobeyei town,6109,3.77,34.62,cereals and tubers,Maize flour (white),134,KG,actual,Retail,KES,100,0.78
2024-09-15,Rift Valley,Turkana,Kalobeyei town,6109,3.77,34.62,cereals and tubers,Rice (aromatic),894,KG,actual,Retail,KES,120,0.93
2024-09-15,Rift Valley,Turkana,Kalobeyei town,6109,3.77,34.62,cereals and tubers,Wheat flour,58,KG,actual,Retail,KES,101,0.78
2024-09-15,Rift Valley,Turkana,Kalobeyei town,6109,3.77,34.62,milk and dairy,"Milk (cow, pasteurized)",472,L,actual,Retail,KES,200,1.55
2024-09-15,Rift Valley,Turkana,Kalobeyei town,6109,3.77,34.62,miscellaneous food,Salt,185,200 G,actual,Retail,KES,15,0.12
2024-09-15,Rift Valley,Turkana,Kalobeyei town,6109,3.77,34.62,miscellaneous food,Sugar,97,KG,actual,Retail,KES,189,1.47
2024-09-15,Rift Valley,Turkana,Kalobeyei town,6109,3.77,34.62,oil and fats,"Oil (vegetable, fortified)",494,L,actual,Retail,KES,250,1.94
2024-09-15,Rift Valley,Turkana,Kalobeyei town,6109,3.77,34.62,pulses and nuts,Cowpeas (dry),901,KG,actual,Retail,KES,200,1.55
2024-09-15,Rift Valley,Turkana,Kalobeyei town,6109,3.77,34.62,pulses and nuts,Pigeon peas (dry),937,KG,actual,Retail,KES,140,1.09
2024-09-15,Rift Valley,Turkana,Kalobeyei town,6109,3.77,34.62,vegetables and fruits,Kale,796,KG,actual,Retail,KES,120,0.93
2024-09-15,Rift Valley,Turkana,Kalokol,3258,3.54,35.86,cereals and tubers,"Maize (white, dry)",440,KG,actual,Retail,KES,91,0.71
2024-09-15,Rift Valley,Turkana,Kalokol,3258,3.54,35.86,cereals and tubers,Maize flour (white),134,KG,actual,Retail,KES,90,0.7
2024-09-15,Rift Valley,Turkana,Kalokol,3258,3.54,35.86,cereals and tubers,Rice (aromatic),894,KG,actual,Retail,KES,129,1
2024-09-15,Rift Valley,Turkana,Kalokol,3258,3.54,35.86,cereals and tubers,Wheat flour,58,KG,actual,Retail,KES,106,0.82
2024-09-15,Rift Valley,Turkana,Kalokol,3258,3.54,35.86,milk and dairy,"Milk (cow, pasteurized)",472,L,actual,Retail,KES,167,1.3
2024-09-15,Rift Valley,Turkana,Kalokol,3258,3.54,35.86,miscellaneous food,Salt,185,200 G,actual,Retail,KES,13,0.1
2024-09-15,Rift Valley,Turkana,Kalokol,3258,3.54,35.86,miscellaneous food,Sugar,97,KG,actual,Retail,KES,151,1.17
2024-09-15,Rift Valley,Turkana,Kalokol,3258,3.54,35.86,oil and fats,"Oil (vegetable, fortified)",494,L,actual,Retail,KES,260,2.02
2024-09-15,Rift Valley,Turkana,Kalokol,3258,3.54,35.86,pulses and nuts,Cowpeas (dry),901,KG,actual,Retail,KES,150,1.17
2024-09-15,Rift Valley,Turkana,Kang'akipur,10466,2.38,36.04,cereals and tubers,"Maize (white, dry)",440,KG,actual,Retail,KES,100,0.78
2024-09-15,Rift Valley,Turkana,Kang'akipur,10466,2.38,36.04,cereals and tubers,Maize flour (white),134,KG,actual,Retail,KES,104,0.81
2024-09-15,Rift Valley,Turkana,Kang'akipur,10466,2.38,36.04,cereals and tubers,Rice (aromatic),894,KG,actual,Retail,KES,200,1.55
2024-09-15,Rift Valley,Turkana,Kang'akipur,10466,2.38,36.04,cereals and tubers,Wheat flour,58,KG,actual,Retail,KES,136,1.06
2024-09-15,Rift Valley,Turkana,Kang'akipur,10466,2.38,36.04,milk and dairy,"Milk (cow, pasteurized)",472,L,actual,Retail,KES,200,1.55
2024-09-15,Rift Valley,Turkana,Kang'akipur,10466,2.38,36.04,miscellaneous food,Salt,185,200 G,actual,Retail,KES,12,0.093
2024-09-15,Rift Valley,Turkana,Kang'akipur,10466,2.38,36.04,miscellaneous food,Sugar,97,KG,actual,Retail,KES,200,1.55
2024-09-15,Rift Valley,Turkana,Kang'akipur,10466,2.38,36.04,oil and fats,"Oil (vegetable, fortified)",494,L,actual,Retail,KES,275,2.14
2024-09-15,Rift Valley,Turkana,Kang'akipur,10466,2.38,36.04,pulses and nuts,Beans,50,KG,actual,Retail,KES,188,1.46
2024-09-15,Rift Valley,Turkana,Kasuroi,10467,2.48,35.66,cereals and tubers,"Maize (white, dry)",440,KG,actual,Retail,KES,83,0.64
2024-09-15,Rift Valley,Turkana,Kasuroi,10467,2.48,35.66,cereals and tubers,Maize flour (white),134,KG,actual,Retail,KES,103,0.8
2024-09-15,Rift Valley,Turkana,Kasuroi,10467,2.48,35.66,cereals and tubers,Rice (aromatic),894,KG,actual,Retail,KES,130,1.01
2024-09-15,Rift Valley,Turkana,Kasuroi,10467,2.48,35.66,cereals and tubers,Wheat flour,58,KG,actual,Retail,KES,126,0.98
2024-09-15,Rift Valley,Turkana,Kasuroi,10467,2.48,35.66,milk and dairy,"Milk (cow, pasteurized)",472,L,actual,Retail,KES,200,1.55
2024-09-15,Rift Valley,Turkana,Kasuroi,10467,2.48,35.66,miscellaneous food,Salt,185,200 G,actual,Retail,KES,11,0.085
2024-09-15,Rift Valley,Turkana,Kasuroi,10467,2.48,35.66,miscellaneous food,Sugar,97,KG,actual,Retail,KES,160,1.24
2024-09-15,Rift Valley,Turkana,Kasuroi,10467,2.48,35.66,oil and fats,"Oil (vegetable, fortified)",494,L,actual,Retail,KES,281,2.18
2024-09-15,Rift Valley,Turkana,Kasuroi,10467,2.48,35.66,pulses and nuts,Beans,50,KG,actual,Retail,KES,166,1.29
2024-09-15,Rift Valley,Turkana,Kataboi,10468,3.75,35.83,cereals and tubers,"Maize (white, dry)",440,KG,actual,Retail,KES,65,0.5
2024-09-15,Rift Valley,Turkana,Kataboi,10468,3.75,35.83,cereals and tubers,Maize flour (white),134,KG,actual,Retail,KES,93,0.72
2024-09-15,Rift Valley,Turkana,Kataboi,10468,3.75,35.83,cereals and tubers,Rice (aromatic),894,KG,actual,Retail,KES,142,1.1
2024-09-15,Rift Valley,Turkana,Kataboi,10468,3.75,35.83,cereals and tubers,Wheat flour,58,KG,actual,Retail,KES,100,0.78
2024-09-15,Rift Valley,Turkana,Kataboi,10468,3.75,35.83,milk and dairy,"Milk (cow, pasteurized)",472,L,actual,Retail,KES,200,1.55
2024-09-15,Rift Valley,Turkana,Kataboi,10468,3.75,35.83,miscellaneous food,Salt,185,200 G,actual,Retail,KES,17,0.13
2024-09-15,Rift Valley,Turkana,Kataboi,10468,3.75,35.83,miscellaneous food,Sugar,97,KG,actual,Retail,KES,172,1.34
2024-09-15,Rift Valley,Turkana,Kataboi,10468,3.75,35.83,oil and fats,"Oil (vegetable, fortified)",494,L,actual,Retail,KES,250,1.94
2024-09-15,Rift Valley,Turkana,Kataboi,10468,3.75,35.83,pulses and nuts,Beans,50,KG,actual,Retail,KES,141,1.1
2024-09-15,Rift Valley,Turkana,Katilia,6898,2.14,36.14,cereals and tubers,"Maize (white, dry)",440,KG,actual,Retail,KES,110,0.85
2024-09-15,Rift Valley,Turkana,Katilia,6898,2.14,36.14,cereals and tubers,Maize flour (white),134,KG,actual,Retail,KES,100,0.78
2024-09-15,Rift Valley,Turkana,Katilia,6898,2.14,36.14,cereals and tubers,Rice (aromatic),894,KG,actual,Retail,KES,160,1.24
2024-09-15,Rift Valley,Turkana,Katilia,6898,2.14,36.14,cereals and tubers,Wheat flour,58,KG,actual,Retail,KES,116,0.9
2024-09-15,Rift Valley,Turkana,Katilia,6898,2.14,36.14,milk and dairy,"Milk (cow, pasteurized)",472,L,actual,Retail,KES,187,1.45
2024-09-15,Rift Valley,Turkana,Katilia,6898,2.14,36.14,miscellaneous food,Salt,185,200 G,actual,Retail,KES,10,0.078
2024-09-15,Rift Valley,Turkana,Katilia,6898,2.14,36.14,miscellaneous food,Sugar,97,KG,actual,Retail,KES,168,1.3
2024-09-15,Rift Valley,Turkana,Katilia,6898,2.14,36.14,oil and fats,"Oil (vegetable, fortified)",494,L,actual,Retail,KES,250,1.94
2024-09-15,Rift Valley,Turkana,Katilia,6898,2.14,36.14,pulses and nuts,Beans,50,KG,actual,Retail,KES,144,1.12
2024-09-15,Rift Valley,Turkana,Katilia,6898,2.14,36.14,pulses and nuts,Cowpeas (dry),901,KG,actual,Retail,KES,150,1.17
2024-09-15,Rift Valley,Turkana,Kibish,6904,4.57,35.31,cereals and tubers,"Maize (white, dry)",440,KG,actual,Retail,KES,100,0.78
2024-09-15,Rift Valley,Turkana,Kibish,6904,4.57,35.31,cereals and tubers,Maize flour (white),134,KG,actual,Retail,KES,105,0.82
2024-09-15,Rift Valley,Turkana,Kibish,6904,4.57,35.31,cereals and tubers,Rice (aromatic),894,KG,actual,Retail,KES,125,0.97
2024-09-15,Rift Valley,Turkana,Kibish,6904,4.57,35.31,cereals and tubers,Wheat flour,58,KG,actual,Retail,KES,130,1.01
2024-09-15,Rift Valley,Turkana,Kibish,6904,4.57,35.31,milk and dairy,"Milk (cow, pasteurized)",472,L,actual,Retail,KES,167,1.3
2024-09-15,Rift Valley,Turkana,Kibish,6904,4.57,35.31,miscellaneous food,Salt,185,200 G,actual,Retail,KES,20,0.16
2024-09-15,Rift Valley,Turkana,Kibish,6904,4.57,35.31,miscellaneous food,Sugar,97,KG,actual,Retail,KES,215,1.67
2024-09-15,Rift Valley,Turkana,Kibish,6904,4.57,35.31,oil and fats,"Oil (vegetable, fortified)",494,L,actual,Retail,KES,300,2.33
2024-09-15,Rift Valley,Turkana,Kibish,6904,4.57,35.31,pulses and nuts,Beans,50,KG,actual,Retail,KES,113,0.88
2024-09-15,Rift Valley,Turkana,Kokuro,10469,4.62,35.71,cereals and tubers,"Maize (white, dry)",440,KG,actual,Retail,KES,100,0.78
2024-09-15,Rift Valley,Turkana,Kokuro,10469,4.62,35.71,cereals and tubers,Maize flour (white),134,KG,actual,Retail,KES,100,0.78
2024-09-15,Rift Valley,Turkana,Kokuro,10469,4.62,35.71,cereals and tubers,Rice (aromatic),894,KG,actual,Retail,KES,145,1.13
2024-09-15,Rift Valley,Turkana,Kokuro,10469,4.62,35.71,cereals and tubers,Wheat flour,58,KG,actual,Retail,KES,105,0.82
2024-09-15,Rift Valley,Turkana,Kokuro,10469,4.62,35.71,milk and dairy,"Milk (cow, pasteurized)",472,L,actual,Retail,KES,150,1.17
2024-09-15,Rift Valley,Turkana,Kokuro,10469,4.62,35.71,miscellaneous food,Salt,185,200 G,actual,Retail,KES,20,0.16
2024-09-15,Rift Valley,Turkana,Kokuro,10469,4.62,35.71,miscellaneous food,Sugar,97,KG,actual,Retail,KES,200,1.55
2024-09-15,Rift Valley,Turkana,Kokuro,10469,4.62,35.71,oil and fats,"Oil (vegetable, fortified)",494,L,actual,Retail,KES,321,2.49
2024-09-15,Rift Valley,Turkana,Kokuro,10469,4.62,35.71,pulses and nuts,Beans,50,KG,actual,Retail,KES,150,1.17
2024-09-15,Rift Valley,Turkana,Letea,6903,3.52,35.75,cereals and tubers,"Maize (white, dry)",440,KG,actual,Retail,KES,80,0.62
2024-09-15,Rift Valley,Turkana,Letea,6903,3.52,35.75,cereals and tubers,Maize flour (white),134,KG,actual,Retail,KES,87,0.68
2024-09-15,Rift Valley,Turkana,Letea,6903,3.52,35.75,cereals and tubers,Wheat flour,58,KG,actual,Retail,KES,100,0.78
2024-09-15,Rift Valley,Turkana,Letea,6903,3.52,35.75,milk and dairy,"Milk (cow, pasteurized)",472,L,actual,Retail,KES,200,1.55
2024-09-15,Rift Valley,Turkana,Letea,6903,3.52,35.75,miscellaneous food,Salt,185,200 G,actual,Retail,KES,20,0.16
2024-09-15,Rift Valley,Turkana,Letea,6903,3.52,35.75,miscellaneous food,Sugar,97,KG,actual,Retail,KES,167,1.3
2024-09-15,Rift Valley,Turkana,Letea,6903,3.52,35.75,oil and fats,"Oil (vegetable, fortified)",494,L,actual,Retail,KES,280,2.17
2024-09-15,Rift Valley,Turkana,Letea,6903,3.52,35.75,pulses and nuts,Beans,50,KG,actual,Retail,KES,170,1.32
2024-09-15,Rift Valley,Turkana,Lodwar town,3360,3.12,35.6,cereals and tubers,"Maize (white, dry)",440,KG,actual,Retail,KES,70,0.54
2024-09-15,Rift Valley,Turkana,Lodwar town,3360,3.12,35.6,cereals and tubers,Maize flour (white),134,KG,actual,Retail,KES,92,0.71
2024-09-15,Rift Valley,Turkana,Lodwar town,3360,3.12,35.6,cereals and tubers,Rice (aromatic),894,KG,actual,Retail,KES,133,1.03
2024-09-15,Rift Valley,Turkana,Lodwar town,3360,3.12,35.6,cereals and tubers,Wheat flour,58,KG,actual,Retail,KES,117,0.91
2024-09-15,Rift Valley,Turkana,Lodwar town,3360,3.12,35.6,milk and dairy,"Milk (cow, pasteurized)",472,L,actual,Retail,KES,160,1.24
2024-09-15,Rift Valley,Turkana,Lodwar town,3360,3.12,35.6,miscellaneous food,Salt,185,200 G,actual,Retail,KES,18,0.14
2024-09-15,Rift Valley,Turkana,Lodwar town,3360,3.12,35.6,miscellaneous food,Sugar,97,KG,actual,Retail,KES,148,1.15
2024-09-15,Rift Valley,Turkana,Lodwar town,3360,3.12,35.6,oil and fats,"Oil (vegetable, fortified)",494,L,actual,Retail,KES,248,1.93
2024-09-15,Rift Valley,Turkana,Lokangae,10489,4.1,34.9,cereals and tubers,"Maize (white, dry)",440,KG,actual,Retail,KES,95,0.74
2024-09-15,Rift Valley,Turkana,Lokangae,10489,4.1,34.9,cereals and tubers,Maize flour (white),134,KG,actual,Retail,KES,100,0.78
2024-09-15,Rift Valley,Turkana,Lokangae,10489,4.1,34.9,cereals and tubers,Rice (aromatic),894,KG,actual,Retail,KES,147,1.14
2024-09-15,Rift Valley,Turkana,Lokangae,10489,4.1,34.9,cereals and tubers,Wheat flour,58,KG,actual,Retail,KES,106,0.82
2024-09-15,Rift Valley,Turkana,Lokangae,10489,4.1,34.9,milk and dairy,"Milk (cow, pasteurized)",472,L,actual,Retail,KES,200,1.55
2024-09-15,Rift Valley,Turkana,Lokangae,10489,4.1,34.9,miscellaneous food,Salt,185,200 G,actual,Retail,KES,14,0.11
2024-09-15,Rift Valley,Turkana,Lokangae,10489,4.1,34.9,miscellaneous food,Sugar,97,KG,actual,Retail,KES,205,1.59
2024-09-15,Rift Valley,Turkana,Lokangae,10489,4.1,34.9,oil and fats,"Oil (vegetable, fortified)",494,L,actual,Retail,KES,283,2.2
2024-09-15,Rift Valley,Turkana,Lokangae,10489,4.1,34.9,pulses and nuts,Beans,50,KG,actual,Retail,KES,183,1.42
2024-09-15,Rift Valley,Turkana,Lokapel,10490,2.37,35.42,cereals and tubers,"Maize (white, dry)",440,KG,actual,Retail,KES,74,0.57
2024-09-15,Rift Valley,Turkana,Lokapel,10490,2.37,35.42,cereals and tubers,Maize flour (white),134,KG,actual,Retail,KES,110,0.85
2024-09-15,Rift Valley,Turkana,Lokapel,10490,2.37,35.42,cereals and tubers,Rice (aromatic),894,KG,actual,Retail,KES,155,1.2
2024-09-15,Rift Valley,Turkana,Lokapel,10490,2.37,35.42,cereals and tubers,Wheat flour,58,KG,actual,Retail,KES,117,0.91
2024-09-15,Rift Valley,Turkana,Lokapel,10490,2.37,35.42,milk and dairy,"Milk (cow, pasteurized)",472,L,actual,Retail,KES,193,1.5
2024-09-15,Rift Valley,Turkana,Lokapel,10490,2.37,35.42,miscellaneous food,Salt,185,200 G,actual,Retail,KES,11,0.085
2024-09-15,Rift Valley,Turkana,Lokapel,10490,2.37,35.42,miscellaneous food,Sugar,97,KG,actual,Retail,KES,161,1.25
2024-09-15,Rift Valley,Turkana,Lokapel,10490,2.37,35.42,oil and fats,"Oil (vegetable, fortified)",494,L,actual,Retail,KES,330,2.56
2024-09-15,Rift Valley,Turkana,Lokapel,10490,2.37,35.42,pulses and nuts,Beans,50,KG,actual,Retail,KES,158,1.23
2024-09-15,Rift Valley,Turkana,Lokichar (Turkana),5894,2.38,35.65,cereals and tubers,Maize flour (white),134,KG,actual,Retail,KES,85,0.66
2024-09-15,Rift Valley,Turkana,Lokichar (Turkana),5894,2.38,35.65,cereals and tubers,Rice (aromatic),894,KG,actual,Retail,KES,120,0.93
2024-09-15,Rift Valley,Turkana,Lokichar (Turkana),5894,2.38,35.65,milk and dairy,"Milk (cow, pasteurized)",472,L,actual,Retail,KES,200,1.55
2024-09-15,Rift Valley,Turkana,Lokichar (Turkana),5894,2.38,35.65,miscellaneous food,Salt,185,200 G,actual,Retail,KES,10,0.078
2024-09-15,Rift Valley,Turkana,Lokichar (Turkana),5894,2.38,35.65,miscellaneous food,Sugar,97,KG,actual,Retail,KES,140,1.09
2024-09-15,Rift Valley,Turkana,Lokichar (Turkana),5894,2.38,35.65,oil and fats,"Oil (vegetable, fortified)",494,L,actual,Retail,KES,285,2.21
2024-09-15,Rift Valley,Turkana,Lokichar (Turkana),5894,2.38,35.65,pulses and nuts,Beans,50,KG,actual,Retail,KES,120,0.93
2024-09-15,Rift Valley,Turkana,Lokichoggio,6891,4.2,34.36,cereals and tubers,"Maize (white, dry)",440,KG,actual,Retail,KES,87,0.68
2024-09-15,Rift Valley,Turkana,Lokichoggio,6891,4.2,34.36,cereals and tubers,Maize flour (white),134,KG,actual,Retail,KES,80,0.62
2024-09-15,Rift Valley,Turkana,Lokichoggio,6891,4.2,34.36,cereals and tubers,Rice (aromatic),894,KG,actual,Retail,KES,112,0.87
2024-09-15,Rift Valley,Turkana,Lokichoggio,6891,4.2,34.36,cereals and tubers,Wheat flour,58,KG,actual,Retail,KES,93,0.72
2024-09-15,Rift Valley,Turkana,Lokichoggio,6891,4.2,34.36,milk and dairy,"Milk (cow, pasteurized)",472,L,actual,Retail,KES,144,1.12
2024-09-15,Rift Valley,Turkana,Lokichoggio,6891,4.2,34.36,miscellaneous food,Salt,185,200 G,actual,Retail,KES,15,0.12
2024-09-15,Rift Valley,Turkana,Lokichoggio,6891,4.2,34.36,oil and fats,"Oil (vegetable, fortified)",494,L,actual,Retail,KES,267,2.07
2024-09-15,Rift Valley,Turkana,Lokichoggio,6891,4.2,34.36,pulses and nuts,Beans,50,KG,actual,Retail,KES,118,0.92
2024-09-15,Rift Valley,Turkana,Lokichoggio,6891,4.2,34.36,vegetables and fruits,Kale,796,KG,actual,Retail,KES,100,0.78
2024-09-15,Rift Valley,Turkana,Lokichoggio,6891,4.2,34.36,vegetables and fruits,Spinach,404,KG,actual,Retail,KES,120,0.93
2024-09-15,Rift Valley,Turkana,Lokiriama,6893,2.76,34.88,cereals and tubers,"Maize (white, dry)",440,KG,actual,Retail,KES,103,0.8
2024-09-15,Rift Valley,Turkana,Lokiriama,6893,2.76,34.88,cereals and tubers,Maize flour (white),134,KG,actual,Retail,KES,94,0.73
2024-09-15,Rift Valley,Turkana,Lokiriama,6893,2.76,34.88,cereals and tubers,Rice (aromatic),894,KG,actual,Retail,KES,123,0.96
2024-09-15,Rift Valley,Turkana,Lokiriama,6893,2.76,34.88,cereals and tubers,Wheat flour,58,KG,actual,Retail,KES,103,0.8
2024-09-15,Rift Valley,Turkana,Lokiriama,6893,2.76,34.88,milk and dairy,"Milk (cow, pasteurized)",472,L,actual,Retail,KES,164,1.27
2024-09-15,Rift Valley,Turkana,Lokiriama,6893,2.76,34.88,miscellaneous food,Salt,185,200 G,actual,Retail,KES,18,0.14
2024-09-15,Rift Valley,Turkana,Lokiriama,6893,2.76,34.88,miscellaneous food,Sugar,97,KG,actual,Retail,KES,194,1.51
2024-09-15,Rift Valley,Turkana,Lokiriama,6893,2.76,34.88,oil and fats,"Oil (vegetable, fortified)",494,L,actual,Retail,KES,276,2.14
2024-09-15,Rift Valley,Turkana,Lokiriama,6893,2.76,34.88,pulses and nuts,Beans,50,KG,actual,Retail,KES,120,0.93
2024-09-15,Rift Valley,Turkana,Lokiriama,6893,2.76,34.88,pulses and nuts,Cowpeas (dry),901,KG,actual,Retail,KES,100,0.78
2024-09-15,Rift Valley,Turkana,Lokitaung,6902,4.27,35.75,cereals and tubers,"Maize (white, dry)",440,KG,actual,Retail,KES,75,0.58
2024-09-15,Rift Valley,Turkana,Lokitaung,6902,4.27,35.75,cereals and tubers,Maize flour (white),134,KG,actual,Retail,KES,100,0.78
2024-09-15,Rift Valley,Turkana,Lokitaung,6902,4.27,35.75,cereals and tubers,Rice (aromatic),894,KG,actual,Retail,KES,100,0.78
2024-09-15,Rift Valley,Turkana,Lokitaung,6902,4.27,35.75,cereals and tubers,Wheat flour,58,KG,actual,Retail,KES,100,0.78
2024-09-15,Rift Valley,Turkana,Lokitaung,6902,4.27,35.75,milk and dairy,"Milk (cow, pasteurized)",472,L,actual,Retail,KES,200,1.55
2024-09-15,Rift Valley,Turkana,Lokitaung,6902,4.27,35.75,miscellaneous food,Salt,185,200 G,actual,Retail,KES,12.5,0.097
2024-09-15,Rift Valley,Turkana,Lokitaung,6902,4.27,35.75,miscellaneous food,Sugar,97,KG,actual,Retail,KES,200,1.55
2024-09-15,Rift Valley,Turkana,Lokitaung,6902,4.27,35.75,oil and fats,"Oil (vegetable, fortified)",494,L,actual,Retail,KES,300,2.33
2024-09-15,Rift Valley,Turkana,Lokitaung,6902,4.27,35.75,pulses and nuts,Beans,50,KG,actual,Retail,KES,100,0.78
2024-09-15,Rift Valley,Turkana,Lokori,6897,1.95,36.03,cereals and tubers,"Maize (white, dry)",440,KG,actual,Retail,KES,105,0.82
2024-09-15,Rift Valley,Turkana,Lokori,6897,1.95,36.03,cereals and tubers,Maize flour (white),134,KG,actual,Retail,KES,98,0.76
2024-09-15,Rift Valley,Turkana,Lokori,6897,1.95,36.03,cereals and tubers,Rice (aromatic),894,KG,actual,Retail,KES,131,1.02
2024-09-15,Rift Valley,Turkana,Lokori,6897,1.95,36.03,cereals and tubers,Wheat flour,58,KG,actual,Retail,KES,107,0.83
2024-09-15,Rift Valley,Turkana,Lokori,6897,1.95,36.03,milk and dairy,"Milk (cow, pasteurized)",472,L,actual,Retail,KES,187,1.45
2024-09-15,Rift Valley,Turkana,Lokori,6897,1.95,36.03,miscellaneous food,Salt,185,200 G,actual,Retail,KES,10,0.078
2024-09-15,Rift Valley,Turkana,Lokori,6897,1.95,36.03,miscellaneous food,Sugar,97,KG,actual,Retail,KES,128,0.99
2024-09-15,Rift Valley,Turkana,Lokori,6897,1.95,36.03,oil and fats,"Oil (vegetable, fortified)",494,L,actual,Retail,KES,280,2.17
2024-09-15,Rift Valley,Turkana,Lokori,6897,1.95,36.03,pulses and nuts,Beans,50,KG,actual,Retail,KES,150,1.17
2024-09-15,Rift Valley,Turkana,Lokori,6897,1.95,36.03,pulses and nuts,Cowpeas (dry),901,KG,actual,Retail,KES,120,0.93
2024-09-15,Rift Valley,Turkana,Lokwii,10491,1.98,36.1,cereals and tubers,"Maize (white, dry)",440,KG,actual,Retail,KES,80,0.62
2024-09-15,Rift Valley,Turkana,Lokwii,10491,1.98,36.1,cereals and tubers,Maize flour (white),134,KG,actual,Retail,KES,100,0.78
2024-09-15,Rift Valley,Turkana,Lokwii,10491,1.98,36.1,cereals and tubers,Rice (aromatic),894,KG,actual,Retail,KES,127,0.99
2024-09-15,Rift Valley,Turkana,Lokwii,10491,1.98,36.1,cereals and tubers,Wheat flour,58,KG,actual,Retail,KES,120,0.93
2024-09-15,Rift Valley,Turkana,Lokwii,10491,1.98,36.1,milk and dairy,"Milk (cow, pasteurized)",472,L,actual,Retail,KES,150,1.17
2024-09-15,Rift Valley,Turkana,Lokwii,10491,1.98,36.1,miscellaneous food,Salt,185,200 G,actual,Retail,KES,10,0.078
2024-09-15,Rift Valley,Turkana,Lokwii,10491,1.98,36.1,miscellaneous food,Sugar,97,KG,actual,Retail,KES,143,1.11
2024-09-15,Rift Valley,Turkana,Lokwii,10491,1.98,36.1,oil and fats,"Oil (vegetable, fortified)",494,L,actual,Retail,KES,270,2.1
2024-09-15,Rift Valley,Turkana,Lokwii,10491,1.98,36.1,pulses and nuts,Beans,50,KG,actual,Retail,KES,130,1.01
2024-09-15,Rift Valley,Turkana,Lolupe,10492,3.54,35.25,cereals and tubers,"Maize (white, dry)",440,KG,actual,Retail,KES,87,0.68
2024-09-15,Rift Valley,Turkana,Lolupe,10492,3.54,35.25,cereals and tubers,Maize flour (white),134,KG,actual,Retail,KES,100,0.78
2024-09-15,Rift Valley,Turkana,Lolupe,10492,3.54,35.25,cereals and tubers,Rice (aromatic),894,KG,actual,Retail,KES,130,1.01
2024-09-15,Rift Valley,Turkana,Lolupe,10492,3.54,35.25,cereals and tubers,Wheat flour,58,KG,actual,Retail,KES,110,0.85
2024-09-15,Rift Valley,Turkana,Lolupe,10492,3.54,35.25,milk and dairy,"Milk (cow, pasteurized)",472,L,actual,Retail,KES,173,1.34
2024-09-15,Rift Valley,Turkana,Lolupe,10492,3.54,35.25,miscellaneous food,Salt,185,200 G,actual,Retail,KES,17,0.13
2024-09-15,Rift Valley,Turkana,Lolupe,10492,3.54,35.25,miscellaneous food,Sugar,97,KG,actual,Retail,KES,137,1.06
2024-09-15,Rift Valley,Turkana,Lolupe,10492,3.54,35.25,oil and fats,"Oil (vegetable, fortified)",494,L,actual,Retail,KES,283,2.2
2024-09-15,Rift Valley,Turkana,Lolupe,10492,3.54,35.25,pulses and nuts,Beans,50,KG,actual,Retail,KES,130,1.01
2024-09-15,Rift Valley,Turkana,Lolupe,10492,3.54,35.25,pulses and nuts,Cowpeas (dry),901,KG,actual,Retail,KES,200,1.55
2024-09-15,Rift Valley,Turkana,Lolupe,10492,3.54,35.25,pulses and nuts,Pigeon peas (dry),937,KG,actual,Retail,KES,350,2.72
2024-09-15,Rift Valley,Turkana,Lopur,10493,3.86,34.82,cereals and tubers,"Maize (white, dry)",440,KG,actual,Retail,KES,104,0.81
2024-09-15,Rift Valley,Turkana,Lopur,10493,3.86,34.82,cereals and tubers,Maize flour (white),134,KG,actual,Retail,KES,100,0.78
2024-09-15,Rift Valley,Turkana,Lopur,10493,3.86,34.82,cereals and tubers,Rice (aromatic),894,KG,actual,Retail,KES,167,1.3
2024-09-15,Rift Valley,Turkana,Lopur,10493,3.86,34.82,cereals and tubers,Wheat flour,58,KG,actual,Retail,KES,100,0.78
2024-09-15,Rift Valley,Turkana,Lopur,10493,3.86,34.82,milk and dairy,"Milk (cow, pasteurized)",472,L,actual,Retail,KES,200,1.55
2024-09-15,Rift Valley,Turkana,Lopur,10493,3.86,34.82,miscellaneous food,Salt,185,200 G,actual,Retail,KES,15,0.12
2024-09-15,Rift Valley,Turkana,Lopur,10493,3.86,34.82,miscellaneous food,Sugar,97,KG,actual,Retail,KES,146,1.13
2024-09-15,Rift Valley,Turkana,Lopur,10493,3.86,34.82,oil and fats,"Oil (vegetable, fortified)",494,L,actual,Retail,KES,300,2.33
2024-09-15,Rift Valley,Turkana,Lopur,10493,3.86,34.82,pulses and nuts,Beans,50,KG,actual,Retail,KES,178,1.38
2024-09-15,Rift Valley,Turkana,Lorengipi,10452,2.58,34.99,cereals and tubers,"Maize (white, dry)",440,KG,actual,Retail,KES,108,0.84
2024-09-15,Rift Valley,Turkana,Lorengipi,10452,2.58,34.99,cereals and tubers,Maize flour (white),134,KG,actual,Retail,KES,112,0.87
2024-09-15,Rift Valley,Turkana,Lorengipi,10452,2.58,34.99,cereals and tubers,Rice (aromatic),894,KG,actual,Retail,KES,128,0.99
2024-09-15,Rift Valley,Turkana,Lorengipi,10452,2.58,34.99,cereals and tubers,Wheat flour,58,KG,actual,Retail,KES,115,0.89
2024-09-15,Rift Valley,Turkana,Lorengipi,10452,2.58,34.99,milk and dairy,"Milk (cow, pasteurized)",472,L,actual,Retail,KES,200,1.55
2024-09-15,Rift Valley,Turkana,Lorengipi,10452,2.58,34.99,miscellaneous food,Salt,185,200 G,actual,Retail,KES,14,0.11
2024-09-15,Rift Valley,Turkana,Lorengipi,10452,2.58,34.99,miscellaneous food,Sugar,97,KG,actual,Retail,KES,188,1.46
2024-09-15,Rift Valley,Turkana,Lorengipi,10452,2.58,34.99,oil and fats,"Oil (vegetable, fortified)",494,L,actual,Retail,KES,288,2.24
2024-09-15,Rift Valley,Turkana,Lorengipi,10452,2.58,34.99,pulses and nuts,Beans,50,KG,actual,Retail,KES,110,0.85
2024-09-15,Rift Valley,Turkana,Lotubae,10494,2.02,36.13,cereals and tubers,"Maize (white, dry)",440,KG,actual,Retail,KES,120,0.93
2024-09-15,Rift Valley,Turkana,Lotubae,10494,2.02,36.13,cereals and tubers,Maize flour (white),134,KG,actual,Retail,KES,140,1.09
2024-09-15,Rift Valley,Turkana,Lotubae,10494,2.02,36.13,cereals and tubers,Rice (aromatic),894,KG,actual,Retail,KES,180,1.4
2024-09-15,Rift Valley,Turkana,Lotubae,10494,2.02,36.13,cereals and tubers,Wheat flour,58,KG,actual,Retail,KES,120,0.93
2024-09-15,Rift Valley,Turkana,Lotubae,10494,2.02,36.13,milk and dairy,"Milk (cow, pasteurized)",472,L,actual,Retail,KES,200,1.55
2024-09-15,Rift Valley,Turkana,Lotubae,10494,2.02,36.13,miscellaneous food,Salt,185,200 G,actual,Retail,KES,10,0.078
2024-09-15,Rift Valley,Turkana,Lotubae,10494,2.02,36.13,miscellaneous food,Sugar,97,KG,actual,Retail,KES,180,1.4
2024-09-15,Rift Valley,Turkana,Lotubae,10494,2.02,36.13,oil and fats,"Oil (vegetable, fortified)",494,L,actual,Retail,KES,290,2.25
2024-09-15,Rift Valley,Turkana,Lotubae,10494,2.02,36.13,pulses and nuts,Beans,50,KG,actual,Retail,KES,120,0.93
2024-09-15,Rift Valley,Turkana,Loturerei,10456,2.93,35.61,cereals and tubers,"Maize (white, dry)",440,KG,actual,Retail,KES,97,0.75
2024-09-15,Rift Valley,Turkana,Loturerei,10456,2.93,35.61,cereals and tubers,Maize flour (white),134,KG,actual,Retail,KES,80,0.62
2024-09-15,Rift Valley,Turkana,Loturerei,10456,2.93,35.61,cereals and tubers,Rice (aromatic),894,KG,actual,Retail,KES,137,1.06
2024-09-15,Rift Valley,Turkana,Loturerei,10456,2.93,35.61,cereals and tubers,Wheat flour,58,KG,actual,Retail,KES,116,0.9
2024-09-15,Rift Valley,Turkana,Loturerei,10456,2.93,35.61,milk and dairy,"Milk (cow, pasteurized)",472,L,actual,Retail,KES,167,1.3
2024-09-15,Rift Valley,Turkana,Loturerei,10456,2.93,35.61,miscellaneous food,Salt,185,200 G,actual,Retail,KES,13,0.1
2024-09-15,Rift Valley,Turkana,Loturerei,10456,2.93,35.61,miscellaneous food,Sugar,97,KG,actual,Retail,KES,191,1.48
2024-09-15,Rift Valley,Turkana,Loturerei,10456,2.93,35.61,oil and fats,"Oil (vegetable, fortified)",494,L,actual,Retail,KES,276,2.14
2024-09-15,Rift Valley,Turkana,Loturerei,10456,2.93,35.61,pulses and nuts,Beans,50,KG,actual,Retail,KES,124,0.96
2024-09-15,Rift Valley,Turkana,Lowarengak,6888,4.28,35.89,cereals and tubers,"Maize (white, dry)",440,KG,actual,Retail,KES,65,0.5
2024-09-15,Rift Valley,Turkana,Lowarengak,6888,4.28,35.89,cereals and tubers,Maize flour (white),134,KG,actual,Retail,KES,115,0.89
2024-09-15,Rift Valley,Turkana,Lowarengak,6888,4.28,35.89,cereals and tubers,Rice (aromatic),894,KG,actual,Retail,KES,168,1.3
2024-09-15,Rift Valley,Turkana,Lowarengak,6888,4.28,35.89,cereals and tubers,Wheat flour,58,KG,actual,Retail,KES,120,0.93
2024-09-15,Rift Valley,Turkana,Lowarengak,6888,4.28,35.89,milk and dairy,"Milk (cow, pasteurized)",472,L,actual,Retail,KES,200,1.55
2024-09-15,Rift Valley,Turkana,Lowarengak,6888,4.28,35.89,miscellaneous food,Salt,185,200 G,actual,Retail,KES,17,0.13
2024-09-15,Rift Valley,Turkana,Lowarengak,6888,4.28,35.89,miscellaneous food,Sugar,97,KG,actual,Retail,KES,188,1.46
2024-09-15,Rift Valley,Turkana,Lowarengak,6888,4.28,35.89,oil and fats,"Oil (vegetable, fortified)",494,L,actual,Retail,KES,300,2.33
2024-09-15,Rift Valley,Turkana,Lowarengak,6888,4.28,35.89,pulses and nuts,Beans,50,KG,actual,Retail,KES,157,1.22
2024-09-15,Rift Valley,Turkana,Mogadishu (Kakuma),3245,3.72,34.85,cereals and tubers,"Maize (white, dry)",440,KG,actual,Retail,KES,53,0.41
2024-09-15,Rift Valley,Turkana,Mogadishu (Kakuma),3245,3.72,34.85,cereals and tubers,Maize flour (white),134,KG,actual,Retail,KES,73,0.57
2024-09-15,Rift Valley,Turkana,Mogadishu (Kakuma),3245,3.72,34.85,cereals and tubers,Rice (aromatic),894,KG,actual,Retail,KES,133,1.03
2024-09-15,Rift Valley,Turkana,Mogadishu (Kakuma),3245,3.72,34.85,milk and dairy,"Milk (cow, pasteurized)",472,L,actual,Retail,KES,173,1.34
2024-09-15,Rift Valley,Turkana,Mogadishu (Kakuma),3245,3.72,34.85,oil and fats,"Oil (vegetable, fortified)",494,L,actual,Retail,KES,250,1.94
2024-09-15,Rift Valley,Turkana,Mogadishu (Kakuma),3245,3.72,34.85,pulses and nuts,Beans,50,KG,actual,Retail,KES,157,1.22
2024-09-15,Rift Valley,Turkana,Mogadishu (Kakuma),3245,3.72,34.85,pulses and nuts,Cowpeas (dry),901,KG,actual,Retail,KES,143,1.11
2024-09-15,Rift Valley,Turkana,Morulem,10495,1.98,36.13,cereals and tubers,Maize flour (white),134,KG,actual,Retail,KES,107,0.83
2024-09-15,Rift Valley,Turkana,Morulem,10495,1.98,36.13,cereals and tubers,Rice (aromatic),894,KG,actual,Retail,KES,136,1.06
2024-09-15,Rift Valley,Turkana,Morulem,10495,1.98,36.13,cereals and tubers,Wheat flour,58,KG,actual,Retail,KES,115,0.89
2024-09-15,Rift Valley,Turkana,Morulem,10495,1.98,36.13,milk and dairy,"Milk (cow, pasteurized)",472,L,actual,Retail,KES,200,1.55
2024-09-15,Rift Valley,Turkana,Morulem,10495,1.98,36.13,miscellaneous food,Salt,185,200 G,actual,Retail,KES,10,0.078
2024-09-15,Rift Valley,Turkana,Morulem,10495,1.98,36.13,miscellaneous food,Sugar,97,KG,actual,Retail,KES,135,1.05
2024-09-15,Rift Valley,Turkana,Morulem,10495,1.98,36.13,oil and fats,"Oil (vegetable, fortified)",494,L,actual,Retail,KES,300,2.33
2024-09-15,Rift Valley,Turkana,Morulem,10495,1.98,36.13,pulses and nuts,Beans,50,KG,actual,Retail,KES,170,1.32
2024-09-15,Rift Valley,Turkana,Naakalei,6899,2.54,36.22,cereals and tubers,"Maize (white, dry)",440,KG,actual,Retail,KES,95,0.74
2024-09-15,Rift Valley,Turkana,Naakalei,6899,2.54,36.22,cereals and tubers,Maize flour (white),134,KG,actual,Retail,KES,106,0.82
2024-09-15,Rift Valley,Turkana,Naakalei,6899,2.54,36.22,cereals and tubers,Rice (aromatic),894,KG,actual,Retail,KES,134,1.04
2024-09-15,Rift Valley,Turkana,Naakalei,6899,2.54,36.22,cereals and tubers,Wheat flour,58,KG,actual,Retail,KES,115,0.89
2024-09-15,Rift Valley,Turkana,Naakalei,6899,2.54,36.22,milk and dairy,"Milk (cow, pasteurized)",472,L,actual,Retail,KES,200,1.55
2024-09-15,Rift Valley,Turkana,Naakalei,6899,2.54,36.22,miscellaneous food,Salt,185,200 G,actual,Retail,KES,12,0.093
2024-09-15,Rift Valley,Turkana,Naakalei,6899,2.54,36.22,miscellaneous food,Sugar,97,KG,actual,Retail,KES,189,1.47
2024-09-15,Rift Valley,Turkana,Naakalei,6899,2.54,36.22,oil and fats,"Oil (vegetable, fortified)",494,L,actual,Retail,KES,269,2.09
2024-09-15,Rift Valley,Turkana,Naakalei,6899,2.54,36.22,pulses and nuts,Beans,50,KG,actual,Retail,KES,148,1.15
2024-09-15,Rift Valley,Turkana,Naduat,10496,3.51,35.19,cereals and tubers,"Maize (white, dry)",440,KG,actual,Retail,KES,90,0.7
2024-09-15,Rift Valley,Turkana,Naduat,10496,3.51,35.19,cereals and tubers,Maize flour (white),134,KG,actual,Retail,KES,100,0.78
2024-09-15,Rift Valley,Turkana,Naduat,10496,3.51,35.19,cereals and tubers,Rice (aromatic),894,KG,actual,Retail,KES,150,1.17
2024-09-15,Rift Valley,Turkana,Naduat,10496,3.51,35.19,cereals and tubers,Wheat flour,58,KG,actual,Retail,KES,107,0.83
2024-09-15,Rift Valley,Turkana,Naduat,10496,3.51,35.19,milk and dairy,"Milk (cow, pasteurized)",472,L,actual,Retail,KES,200,1.55
2024-09-15,Rift Valley,Turkana,Naduat,10496,3.51,35.19,miscellaneous food,Salt,185,200 G,actual,Retail,KES,15,0.12
2024-09-15,Rift Valley,Turkana,Naduat,10496,3.51,35.19,miscellaneous food,Sugar,97,KG,actual,Retail,KES,183,1.42
2024-09-15,Rift Valley,Turkana,Naduat,10496,3.51,35.19,oil and fats,"Oil (vegetable, fortified)",494,L,actual,Retail,KES,250,1.94
2024-09-15,Rift Valley,Turkana,Naduat,10496,3.51,35.19,pulses and nuts,Beans,50,KG,actual,Retail,KES,200,1.55
2024-09-15,Rift Valley,Turkana,Nakinomet,10497,4.58,35.4,cereals and tubers,"Maize (white, dry)",440,KG,actual,Retail,KES,105,0.82
2024-09-15,Rift Valley,Turkana,Nakinomet,10497,4.58,35.4,cereals and tubers,Maize flour (white),134,KG,actual,Retail,KES,114,0.89
2024-09-15,Rift Valley,Turkana,Nakinomet,10497,4.58,35.4,cereals and tubers,Rice (aromatic),894,KG,actual,Retail,KES,143,1.11
2024-09-15,Rift Valley,Turkana,Nakinomet,10497,4.58,35.4,cereals and tubers,Wheat flour,58,KG,actual,Retail,KES,117,0.91
2024-09-15,Rift Valley,Turkana,Nakinomet,10497,4.58,35.4,milk and dairy,"Milk (cow, pasteurized)",472,L,actual,Retail,KES,200,1.55
2024-09-15,Rift Valley,Turkana,Nakinomet,10497,4.58,35.4,miscellaneous food,Salt,185,200 G,actual,Retail,KES,20,0.16
2024-09-15,Rift Valley,Turkana,Nakinomet,10497,4.58,35.4,miscellaneous food,Sugar,97,KG,actual,Retail,KES,195,1.51
2024-09-15,Rift Valley,Turkana,Nakinomet,10497,4.58,35.4,oil and fats,"Oil (vegetable, fortified)",494,L,actual,Retail,KES,343,2.66
2024-09-15,Rift Valley,Turkana,Nakinomet,10497,4.58,35.4,pulses and nuts,Beans,50,KG,actual,Retail,KES,126,0.98
2024-09-15,Rift Valley,Turkana,Nakukulas,6896,2.2,35.81,cereals and tubers,"Maize (white, dry)",440,KG,actual,Retail,KES,76,0.59
2024-09-15,Rift Valley,Turkana,Nakukulas,6896,2.2,35.81,cereals and tubers,Maize flour (white),134,KG,actual,Retail,KES,102,0.79
2024-09-15,Rift Valley,Turkana,Nakukulas,6896,2.2,35.81,cereals and tubers,Rice (aromatic),894,KG,actual,Retail,KES,131,1.02
2024-09-15,Rift Valley,Turkana,Nakukulas,6896,2.2,35.81,cereals and tubers,Wheat flour,58,KG,actual,Retail,KES,100,0.78
2024-09-15,Rift Valley,Turkana,Nakukulas,6896,2.2,35.81,milk and dairy,"Milk (cow, pasteurized)",472,L,actual,Retail,KES,200,1.55
2024-09-15,Rift Valley,Turkana,Nakukulas,6896,2.2,35.81,miscellaneous food,Salt,185,200 G,actual,Retail,KES,10,0.078
2024-09-15,Rift Valley,Turkana,Nakukulas,6896,2.2,35.81,miscellaneous food,Sugar,97,KG,actual,Retail,KES,141,1.1
2024-09-15,Rift Valley,Turkana,Nakukulas,6896,2.2,35.81,oil and fats,"Oil (vegetable, fortified)",494,L,actual,Retail,KES,248,1.93
2024-09-15,Rift Valley,Turkana,Nakukulas,6896,2.2,35.81,pulses and nuts,Beans,50,KG,actual,Retail,KES,167,1.3
2024-09-15,Rift Valley,Turkana,Namoruputh,10453,2.84,35.04,cereals and tubers,"Maize (white, dry)",440,KG,actual,Retail,KES,100,0.78
2024-09-15,Rift Valley,Turkana,Namoruputh,10453,2.84,35.04,cereals and tubers,Maize flour (white),134,KG,actual,Retail,KES,100,0.78
2024-09-15,Rift Valley,Turkana,Namoruputh,10453,2.84,35.04,cereals and tubers,Rice (aromatic),894,KG,actual,Retail,KES,156,1.21
2024-09-15,Rift Valley,Turkana,Namoruputh,10453,2.84,35.04,cereals and tubers,Wheat flour,58,KG,actual,Retail,KES,104,0.81
2024-09-15,Rift Valley,Turkana,Namoruputh,10453,2.84,35.04,milk and dairy,"Milk (cow, pasteurized)",472,L,actual,Retail,KES,160,1.24
2024-09-15,Rift Valley,Turkana,Namoruputh,10453,2.84,35.04,miscellaneous food,Salt,185,200 G,actual,Retail,KES,19,0.15
2024-09-15,Rift Valley,Turkana,Namoruputh,10453,2.84,35.04,miscellaneous food,Sugar,97,KG,actual,Retail,KES,182,1.41
2024-09-15,Rift Valley,Turkana,Namoruputh,10453,2.84,35.04,oil and fats,"Oil (vegetable, fortified)",494,L,actual,Retail,KES,282,2.19
2024-09-15,Rift Valley,Turkana,Namoruputh,10453,2.84,35.04,pulses and nuts,Beans,50,KG,actual,Retail,KES,148,1.15
2024-09-15,Rift Valley,Turkana,Napak,10498,4.56,35.39,cereals and tubers,"Maize (white, dry)",440,KG,actual,Retail,KES,107,0.83
2024-09-15,Rift Valley,Turkana,Napak,10498,4.56,35.39,cereals and tubers,Maize flour (white),134,KG,actual,Retail,KES,100,0.78
2024-09-15,Rift Valley,Turkana,Napak,10498,4.56,35.39,cereals and tubers,Rice (aromatic),894,KG,actual,Retail,KES,143,1.11
2024-09-15,Rift Valley,Turkana,Napak,10498,4.56,35.39,cereals and tubers,Wheat flour,58,KG,actual,Retail,KES,124,0.96
2024-09-15,Rift Valley,Turkana,Napak,10498,4.56,35.39,milk and dairy,"Milk (cow, pasteurized)",472,L,actual,Retail,KES,200,1.55
2024-09-15,Rift Valley,Turkana,Napak,10498,4.56,35.39,miscellaneous food,Salt,185,200 G,actual,Retail,KES,20,0.16
2024-09-15,Rift Valley,Turkana,Napak,10498,4.56,35.39,miscellaneous food,Sugar,97,KG,actual,Retail,KES,200,1.55
2024-09-15,Rift Valley,Turkana,Napak,10498,4.56,35.39,oil and fats,"Oil (vegetable, fortified)",494,L,actual,Retail,KES,300,2.33
2024-09-15,Rift Valley,Turkana,Napak,10498,4.56,35.39,pulses and nuts,Beans,50,KG,actual,Retail,KES,152,1.18
2024-09-15,Rift Valley,Turkana,Todonyang,10499,4.44,35.93,cereals and tubers,"Maize (white, dry)",440,KG,actual,Retail,KES,83,0.64
2024-09-15,Rift Valley,Turkana,Todonyang,10499,4.44,35.93,cereals and tubers,Maize flour (white),134,KG,actual,Retail,KES,110,0.85
2024-09-15,Rift Valley,Turkana,Todonyang,10499,4.44,35.93,cereals and tubers,Rice (aromatic),894,KG,actual,Retail,KES,125,0.97
2024-09-15,Rift Valley,Turkana,Todonyang,10499,4.44,35.93,cereals and tubers,Wheat flour,58,KG,actual,Retail,KES,110,0.85
2024-09-15,Rift Valley,Turkana,Todonyang,10499,4.44,35.93,milk and dairy,"Milk (cow, pasteurized)",472,L,actual,Retail,KES,133,1.03
2024-09-15,Rift Valley,Turkana,Todonyang,10499,4.44,35.93,miscellaneous food,Salt,185,200 G,actual,Retail,KES,15,0.12
2024-09-15,Rift Valley,Turkana,Todonyang,10499,4.44,35.93,miscellaneous food,Sugar,97,KG,actual,Retail,KES,213,1.65
2024-09-15,Rift Valley,Turkana,Todonyang,10499,4.44,35.93,oil and fats,"Oil (vegetable, fortified)",494,L,actual,Retail,KES,300,2.33
2024-09-15,Rift Valley,Turkana,Todonyang,10499,4.44,35.93,pulses and nuts,Beans,50,KG,actual,Retail,KES,123,0.96
2024-09-15,Rift Valley,Turkana,Turkwel Centre,10454,2.92,35.4,cereals and tubers,"Maize (white, dry)",440,KG,actual,Retail,KES,68,0.53
2024-09-15,Rift Valley,Turkana,Turkwel Centre,10454,2.92,35.4,cereals and tubers,Maize flour (white),134,KG,actual,Retail,KES,95,0.74
2024-09-15,Rift Valley,Turkana,Turkwel Centre,10454,2.92,35.4,cereals and tubers,Rice (aromatic),894,KG,actual,Retail,KES,133,1.03
2024-09-15,Rift Valley,Turkana,Turkwel Centre,10454,2.92,35.4,cereals and tubers,Wheat flour,58,KG,actual,Retail,KES,93,0.72
2024-09-15,Rift Valley,Turkana,Turkwel Centre,10454,2.92,35.4,milk and dairy,"Milk (cow, pasteurized)",472,L,actual,Retail,KES,165,1.28
2024-09-15,Rift Valley,Turkana,Turkwel Centre,10454,2.92,35.4,miscellaneous food,Salt,185,200 G,actual,Retail,KES,13,0.1
2024-09-15,Rift Valley,Turkana,Turkwel Centre,10454,2.92,35.4,miscellaneous food,Sugar,97,KG,actual,Retail,KES,133,1.03
2024-09-15,Rift Valley,Turkana,Turkwel Centre,10454,2.92,35.4,oil and fats,"Oil (vegetable, fortified)",494,L,actual,Retail,KES,260,2.02
2024-09-15,Rift Valley,Turkana,Turkwel Centre,10454,2.92,35.4,pulses and nuts,Beans,50,KG,actual,Retail,KES,147,1.14
2024-09-15,Rift Valley,Turkana,Turkwel Centre,10454,2.92,35.4,pulses and nuts,Cowpeas (dry),901,KG,actual,Retail,KES,100,0.78
2024-09-15,Rift Valley,Turkana,Urum,10455,2.95,34.7,cereals and tubers,"Maize (white, dry)",440,KG,actual,Retail,KES,80,0.62
2024-09-15,Rift Valley,Turkana,Urum,10455,2.95,34.7,cereals and tubers,Maize flour (white),134,KG,actual,Retail,KES,110,0.85
2024-09-15,Rift Valley,Turkana,Urum,10455,2.95,34.7,cereals and tubers,Rice (aromatic),894,KG,actual,Retail,KES,142,1.1
2024-09-15,Rift Valley,Turkana,Urum,10455,2.95,34.7,cereals and tubers,Wheat flour,58,KG,actual,Retail,KES,125,0.97
2024-09-15,Rift Valley,Turkana,Urum,10455,2.95,34.7,milk and dairy,"Milk (cow, pasteurized)",472,L,actual,Retail,KES,180,1.4
2024-09-15,Rift Valley,Turkana,Urum,10455,2.95,34.7,miscellaneous food,Salt,185,200 G,actual,Retail,KES,18,0.14
2024-09-15,Rift Valley,Turkana,Urum,10455,2.95,34.7,miscellaneous food,Sugar,97,KG,actual,Retail,KES,200,1.55
2024-09-15,Rift Valley,Turkana,Urum,10455,2.95,34.7,oil and fats,"Oil (vegetable, fortified)",494,L,actual,Retail,KES,296,2.3
2024-09-15,Rift Valley,Turkana,Urum,10455,2.95,34.7,pulses and nuts,Beans,50,KG,actual,Retail,KES,132,1.03
2024-09-15,Rift Valley,Uasin Gishu,Eldoret town (Uasin Gishu),185,0.52,35.28,cereals and tubers,"Maize (white, dry)",440,90 KG,actual,Wholesale,KES,3656,28.4
2024-09-15,Rift Valley,Uasin Gishu,Eldoret town (Uasin Gishu),185,0.52,35.28,cereals and tubers,"Potatoes (Irish, white)",891,50 KG,actual,Wholesale,KES,2900,22.52
2024-09-15,Rift Valley,Uasin Gishu,Eldoret town (Uasin Gishu),185,0.52,35.28,pulses and nuts,Beans (rosecoco),897,90 KG,actual,Wholesale,KES,13500,104.85
2024-09-15,Rift Valley,Uasin Gishu,Eldoret town (Uasin Gishu),185,0.52,35.28,pulses and nuts,Beans (yellow),889,90 KG,actual,Wholesale,KES,14760,114.64
2024-09-15,Rift Valley,Uasin Gishu,Eldoret town (Uasin Gishu),185,0.52,35.28,vegetables and fruits,Cabbage,181,126 KG,actual,Wholesale,KES,3906,30.34
2024-09-15,Rift Valley,Uasin Gishu,Eldoret town (Uasin Gishu),185,0.52,35.28,vegetables and fruits,Kale,796,50 KG,actual,Wholesale,KES,1813,14.08
2024-09-15,Rift Valley,Uasin Gishu,Eldoret town (Uasin Gishu),185,0.52,35.28,vegetables and fruits,Onions (dry),892,13 KG,actual,Wholesale,KES,728,5.65
2024-09-15,Rift Valley,Uasin Gishu,Eldoret town (Uasin Gishu),185,0.52,35.28,vegetables and fruits,Tomatoes,114,64 KG,actual,Wholesale,KES,3584,27.84
2024-10-15,Eastern,Makueni,Kathonzweni (Makueni),5666,-1.91,37.73,cereals and tubers,"Maize (white, dry)",440,90 KG,actual,Wholesale,KES,3375,26.16
2024-10-15,Eastern,Makueni,Kathonzweni (Makueni),5666,-1.91,37.73,cereals and tubers,"Potatoes (Irish, red)",890,50 KG,actual,Wholesale,KES,3250,25.19
2024-10-15,Eastern,Makueni,Kathonzweni (Makueni),5666,-1.91,37.73,pulses and nuts,Cowpeas,218,90 KG,actual,Wholesale,KES,6750,52.33
2024-10-15,Eastern,Makueni,Kathonzweni (Makueni),5666,-1.91,37.73,vegetables and fruits,Cabbage,181,126 KG,actual,Wholesale,KES,2730.42,21.17
2024-10-15,Eastern,Makueni,Kathonzweni (Makueni),5666,-1.91,37.73,vegetables and fruits,Kale,796,50 KG,actual,Wholesale,KES,1750,13.57
2024-10-15,Eastern,Makueni,Kathonzweni (Makueni),5666,-1.91,37.73,vegetables and fruits,Onions (dry),892,13 KG,actual,Wholesale,KES,1040,8.06
2024-10-15,Eastern,Makueni,Kathonzweni (Makueni),5666,-1.91,37.73,vegetables and fruits,Tomatoes,114,64 KG,actual,Wholesale,KES,2240,17.36
2024-10-15,Nairobi,Nairobi,Wakulima (Nairobi),5698,-1.29,36.83,cereals and tubers,"Potatoes (Irish, white)",891,50 KG,actual,Wholesale,KES,1944.5,15.07
2024-10-15,Nairobi,Nairobi,Wakulima (Nairobi),5698,-1.29,36.83,vegetables and fruits,Cabbage,181,126 KG,actual,Wholesale,KES,3126.06,24.23
2024-10-15,Nairobi,Nairobi,Wakulima (Nairobi),5698,-1.29,36.83,vegetables and fruits,Kale,796,50 KG,actual,Wholesale,KES,1500,11.63
2024-10-15,Nairobi,Nairobi,Wakulima (Nairobi),5698,-1.29,36.83,vegetables and fruits,Onions (dry),892,13 KG,actual,Wholesale,KES,650,5.04
2024-10-15,Nairobi,Nairobi,Wakulima (Nairobi),5698,-1.29,36.83,vegetables and fruits,Tomatoes,114,64 KG,actual,Wholesale,KES,2560,19.84
2024-11-15,Eastern,Makueni,Kathonzweni (Makueni),5666,-1.91,37.73,cereals and tubers,"Maize (white, dry)",440,90 KG,actual,Wholesale,KES,3600,27.79
2024-11-15,Eastern,Makueni,Kathonzweni (Makueni),5666,-1.91,37.73,cereals and tubers,"Potatoes (Irish, red)",890,50 KG,actual,Wholesale,KES,2666.5,20.58
2024-11-15,Eastern,Makueni,Kathonzweni (Makueni),5666,-1.91,37.73,pulses and nuts,Cowpeas,218,90 KG,actual,Wholesale,KES,7650,59.05
2024-11-15,Eastern,Makueni,Kathonzweni (Makueni),5666,-1.91,37.73,vegetables and fruits,Cabbage,181,126 KG,actual,Wholesale,KES,2590.56,2
2024-11-15,Eastern,Makueni,Kathonzweni (Makueni),5666,-1.91,37.73,vegetables and fruits,Kale,796,50 KG,actual,Wholesale,KES,1833.5,14.15
2024-11-15,Eastern,Makueni,Kathonzweni (Makueni),5666,-1.91,37.73,vegetables and fruits,Onions (dry),892,13 KG,actual,Wholesale,KES,823.29,6.35
2024-12-15,Coast,Kilifi,Dzikunze,10389,-3.25,39.75,cereals and tubers,Maize flour (white),134,KG,actual,Retail,KES,73,0.57
2024-12-15,Coast,Kilifi,Dzikunze,10389,-3.25,39.75,cereals and tubers,Rice (aromatic),894,KG,actual,Retail,KES,180,1.4
2024-12-15,Coast,Kilifi,Dzikunze,10389,-3.25,39.75,cereals and tubers,Wheat flour,58,KG,actual,Retail,KES,90,0.7
2024-12-15,Coast,Kilifi,Dzikunze,10389,-3.25,39.75,milk and dairy,"Milk (cow, pasteurized)",472,L,actual,Retail,KES,160,1.24
2024-12-15,Coast,Kilifi,Dzikunze,10389,-3.25,39.75,miscellaneous food,Salt,185,200 G,actual,Retail,KES,10,0.078
2024-12-15,Coast,Kilifi,Dzikunze,10389,-3.25,39.75,miscellaneous food,Sugar,97,KG,actual,Retail,KES,150,1.16
2024-12-15,Coast,Kilifi,Dzikunze,10389,-3.25,39.75,oil and fats,"Oil (vegetable, fortified)",494,L,actual,Retail,KES,300,2.33
2024-12-15,Coast,Kilifi,Kachororoni,10390,-3.48,39.75,cereals and tubers,Maize flour (white),134,KG,actual,Retail,KES,65,0.5
2024-12-15,Coast,Kilifi,Kachororoni,10390,-3.48,39.75,cereals and tubers,Rice (aromatic),894,KG,actual,Retail,KES,120,0.93
2024-12-15,Coast,Kilifi,Kachororoni,10390,-3.48,39.75,cereals and tubers,Wheat flour,58,KG,actual,Retail,KES,80,0.62
2024-12-15,Coast,Kilifi,Kachororoni,10390,-3.48,39.75,milk and dairy,"Milk (cow, pasteurized)",472,L,actual,Retail,KES,140,1.09
2024-12-15,Coast,Kilifi,Kachororoni,10390,-3.48,39.75,miscellaneous food,Salt,185,200 G,actual,Retail,KES,10,0.078
2024-12-15,Coast,Kilifi,Kachororoni,10390,-3.48,39.75,miscellaneous food,Sugar,97,KG,actual,Retail,KES,160,1.24
2024-12-15,Coast,Kilifi,Kachororoni,10390,-3.48,39.75,oil and fats,"Oil (vegetable, fortified)",494,L,actual,Retail,KES,260,2.02
2024-12-15,Coast,Kilifi,Kaembeni,10391,-3.33,39.79,cereals and tubers,Maize flour (white),134,KG,actual,Retail,KES,74,0.57
2024-12-15,Coast,Kilifi,Kaembeni,10391,-3.33,39.79,cereals and tubers,Rice (aromatic),894,KG,actual,Retail,KES,120,0.93
2024-12-15,Coast,Kilifi,Kaembeni,10391,-3.33,39.79,cereals and tubers,Wheat flour,58,KG,actual,Retail,KES,89,0.69
2024-12-15,Coast,Kilifi,Kaembeni,10391,-3.33,39.79,milk and dairy,"Milk (cow, pasteurized)",472,L,actual,Retail,KES,133,1.03
2024-12-15,Coast,Kilifi,Kaembeni,10391,-3.33,39.79,miscellaneous food,Salt,185,200 G,actual,Retail,KES,11,0.085
2024-12-15,Coast,Kilifi,Kaembeni,10391,-3.33,39.79,miscellaneous food,Sugar,97,KG,actual,Retail,KES,163,1.26
2024-12-15,Coast,Kilifi,Kaembeni,10391,-3.33,39.79,oil and fats,"Oil (vegetable, fortified)",494,L,actual,Retail,KES,287,2.22
2024-12-15,Coast,Kilifi,Kaembeni,10391,-3.33,39.79,pulses and nuts,Cowpeas (dry),901,KG,actual,Retail,KES,140,1.09
2024-12-15,Coast,Tana River,Bangale,10438,-0.72,39.02,cereals and tubers,Maize flour (white),134,KG,actual,Retail,KES,73,0.57
2024-12-15,Coast,Tana River,Bangale,10438,-0.72,39.02,cereals and tubers,Rice (aromatic),894,KG,actual,Retail,KES,131,1.02
2024-12-15,Coast,Tana River,Bangale,10438,-0.72,39.02,cereals and tubers,Wheat flour,58,KG,actual,Retail,KES,100,0.78
2024-12-15,Coast,Tana River,Bangale,10438,-0.72,39.02,milk and dairy,"Milk (cow, pasteurized)",472,L,actual,Retail,KES,130,1.01
2024-12-15,Coast,Tana River,Bangale,10438,-0.72,39.02,miscellaneous food,Salt,185,200 G,actual,Retail,KES,10,0.078
2024-12-15,Coast,Tana River,Bangale,10438,-0.72,39.02,miscellaneous food,Sugar,97,KG,actual,Retail,KES,149,1.15
2024-12-15,Coast,Tana River,Bangale,10438,-0.72,39.02,oil and fats,"Oil (vegetable, fortified)",494,L,actual,Retail,KES,317,2.46
2024-12-15,Coast,Tana River,Bangale,10438,-0.72,39.02,pulses and nuts,Cowpeas (dry),901,KG,actual,Retail,KES,120,0.93
2024-12-15,Coast,Tana River,Bangale,10438,-0.72,39.02,pulses and nuts,Pigeon peas (dry),937,KG,actual,Retail,KES,120,0.93
2024-12-15,Coast,Tana River,Bilbil,10439,-1.01,39.79,cereals and tubers,Maize flour (white),134,KG,actual,Retail,KES,78,0.6
2024-12-15,Coast,Tana River,Bilbil,10439,-1.01,39.79,cereals and tubers,Rice (aromatic),894,KG,actual,Retail,KES,124,0.96
2024-12-15,Coast,Tana River,Bilbil,10439,-1.01,39.79,cereals and tubers,Wheat flour,58,KG,actual,Retail,KES,99,0.77
2024-12-15,Coast,Tana River,Bilbil,10439,-1.01,39.79,milk and dairy,"Milk (cow, pasteurized)",472,L,actual,Retail,KES,130,1.01
2024-12-15,Coast,Tana River,Bilbil,10439,-1.01,39.79,miscellaneous food,Salt,185,200 G,actual,Retail,KES,11,0.085
2024-12-15,Coast,Tana River,Bilbil,10439,-1.01,39.79,miscellaneous food,Sugar,97,KG,actual,Retail,KES,155,1.2
2024-12-15,Coast,Tana River,Bilbil,10439,-1.01,39.79,oil and fats,"Oil (vegetable, fortified)",494,L,actual,Retail,KES,293,2.27
2024-12-15,Coast,Tana River,Boka,10440,-0.34,38.78,cereals and tubers,Maize flour (white),134,KG,actual,Retail,KES,86.5,0.67
2024-12-15,Coast,Tana River,Boka,10440,-0.34,38.78,cereals and tubers,Rice (aromatic),894,KG,actual,Retail,KES,132,1.02
2024-12-15,Coast,Tana River,Boka,10440,-0.34,38.78,cereals and tubers,Wheat flour,58,KG,actual,Retail,KES,101,0.78
2024-12-15,Coast,Tana River,Boka,10440,-0.34,38.78,milk and dairy,"Milk (cow, pasteurized)",472,L,actual,Retail,KES,140,1.09
2024-12-15,Coast,Tana River,Boka,10440,-0.34,38.78,miscellaneous food,Salt,185,200 G,actual,Retail,KES,10,0.078
2024-12-15,Coast,Tana River,Boka,10440,-0.34,38.78,miscellaneous food,Sugar,97,KG,actual,Retail,KES,151,1.17
2024-12-15,Coast,Tana River,Boka,10440,-0.34,38.78,oil and fats,"Oil (vegetable, fortified)",494,L,actual,Retail,KES,340,2.64
2024-12-15,Coast,Tana River,Boka,10440,-0.34,38.78,pulses and nuts,Pigeon peas (dry),937,KG,actual,Retail,KES,180,1.4
2024-12-15,Coast,Tana River,Bura,10442,-1.19,39.84,cereals and tubers,Maize flour (white),134,KG,actual,Retail,KES,79.33,0.61
2024-12-15,Coast,Tana River,Bura,10442,-1.19,39.84,cereals and tubers,Rice (aromatic),894,KG,actual,Retail,KES,124,0.96
2024-12-15,Coast,Tana River,Bura,10442,-1.19,39.84,cereals and tubers,Wheat flour,58,KG,actual,Retail,KES,101,0.78
2024-12-15,Coast,Tana River,Bura,10442,-1.19,39.84,milk and dairy,"Milk (cow, pasteurized)",472,L,actual,Retail,KES,93,0.72
2024-12-15,Coast,Tana River,Bura,10442,-1.19,39.84,miscellaneous food,Salt,185,200 G,actual,Retail,KES,13,0.1
2024-12-15,Coast,Tana River,Bura,10442,-1.19,39.84,miscellaneous food,Sugar,97,KG,actual,Retail,KES,157.5,1.22
2024-12-15,Coast,Tana River,Bura,10442,-1.19,39.84,oil and fats,"Oil (vegetable, fortified)",494,L,actual,Retail,KES,290,2.25
2024-12-15,Coast,Tana River,Bura,10442,-1.19,39.84,pulses and nuts,Cowpeas (dry),901,KG,actual,Retail,KES,185,1.43
2024-12-15,Coast,Tana River,Bura,10442,-1.19,39.84,pulses and nuts,Pigeon peas (dry),937,KG,actual,Retail,KES,172.5,1.34
2024-12-15,Coast,Tana River,Bura,10442,-1.19,39.84,vegetables and fruits,Kale,796,KG,actual,Retail,KES,67,0.52
2024-12-15,Coast,Tana River,Bura,10442,-1.19,39.84,vegetables and fruits,Spinach,404,KG,actual,Retail,KES,73,0.57
2024-12-15,Coast,Tana River,Charidende,10443,-0.78,39.67,cereals and tubers,Maize flour (white),134,KG,actual,Retail,KES,82,0.64
2024-12-15,Coast,Tana River,Charidende,10443,-0.78,39.67,cereals and tubers,Rice (aromatic),894,KG,actual,Retail,KES,139,1.08
2024-12-15,Coast,Tana River,Charidende,10443,-0.78,39.67,cereals and tubers,Wheat flour,58,KG,actual,Retail,KES,100,0.78
2024-12-15,Coast,Tana River,Charidende,10443,-0.78,39.67,milk and dairy,"Milk (cow, pasteurized)",472,L,actual,Retail,KES,132,1.02
2024-12-15,Coast,Tana River,Charidende,10443,-0.78,39.67,miscellaneous food,Salt,185,200 G,actual,Retail,KES,10,0.078
2024-12-15,Coast,Tana River,Charidende,10443,-0.78,39.67,miscellaneous food,Sugar,97,KG,actual,Retail,KES,149,1.15
2024-12-15,Coast,Tana River,Charidende,10443,-0.78,39.67,oil and fats,"Oil (vegetable, fortified)",494,L,actual,Retail,KES,329,2.55
2024-12-15,Coast,Tana River,Garsen,10448,-2.27,40.11,cereals and tubers,Maize flour (white),134,KG,actual,Retail,KES,80,0.62
2024-12-15,Coast,Tana River,Garsen,10448,-2.27,40.11,cereals and tubers,Rice (aromatic),894,KG,actual,Retail,KES,103.5,0.8
2024-12-15,Coast,Tana River,Garsen,10448,-2.27,40.11,cereals and tubers,Wheat flour,58,KG,actual,Retail,KES,96.5,0.75
2024-12-15,Coast,Tana River,Garsen,10448,-2.27,40.11,milk and dairy,"Milk (cow, pasteurized)",472,L,actual,Retail,KES,105,0.81
2024-12-15,Coast,Tana River,Garsen,10448,-2.27,40.11,miscellaneous food,Salt,185,200 G,actual,Retail,KES,15,0.12
2024-12-15,Coast,Tana River,Garsen,10448,-2.27,40.11,miscellaneous food,Sugar,97,KG,actual,Retail,KES,150,1.16
2024-12-15,Coast,Tana River,Garsen,10448,-2.27,40.11,oil and fats,"Oil (vegetable, fortified)",494,L,actual,Retail,KES,243.5,1.89
2024-12-15,Coast,Tana River,Garsen,10448,-2.27,40.11,pulses and nuts,Cowpeas (dry),901,KG,actual,Retail,KES,100,0.78
2024-12-15,Coast,Tana River,Hola town,3359,-1.5,40.03,cereals and tubers,Maize flour (white),134,KG,actual,Retail,KES,68.5,0.53
2024-12-15,Coast,Tana River,Hola town,3359,-1.5,40.03,cereals and tubers,Rice (aromatic),894,KG,actual,Retail,KES,144,1.12
2024-12-15,Coast,Tana River,Hola town,3359,-1.5,40.03,cereals and tubers,Wheat flour,58,KG,actual,Retail,KES,96,0.74
2024-12-15,Coast,Tana River,Hola town,3359,-1.5,40.03,milk and dairy,"Milk (cow, pasteurized)",472,L,actual,Retail,KES,120,0.93
2024-12-15,Coast,Tana River,Hola town,3359,-1.5,40.03,miscellaneous food,Salt,185,200 G,actual,Retail,KES,13,0.1
2024-12-15,Coast,Tana River,Hola town,3359,-1.5,40.03,miscellaneous food,Sugar,97,KG,actual,Retail,KES,170,1.32
2024-12-15,Coast,Tana River,Hola town,3359,-1.5,40.03,oil and fats,"Oil (vegetable, fortified)",494,L,actual,Retail,KES,248,1.92
2024-12-15,Coast,Tana River,Hola town,3359,-1.5,40.03,pulses and nuts,Cowpeas (dry),901,KG,actual,Retail,KES,150,1.16
2024-12-15,Coast,Tana River,Kipini,10450,-2.53,40.53,cereals and tubers,Maize flour (white),134,KG,actual,Retail,KES,79,0.61
2024-12-15,Coast,Tana River,Kipini,10450,-2.53,40.53,cereals and tubers,Rice (aromatic),894,KG,actual,Retail,KES,109,0.84
2024-12-15,Coast,Tana River,Kipini,10450,-2.53,40.53,cereals and tubers,Wheat flour,58,KG,actual,Retail,KES,93,0.72
2024-12-15,Coast,Tana River,Kipini,10450,-2.53,40.53,milk and dairy,"Milk (cow, pasteurized)",472,L,actual,Retail,KES,100,0.78
2024-12-15,Coast,Tana River,Kipini,10450,-2.53,40.53,miscellaneous food,Salt,185,200 G,actual,Retail,KES,12,0.093
2024-12-15,Coast,Tana River,Kipini,10450,-2.53,40.53,miscellaneous food,Sugar,97,KG,actual,Retail,KES,154,1.19
2024-12-15,Coast,Tana River,Kipini,10450,-2.53,40.53,oil and fats,"Oil (vegetable, fortified)",494,L,actual,Retail,KES,228,1.77
2024-12-15,Coast,Tana River,Kipini,10450,-2.53,40.53,pulses and nuts,Cowpeas (dry),901,KG,actual,Retail,KES,110,0.85
2024-12-15,Coast,Tana River,Makere,10445,-1.33,40.01,cereals and tubers,Maize flour (white),134,KG,actual,Retail,KES,72.5,0.56
2024-12-15,Coast,Tana River,Makere,10445,-1.33,40.01,cereals and tubers,Rice (aromatic),894,KG,actual,Retail,KES,115,0.89
2024-12-15,Coast,Tana River,Makere,10445,-1.33,40.01,cereals and tubers,Wheat flour,58,KG,actual,Retail,KES,102,0.79
2024-12-15,Coast,Tana River,Makere,10445,-1.33,40.01,milk and dairy,"Milk (cow, pasteurized)",472,L,actual,Retail,KES,140,1.09
2024-12-15,Coast,Tana River,Makere,10445,-1.33,40.01,miscellaneous food,Salt,185,200 G,actual,Retail,KES,16,0.12
2024-12-15,Coast,Tana River,Makere,10445,-1.33,40.01,miscellaneous food,Sugar,97,KG,actual,Retail,KES,190,1.47
2024-12-15,Coast,Tana River,Makere,10445,-1.33,40.01,oil and fats,"Oil (vegetable, fortified)",494,L,actual,Retail,KES,390,3.02
2024-12-15,Coast,Tana River,Makere,10445,-1.33,40.01,pulses and nuts,Cowpeas (dry),901,KG,actual,Retail,KES,160,1.24
2024-12-15,Coast,Tana River,Saka Town,10353,-0.14,39.33,cereals and tubers,Maize flour (white),134,KG,actual,Retail,KES,87,0.67
2024-12-15,Coast,Tana River,Saka Town,10353,-0.14,39.33,cereals and tubers,Rice (aromatic),894,KG,actual,Retail,KES,120,0.93
2024-12-15,Coast,Tana River,Saka Town,10353,-0.14,39.33,cereals and tubers,Wheat flour,58,KG,actual,Retail,KES,100,0.78
2024-12-15,Coast,Tana River,Saka Town,10353,-0.14,39.33,milk and dairy,"Milk (cow, pasteurized)",472,L,actual,Retail,KES,60,0.47
2024-12-15,Coast,Tana River,Saka Town,10353,-0.14,39.33,miscellaneous food,Salt,185,200 G,actual,Retail,KES,15,0.12
2024-12-15,Coast,Tana River,Saka Town,10353,-0.14,39.33,miscellaneous food,Sugar,97,KG,actual,Retail,KES,140,1.09
2024-12-15,Coast,Tana River,Saka Town,10353,-0.14,39.33,oil and fats,"Oil (vegetable, fortified)",494,L,actual,Retail,KES,357,2.77
2024-12-15,Coast,Tana River,Saka Town,10353,-0.14,39.33,pulses and nuts,Cowpeas (dry),901,KG,actual,Retail,KES,173,1.34
2024-12-15,Coast,Tana River,Saka Town,10353,-0.14,39.33,pulses and nuts,Pigeon peas (dry),937,KG,actual,Retail,KES,170,1.32
2024-12-15,Coast,Tana River,Tarasaa,10451,-2.44,40.17,cereals and tubers,Maize flour (white),134,KG,actual,Retail,KES,79,0.61
2024-12-15,Coast,Tana River,Tarasaa,10451,-2.44,40.17,cereals and tubers,Rice (aromatic),894,KG,actual,Retail,KES,120,0.93
2024-12-15,Coast,Tana River,Tarasaa,10451,-2.44,40.17,cereals and tubers,Wheat flour,58,KG,actual,Retail,KES,95,0.74
2024-12-15,Coast,Tana River,Tarasaa,10451,-2.44,40.17,milk and dairy,"Milk (cow, pasteurized)",472,L,actual,Retail,KES,140,1.09
2024-12-15,Coast,Tana River,Tarasaa,10451,-2.44,40.17,miscellaneous food,Salt,185,200 G,actual,Retail,KES,14,0.11
2024-12-15,Coast,Tana River,Tarasaa,10451,-2.44,40.17,miscellaneous food,Sugar,97,KG,actual,Retail,KES,162,1.26
2024-12-15,Coast,Tana River,Tarasaa,10451,-2.44,40.17,oil and fats,"Oil (vegetable, fortified)",494,L,actual,Retail,KES,198,1.53
2024-12-15,Coast,Tana River,Tarasaa,10451,-2.44,40.17,vegetables and fruits,Kale,796,KG,actual,Retail,KES,100,0.78
2024-12-15,Coast,Tana River,Wayu,10447,-1.53,39.58,cereals and tubers,Maize flour (white),134,KG,actual,Retail,KES,110,0.85
2024-12-15,Coast,Tana River,Wayu,10447,-1.53,39.58,cereals and tubers,Rice (aromatic),894,KG,actual,Retail,KES,143,1.11
2024-12-15,Coast,Tana River,Wayu,10447,-1.53,39.58,cereals and tubers,Wheat flour,58,KG,actual,Retail,KES,115,0.89
2024-12-15,Coast,Tana River,Wayu,10447,-1.53,39.58,milk and dairy,"Milk (cow, pasteurized)",472,L,actual,Retail,KES,80,0.62
2024-12-15,Coast,Tana River,Wayu,10447,-1.53,39.58,miscellaneous food,Salt,185,200 G,actual,Retail,KES,13,0.1
2024-12-15,Coast,Tana River,Wayu,10447,-1.53,39.58,miscellaneous food,Sugar,97,KG,actual,Retail,KES,148,1.15
2024-12-15,Coast,Tana River,Wayu,10447,-1.53,39.58,oil and fats,"Oil (vegetable, fortified)",494,L,actual,Retail,KES,325,2.52
2024-12-15,Coast,Tana River,Wayu,10447,-1.53,39.58,pulses and nuts,Pigeon peas (dry),937,KG,actual,Retail,KES,170,1.32
2024-12-15,Eastern,Isiolo,Benane,10368,0.5,38.66,cereals and tubers,Maize flour (white),134,KG,actual,Retail,KES,85,0.66
2024-12-15,Eastern,Isiolo,Benane,10368,0.5,38.66,cereals and tubers,Rice (aromatic),894,KG,actual,Retail,KES,130,1.01
2024-12-15,Eastern,Isiolo,Benane,10368,0.5,38.66,cereals and tubers,Wheat flour,58,KG,actual,Retail,KES,100,0.78
2024-12-15,Eastern,Isiolo,Benane,10368,0.5,38.66,milk and dairy,"Milk (cow, pasteurized)",472,L,actual,Retail,KES,60,0.47
2024-12-15,Eastern,Isiolo,Benane,10368,0.5,38.66,miscellaneous food,Salt,185,200 G,actual,Retail,KES,18,0.14
2024-12-15,Eastern,Isiolo,Benane,10368,0.5,38.66,miscellaneous food,Sugar,97,KG,actual,Retail,KES,157,1.22
2024-12-15,Eastern,Isiolo,Benane,10368,0.5,38.66,oil and fats,"Oil (vegetable, fortified)",494,L,actual,Retail,KES,347,2.69
2024-12-15,Eastern,Isiolo,Benane,10368,0.5,38.66,pulses and nuts,Cowpeas (dry),901,KG,actual,Retail,KES,170,1.32
2024-12-15,Eastern,Isiolo,Benane,10368,0.5,38.66,pulses and nuts,Pigeon peas (dry),937,KG,actual,Retail,KES,170,1.32
2024-12-15,Eastern,Isiolo,Boji,10383,0.57,38.34,cereals and tubers,Maize flour (white),134,KG,actual,Retail,KES,92,0.71
2024-12-15,Eastern,Isiolo,Boji,10383,0.57,38.34,cereals and tubers,Rice (aromatic),894,KG,actual,Retail,KES,152,1.18
2024-12-15,Eastern,Isiolo,Boji,10383,0.57,38.34,cereals and tubers,Wheat flour,58,KG,actual,Retail,KES,120,0.93
2024-12-15,Eastern,Isiolo,Boji,10383,0.57,38.34,miscellaneous food,Salt,185,200 G,actual,Retail,KES,17,0.13
2024-12-15,Eastern,Isiolo,Boji,10383,0.57,38.34,miscellaneous food,Sugar,97,KG,actual,Retail,KES,160,1.24
2024-12-15,Eastern,Isiolo,Boji,10383,0.57,38.34,oil and fats,"Oil (vegetable, fortified)",494,L,actual,Retail,KES,320,2.48
2024-12-15,Eastern,Isiolo,Bulesa Bulesa,10375,0.96,38.54,cereals and tubers,Maize flour (white),134,KG,actual,Retail,KES,101.5,0.79
2024-12-15,Eastern,Isiolo,Bulesa Bulesa,10375,0.96,38.54,cereals and tubers,Rice (aromatic),894,KG,actual,Retail,KES,132,1.02
2024-12-15,Eastern,Isiolo,Bulesa Bulesa,10375,0.96,38.54,cereals and tubers,Wheat flour,58,KG,actual,Retail,KES,118,0.91
2024-12-15,Eastern,Isiolo,Bulesa Bulesa,10375,0.96,38.54,milk and dairy,"Milk (cow, pasteurized)",472,L,actual,Retail,KES,85,0.66
2024-12-15,Eastern,Isiolo,Bulesa Bulesa,10375,0.96,38.54,miscellaneous food,Salt,185,200 G,actual,Retail,KES,10,0.078
2024-12-15,Eastern,Isiolo,Bulesa Bulesa,10375,0.96,38.54,miscellaneous food,Sugar,97,KG,actual,Retail,KES,157,1.22
2024-12-15,Eastern,Isiolo,Bulesa Bulesa,10375,0.96,38.54,oil and fats,"Oil (vegetable, fortified)",494,L,actual,Retail,KES,287,2.22
2024-12-15,Eastern,Isiolo,Bulesa Bulesa,10375,0.96,38.54,pulses and nuts,Cowpeas (dry),901,KG,actual,Retail,KES,170,1.32
2024-12-15,Eastern,Isiolo,Bulesa Bulesa,10375,0.96,38.54,pulses and nuts,Pigeon peas (dry),937,KG,actual,Retail,KES,185,1.43
2024-12-15,Eastern,Isiolo,Garbatulla,10384,0.53,38.51,cereals and tubers,Maize flour (white),134,KG,actual,Retail,KES,90,0.7
2024-12-15,Eastern,Isiolo,Garbatulla,10384,0.53,38.51,cereals and tubers,Rice (aromatic),894,KG,actual,Retail,KES,140,1.09
2024-12-15,Eastern,Isiolo,Garbatulla,10384,0.53,38.51,cereals and tubers,Wheat flour,58,KG,actual,Retail,KES,120,0.93
2024-12-15,Eastern,Isiolo,Garbatulla,10384,0.53,38.51,miscellaneous food,Salt,185,200 G,actual,Retail,KES,23,0.18
2024-12-15,Eastern,Isiolo,Garbatulla,10384,0.53,38.51,miscellaneous food,Sugar,97,KG,actual,Retail,KES,200,1.55
2024-12-15,Eastern,Isiolo,Garbatulla,10384,0.53,38.51,oil and fats,"Oil (vegetable, fortified)",494,L,actual,Retail,KES,320,2.48
2024-12-15,Eastern,Isiolo,Kipsing CENTER,10376,0.6,37.25,cereals and tubers,Maize flour (white),134,KG,actual,Retail,KES,66.5,0.52
2024-12-15,Eastern,Isiolo,Kipsing CENTER,10376,0.6,37.25,cereals and tubers,Rice (aromatic),894,KG,actual,Retail,KES,132,1.02
2024-12-15,Eastern,Isiolo,Kipsing CENTER,10376,0.6,37.25,cereals and tubers,Wheat flour,58,KG,actual,Retail,KES,115,0.89
2024-12-15,Eastern,Isiolo,Kipsing CENTER,10376,0.6,37.25,milk and dairy,"Milk (cow, pasteurized)",472,L,actual,Retail,KES,150,1.16
2024-12-15,Eastern,Isiolo,Kipsing CENTER,10376,0.6,37.25,miscellaneous food,Salt,185,200 G,actual,Retail,KES,13,0.1
2024-12-15,Eastern,Isiolo,Kipsing CENTER,10376,0.6,37.25,miscellaneous food,Sugar,97,KG,actual,Retail,KES,152,1.18
2024-12-15,Eastern,Isiolo,Kipsing CENTER,10376,0.6,37.25,oil and fats,"Oil (vegetable, fortified)",494,L,actual,Retail,KES,323,2.5
2024-12-15,Eastern,Isiolo,Malkadaka,10386,0.84,38.5,cereals and tubers,Maize flour (white),134,KG,actual,Retail,KES,100.5,0.78
2024-12-15,Eastern,Isiolo,Malkadaka,10386,0.84,38.5,cereals and tubers,Rice (aromatic),894,KG,actual,Retail,KES,133,1.03
2024-12-15,Eastern,Isiolo,Malkadaka,10386,0.84,38.5,cereals and tubers,Wheat flour,58,KG,actual,Retail,KES,125,0.97
2024-12-15,Eastern,Isiolo,Malkadaka,10386,0.84,38.5,miscellaneous food,Salt,185,200 G,actual,Retail,KES,13,0.1
2024-12-15,Eastern,Isiolo,Malkadaka,10386,0.84,38.5,miscellaneous food,Sugar,97,KG,actual,Retail,KES,160,1.24
2024-12-15,Eastern,Isiolo,Malkadaka,10386,0.84,38.5,oil and fats,"Oil (vegetable, fortified)",494,L,actual,Retail,KES,320,2.48
2024-12-15,Eastern,Isiolo,Merti CENTER,10378,1.07,38.67,cereals and tubers,Maize flour (white),134,KG,actual,Retail,KES,108,0.84
2024-12-15,Eastern,Isiolo,Merti CENTER,10378,1.07,38.67,cereals and tubers,Rice (aromatic),894,KG,actual,Retail,KES,124,0.96
2024-12-15,Eastern,Isiolo,Merti CENTER,10378,1.07,38.67,cereals and tubers,Wheat flour,58,KG,actual,Retail,KES,105,0.81
2024-12-15,Eastern,Isiolo,Merti CENTER,10378,1.07,38.67,milk and dairy,"Milk (cow, pasteurized)",472,L,actual,Retail,KES,137,1.06
2024-12-15,Eastern,Isiolo,Merti CENTER,10378,1.07,38.67,miscellaneous food,Salt,185,200 G,actual,Retail,KES,12,0.093
2024-12-15,Eastern,Isiolo,Merti CENTER,10378,1.07,38.67,miscellaneous food,Sugar,97,KG,actual,Retail,KES,174,1.35
2024-12-15,Eastern,Isiolo,Merti CENTER,10378,1.07,38.67,oil and fats,"Oil (vegetable, fortified)",494,L,actual,Retail,KES,267,2.07
2024-12-15,Eastern,Isiolo,Merti CENTER,10378,1.07,38.67,vegetables and fruits,Spinach,404,KG,actual,Retail,KES,50,0.39
2024-12-15,Eastern,Isiolo,Modogashe,10371,0.73,39.17,cereals and tubers,Maize flour (white),134,KG,actual,Retail,KES,88.25,0.68
2024-12-15,Eastern,Isiolo,Modogashe,10371,0.73,39.17,cereals and tubers,Rice (aromatic),894,KG,actual,Retail,KES,130,1.01
2024-12-15,Eastern,Isiolo,Modogashe,10371,0.73,39.17,cereals and tubers,Wheat flour,58,KG,actual,Retail,KES,100,0.78
2024-12-15,Eastern,Isiolo,Modogashe,10371,0.73,39.17,milk and dairy,"Milk (cow, pasteurized)",472,L,actual,Retail,KES,85,0.66
2024-12-15,Eastern,Isiolo,Modogashe,10371,0.73,39.17,miscellaneous food,Salt,185,200 G,actual,Retail,KES,13,0.1
2024-12-15,Eastern,Isiolo,Modogashe,10371,0.73,39.17,miscellaneous food,Sugar,97,KG,actual,Retail,KES,153.5,1.19
2024-12-15,Eastern,Isiolo,Modogashe,10371,0.73,39.17,oil and fats,"Oil (vegetable, fortified)",494,L,actual,Retail,KES,271.5,2.1
2024-12-15,Eastern,Isiolo,Modogashe,10371,0.73,39.17,pulses and nuts,Cowpeas (dry),901,KG,actual,Retail,KES,178.5,1.38
2024-12-15,Eastern,Isiolo,Modogashe,10371,0.73,39.17,pulses and nuts,Pigeon peas (dry),937,KG,actual,Retail,KES,163,1.26
2024-12-15,Eastern,Isiolo,Modogashe,10371,0.73,39.17,vegetables and fruits,Kale,796,KG,actual,Retail,KES,60,0.47
2024-12-15,Eastern,Isiolo,Modogashe,10371,0.73,39.17,vegetables and fruits,Spinach,404,KG,actual,Retail,KES,60,0.47
2024-12-15,Eastern,Isiolo,Oldonyiro,10380,0.62,36.99,cereals and tubers,Maize flour (white),134,KG,actual,Retail,KES,64.5,0.5
2024-12-15,Eastern,Isiolo,Oldonyiro,10380,0.62,36.99,cereals and tubers,Rice (aromatic),894,KG,actual,Retail,KES,131,1.02
2024-12-15,Eastern,Isiolo,Oldonyiro,10380,0.62,36.99,cereals and tubers,Wheat flour,58,KG,actual,Retail,KES,107,0.83
2024-12-15,Eastern,Isiolo,Oldonyiro,10380,0.62,36.99,milk and dairy,"Milk (cow, pasteurized)",472,L,actual,Retail,KES,120,0.93
2024-12-15,Eastern,Isiolo,Oldonyiro,10380,0.62,36.99,miscellaneous food,Salt,185,200 G,actual,Retail,KES,15,0.12
2024-12-15,Eastern,Isiolo,Oldonyiro,10380,0.62,36.99,miscellaneous food,Sugar,97,KG,actual,Retail,KES,152,1.18
2024-12-15,Eastern,Isiolo,Oldonyiro,10380,0.62,36.99,oil and fats,"Oil (vegetable, fortified)",494,L,actual,Retail,KES,295,2.29
2024-12-15,Eastern,Isiolo,Oldonyiro,10380,0.62,36.99,pulses and nuts,Cowpeas (dry),901,KG,actual,Retail,KES,143,1.11
2024-12-15,Eastern,Isiolo,Oldonyiro,10380,0.62,36.99,pulses and nuts,Pigeon peas (dry),937,KG,actual,Retail,KES,153,1.19
2024-12-15,Eastern,Isiolo,Sericho Center,10387,1.13,39.1,cereals and tubers,Maize flour (white),134,KG,actual,Retail,KES,100,0.78
2024-12-15,Eastern,Isiolo,Sericho Center,10387,1.13,39.1,cereals and tubers,Rice (aromatic),894,KG,actual,Retail,KES,130,1.01
2024-12-15,Eastern,Isiolo,Sericho Center,10387,1.13,39.1,cereals and tubers,Wheat flour,58,KG,actual,Retail,KES,120,0.93
2024-12-15,Eastern,Isiolo,Sericho Center,10387,1.13,39.1,miscellaneous food,Salt,185,200 G,actual,Retail,KES,10,0.078
2024-12-15,Eastern,Isiolo,Sericho Center,10387,1.13,39.1,miscellaneous food,Sugar,97,KG,actual,Retail,KES,150,1.16
2024-12-15,Eastern,Isiolo,Sericho Center,10387,1.13,39.1,oil and fats,"Oil (vegetable, fortified)",494,L,actual,Retail,KES,333,2.58
2024-12-15,Eastern,Makueni,Kathonzweni (Makueni),5666,-1.91,37.73,cereals and tubers,"Maize (white, dry)",440,90 KG,actual,Wholesale,KES,3600,27.9
2024-12-15,Eastern,Makueni,Kathonzweni (Makueni),5666,-1.91,37.73,cereals and tubers,"Potatoes (Irish, red)",890,50 KG,actual,Wholesale,KES,2500,19.38
2024-12-15,Eastern,Makueni,Kathonzweni (Makueni),5666,-1.91,37.73,pulses and nuts,Cowpeas,218,90 KG,actual,Wholesale,KES,8100,62.78
2024-12-15,Eastern,Makueni,Kathonzweni (Makueni),5666,-1.91,37.73,vegetables and fruits,Cabbage,181,126 KG,actual,Wholesale,KES,2240.28,17.36
2024-12-15,Eastern,Makueni,Kathonzweni (Makueni),5666,-1.91,37.73,vegetables and fruits,Kale,796,50 KG,actual,Wholesale,KES,1416.5,10.98
2024-12-15,Eastern,Makueni,Kathonzweni (Makueni),5666,-1.91,37.73,vegetables and fruits,Onions (dry),892,13 KG,actual,Wholesale,KES,910,7.05
2024-12-15,Eastern,Makueni,Kathonzweni (Makueni),5666,-1.91,37.73,vegetables and fruits,Tomatoes,114,64 KG,actual,Wholesale,KES,3093.12,23.97
2024-12-15,Eastern,Marsabit,Kargi,6225,2.49,37.56,cereals and tubers,Maize flour (white),134,KG,actual,Retail,KES,90,0.7
2024-12-15,Eastern,Marsabit,Kargi,6225,2.49,37.56,cereals and tubers,Rice (aromatic),894,KG,actual,Retail,KES,127,0.98
2024-12-15,Eastern,Marsabit,Kargi,6225,2.49,37.56,cereals and tubers,Wheat flour,58,KG,actual,Retail,KES,120,0.93
2024-12-15,Eastern,Marsabit,Kargi,6225,2.49,37.56,milk and dairy,"Milk (cow, pasteurized)",472,L,actual,Retail,KES,160,1.24
2024-12-15,Eastern,Marsabit,Kargi,6225,2.49,37.56,miscellaneous food,Salt,185,200 G,actual,Retail,KES,10,0.078
2024-12-15,Eastern,Marsabit,Kargi,6225,2.49,37.56,miscellaneous food,Sugar,97,KG,actual,Retail,KES,157,1.22
2024-12-15,Eastern,Marsabit,Kargi,6225,2.49,37.56,oil and fats,"Oil (vegetable, fortified)",494,L,actual,Retail,KES,300,2.33
2024-12-15,Eastern,Marsabit,Kargi,6225,2.49,37.56,vegetables and fruits,Kale,796,KG,actual,Retail,KES,50,0.39
2024-12-15,Eastern,Marsabit,Kargi,6225,2.49,37.56,vegetables and fruits,Spinach,404,KG,actual,Retail,KES,50,0.39
2024-12-15,Eastern,Marsabit,Korr,6224,2.01,37.5,cereals and tubers,Maize flour (white),134,KG,actual,Retail,KES,83,0.64
2024-12-15,Eastern,Marsabit,Korr,6224,2.01,37.5,cereals and tubers,Rice (aromatic),894,KG,actual,Retail,KES,140,1.09
2024-12-15,Eastern,Marsabit,Korr,6224,2.01,37.5,cereals and tubers,Wheat flour,58,KG,actual,Retail,KES,117,0.91
2024-12-15,Eastern,Marsabit,Korr,6224,2.01,37.5,milk and dairy,"Milk (cow, pasteurized)",472,L,actual,Retail,KES,120,0.93
2024-12-15,Eastern,Marsabit,Korr,6224,2.01,37.5,miscellaneous food,Salt,185,200 G,actual,Retail,KES,10,0.078
2024-12-15,Eastern,Marsabit,Korr,6224,2.01,37.5,miscellaneous food,Sugar,97,KG,actual,Retail,KES,157,1.22
2024-12-15,Eastern,Marsabit,Korr,6224,2.01,37.5,oil and fats,"Oil (vegetable, fortified)",494,L,actual,Retail,KES,313,2.43
2024-12-15,Eastern,Marsabit,Laisamis Town,6218,1.58,37.8,cereals and tubers,Rice (aromatic),894,KG,actual,Retail,KES,120,0.93
2024-12-15,Eastern,Marsabit,Laisamis Town,6218,1.58,37.8,miscellaneous food,Sugar,97,KG,actual,Retail,KES,160,1.24
2024-12-15,Eastern,Marsabit,Loyangalani,6226,2.76,36.72,cereals and tubers,Maize flour (white),134,KG,actual,Retail,KES,91.5,0.71
2024-12-15,Eastern,Marsabit,Loyangalani,6226,2.76,36.72,cereals and tubers,Rice (aromatic),894,KG,actual,Retail,KES,160,1.24
2024-12-15,Eastern,Marsabit,Loyangalani,6226,2.76,36.72,cereals and tubers,Wheat flour,58,KG,actual,Retail,KES,112,0.87
2024-12-15,Eastern,Marsabit,Loyangalani,6226,2.76,36.72,milk and dairy,"Milk (cow, pasteurized)",472,L,actual,Retail,KES,160,1.24
2024-12-15,Eastern,Marsabit,Loyangalani,6226,2.76,36.72,miscellaneous food,Salt,185,200 G,actual,Retail,KES,10,0.078
2024-12-15,Eastern,Marsabit,Loyangalani,6226,2.76,36.72,miscellaneous food,Sugar,97,KG,actual,Retail,KES,180,1.4
2024-12-15,Eastern,Marsabit,Loyangalani,6226,2.76,36.72,oil and fats,"Oil (vegetable, fortified)",494,L,actual,Retail,KES,350,2.71
2024-12-15,Eastern,Marsabit,Loyangalani,6226,2.76,36.72,pulses and nuts,Cowpeas (dry),901,KG,actual,Retail,KES,200,1.55
2024-12-15,Eastern,Marsabit,Loyangalani,6226,2.76,36.72,pulses and nuts,Pigeon peas (dry),937,KG,actual,Retail,KES,400,3.1
2024-12-15,Eastern,Meru North,Ngaremara,10379,0.5,37.64,cereals and tubers,Maize flour (white),134,KG,actual,Retail,KES,61.5,0.48
2024-12-15,Eastern,Meru North,Ngaremara,10379,0.5,37.64,cereals and tubers,Rice (aromatic),894,KG,actual,Retail,KES,120,0.93
2024-12-15,Eastern,Meru North,Ngaremara,10379,0.5,37.64,cereals and tubers,Wheat flour,58,KG,actual,Retail,KES,116,0.9
2024-12-15,Eastern,Meru North,Ngaremara,10379,0.5,37.64,milk and dairy,"Milk (cow, pasteurized)",472,L,actual,Retail,KES,100,0.78
2024-12-15,Eastern,Meru North,Ngaremara,10379,0.5,37.64,miscellaneous food,Salt,185,200 G,actual,Retail,KES,10,0.078
2024-12-15,Eastern,Meru North,Ngaremara,10379,0.5,37.64,miscellaneous food,Sugar,97,KG,actual,Retail,KES,148,1.15
2024-12-15,Eastern,Meru North,Ngaremara,10379,0.5,37.64,oil and fats,"Oil (vegetable, fortified)",494,L,actual,Retail,KES,296,2.29
2024-12-15,Eastern,Meru North,Ngaremara,10379,0.5,37.64,pulses and nuts,Cowpeas (dry),901,KG,actual,Retail,KES,135,1.05
2024-12-15,Eastern,Meru North,Ngaremara,10379,0.5,37.64,pulses and nuts,Pigeon peas (dry),937,KG,actual,Retail,KES,135,1.05
2024-12-15,Eastern,Meru North,Ngaremara,10379,0.5,37.64,vegetables and fruits,Kale,796,KG,actual,Retail,KES,50,0.39
2024-12-15,Eastern,Meru North,Ngaremara,10379,0.5,37.64,vegetables and fruits,Spinach,404,KG,actual,Retail,KES,50,0.39
2024-12-15,Eastern,Moyale,Sololo,6229,3.56,38.65,cereals and tubers,Maize flour (white),134,KG,actual,Retail,KES,87.5,0.68
2024-12-15,Eastern,Moyale,Sololo,6229,3.56,38.65,cereals and tubers,Rice (aromatic),894,KG,actual,Retail,KES,120,0.93
2024-12-15,Eastern,Moyale,Sololo,6229,3.56,38.65,cereals and tubers,Wheat flour,58,KG,actual,Retail,KES,120,0.93
2024-12-15,Eastern,Moyale,Sololo,6229,3.56,38.65,miscellaneous food,Sugar,97,KG,actual,Retail,KES,140,1.09
2024-12-15,Eastern,Moyale,Sololo,6229,3.56,38.65,oil and fats,"Oil (vegetable, fortified)",494,L,actual,Retail,KES,300,2.33
2024-12-15,Nairobi,Nairobi,Kangemi (Nairobi),4626,-1.27,36.74,cereals and tubers,"Maize (white, dry)",440,90 KG,actual,Wholesale,KES,3950.1,30.62
2024-12-15,Nairobi,Nairobi,Kangemi (Nairobi),4626,-1.27,36.74,cereals and tubers,"Potatoes (Irish, white)",891,50 KG,actual,Wholesale,KES,1958.5,15.18
2024-12-15,Nairobi,Nairobi,Kangemi (Nairobi),4626,-1.27,36.74,pulses and nuts,Beans (dolichos),896,90 KG,actual,Wholesale,KES,10066.5,78.02
2024-12-15,Nairobi,Nairobi,Kangemi (Nairobi),4626,-1.27,36.74,pulses and nuts,Beans (rosecoco),897,90 KG,actual,Wholesale,KES,10950.3,84.87
2024-12-15,Nairobi,Nairobi,Kangemi (Nairobi),4626,-1.27,36.74,pulses and nuts,Cowpeas,218,90 KG,actual,Wholesale,KES,8000.1,62.01
2024-12-15,North Eastern,Garissa,Alango Arba,10354,-0.1,39.99,cereals and tubers,Maize flour (white),134,KG,actual,Retail,KES,113.5,0.88
2024-12-15,North Eastern,Garissa,Alango Arba,10354,-0.1,39.99,cereals and tubers,Rice (aromatic),894,KG,actual,Retail,KES,146,1.13
2024-12-15,North Eastern,Garissa,Alango Arba,10354,-0.1,39.99,cereals and tubers,Wheat flour,58,KG,actual,Retail,KES,110,0.85
2024-12-15,North Eastern,Garissa,Alango Arba,10354,-0.1,39.99,milk and dairy,"Milk (cow, pasteurized)",472,L,actual,Retail,KES,117,0.91
2024-12-15,North Eastern,Garissa,Alango Arba,10354,-0.1,39.99,miscellaneous food,Salt,185,200 G,actual,Retail,KES,11,0.085
2024-12-15,North Eastern,Garissa,Alango Arba,10354,-0.1,39.99,miscellaneous food,Sugar,97,KG,actual,Retail,KES,172,1.33
2024-12-15,North Eastern,Garissa,Alango Arba,10354,-0.1,39.99,oil and fats,"Oil (vegetable, fortified)",494,L,actual,Retail,KES,283,2.19
2024-12-15,North Eastern,Garissa,Alinjugur,10362,-0.03,40.46,cereals and tubers,Rice (aromatic),894,KG,actual,Retail,KES,161,1.25
2024-12-15,North Eastern,Garissa,Alinjugur,10362,-0.03,40.46,cereals and tubers,Wheat flour,58,KG,actual,Retail,KES,120,0.93
2024-12-15,North Eastern,Garissa,Alinjugur,10362,-0.03,40.46,milk and dairy,"Milk (cow, pasteurized)",472,L,actual,Retail,KES,128,0.99
2024-12-15,North Eastern,Garissa,Alinjugur,10362,-0.03,40.46,miscellaneous food,Salt,185,200 G,actual,Retail,KES,10,0.078
2024-12-15,North Eastern,Garissa,Alinjugur,10362,-0.03,40.46,miscellaneous food,Sugar,97,KG,actual,Retail,KES,156,1.21
2024-12-15,North Eastern,Garissa,Alinjugur,10362,-0.03,40.46,oil and fats,"Oil (vegetable, fortified)",494,L,actual,Retail,KES,322,2.5
2024-12-15,North Eastern,Garissa,Dadaab town,3243,0.06,40.31,cereals and tubers,Maize flour (white),134,KG,actual,Retail,KES,116.5,0.9
2024-12-15,North Eastern,Garissa,Dadaab town,3243,0.06,40.31,cereals and tubers,Rice (aromatic),894,KG,actual,Retail,KES,152,1.18
2024-12-15,North Eastern,Garissa,Dadaab town,3243,0.06,40.31,cereals and tubers,Wheat flour,58,KG,actual,Retail,KES,100,0.78
2024-12-15,North Eastern,Garissa,Dadaab town,3243,0.06,40.31,milk and dairy,"Milk (cow, pasteurized)",472,L,actual,Retail,KES,152,1.18
2024-12-15,North Eastern,Garissa,Dadaab town,3243,0.06,40.31,miscellaneous food,Salt,185,200 G,actual,Retail,KES,10,0.078
2024-12-15,North Eastern,Garissa,Dadaab town,3243,0.06,40.31,miscellaneous food,Sugar,97,KG,actual,Retail,KES,144,1.12
2024-12-15,North Eastern,Garissa,Dadaab town,3243,0.06,40.31,oil and fats,"Oil (vegetable, fortified)",494,L,actual,Retail,KES,316,2.45
2024-12-15,North Eastern,Garissa,Dadaab town,3243,0.06,40.31,pulses and nuts,Cowpeas (dry),901,KG,actual,Retail,KES,183,1.42
2024-12-15,North Eastern,Garissa,Dagahaley (Daadab),3252,0.19,40.29,cereals and tubers,Maize flour (white),134,KG,actual,Retail,KES,96.5,0.75
2024-12-15,North Eastern,Garissa,Dagahaley (Daadab),3252,0.19,40.29,cereals and tubers,Rice (aromatic),894,KG,actual,Retail,KES,138,1.07
2024-12-15,North Eastern,Garissa,Dagahaley (Daadab),3252,0.19,40.29,milk and dairy,"Milk (cow, pasteurized)",472,L,actual,Retail,KES,193,1.5
2024-12-15,North Eastern,Garissa,Dagahaley (Daadab),3252,0.19,40.29,oil and fats,"Oil (vegetable, fortified)",494,L,actual,Retail,KES,242,1.88
2024-12-15,North Eastern,Garissa,Dagahaley (Daadab),3252,0.19,40.29,pulses and nuts,Cowpeas (dry),901,KG,actual,Retail,KES,115,0.89
2024-12-15,North Eastern,Garissa,Dagahaley (Daadab),3252,0.19,40.29,vegetables and fruits,Kale,796,KG,actual,Retail,KES,96,0.74
2024-12-15,North Eastern,Garissa,Damajale,10355,0.1,40.78,cereals and tubers,Maize flour (white),134,KG,actual,Retail,KES,117,0.91
2024-12-15,North Eastern,Garissa,Damajale,10355,0.1,40.78,cereals and tubers,Rice (aromatic),894,KG,actual,Retail,KES,160,1.24
2024-12-15,North Eastern,Garissa,Damajale,10355,0.1,40.78,cereals and tubers,Wheat flour,58,KG,actual,Retail,KES,120,0.93
2024-12-15,North Eastern,Garissa,Damajale,10355,0.1,40.78,milk and dairy,"Milk (cow, pasteurized)",472,L,actual,Retail,KES,120,0.93
2024-12-15,North Eastern,Garissa,Damajale,10355,0.1,40.78,miscellaneous food,Salt,185,200 G,actual,Retail,KES,10,0.078
2024-12-15,North Eastern,Garissa,Damajale,10355,0.1,40.78,miscellaneous food,Sugar,97,KG,actual,Retail,KES,158,1.22
2024-12-15,North Eastern,Garissa,Damajale,10355,0.1,40.78,oil and fats,"Oil (vegetable, fortified)",494,L,actual,Retail,KES,313,2.43
2024-12-15,North Eastern,Garissa,Dertu,10358,0.28,39.8,cereals and tubers,Maize flour (white),134,KG,actual,Retail,KES,93.5,0.72
2024-12-15,North Eastern,Garissa,Dertu,10358,0.28,39.8,cereals and tubers,Rice (aromatic),894,KG,actual,Retail,KES,113,0.88
2024-12-15,North Eastern,Garissa,Dertu,10358,0.28,39.8,cereals and tubers,Wheat flour,58,KG,actual,Retail,KES,103,0.8
2024-12-15,North Eastern,Garissa,Dertu,10358,0.28,39.8,milk and dairy,"Milk (cow, pasteurized)",472,L,actual,Retail,KES,70,0.54
2024-12-15,North Eastern,Garissa,Dertu,10358,0.28,39.8,miscellaneous food,Salt,185,200 G,actual,Retail,KES,25,0.19
2024-12-15,North Eastern,Garissa,Dertu,10358,0.28,39.8,miscellaneous food,Sugar,97,KG,actual,Retail,KES,150,1.16
2024-12-15,North Eastern,Garissa,Dertu,10358,0.28,39.8,oil and fats,"Oil (vegetable, fortified)",494,L,actual,Retail,KES,327,2.53
2024-12-15,North Eastern,Garissa,Dertu,10358,0.28,39.8,pulses and nuts,Cowpeas (dry),901,KG,actual,Retail,KES,180,1.4
2024-12-15,North Eastern,Garissa,Dertu,10358,0.28,39.8,pulses and nuts,Pigeon peas (dry),937,KG,actual,Retail,KES,160,1.24
2024-12-15,North Eastern,Garissa,Hagadera (Daadab),3254,0.01,40.37,cereals and tubers,Maize flour (white),134,KG,actual,Retail,KES,81.5,0.63
2024-12-15,North Eastern,Garissa,Hagadera (Daadab),3254,0.01,40.37,cereals and tubers,Rice (aromatic),894,KG,actual,Retail,KES,100,0.78
2024-12-15,North Eastern,Garissa,Hagadera (Daadab),3254,0.01,40.37,milk and dairy,"Milk (cow, pasteurized)",472,L,actual,Retail,KES,178,1.38
2024-12-15,North Eastern,Garissa,Hagadera (Daadab),3254,0.01,40.37,oil and fats,"Oil (vegetable, fortified)",494,L,actual,Retail,KES,285,2.21
2024-12-15,North Eastern,Garissa,Hagadera (Daadab),3254,0.01,40.37,pulses and nuts,Cowpeas (dry),901,KG,actual,Retail,KES,123,0.95
2024-12-15,North Eastern,Garissa,Hagadera (Daadab),3254,0.01,40.37,vegetables and fruits,Kale,796,KG,actual,Retail,KES,96,0.74
2024-12-15,North Eastern,Garissa,IFO (Daadab),3255,0.11,40.32,cereals and tubers,Maize flour (white),134,KG,actual,Retail,KES,91.5,0.71
2024-12-15,North Eastern,Garissa,IFO (Daadab),3255,0.11,40.32,cereals and tubers,Rice (aromatic),894,KG,actual,Retail,KES,107,0.83
2024-12-15,North Eastern,Garissa,IFO (Daadab),3255,0.11,40.32,milk and dairy,"Milk (cow, pasteurized)",472,L,actual,Retail,KES,177,1.37
2024-12-15,North Eastern,Garissa,IFO (Daadab),3255,0.11,40.32,oil and fats,"Oil (vegetable, fortified)",494,L,actual,Retail,KES,256,1.98
2024-12-15,North Eastern,Garissa,IFO (Daadab),3255,0.11,40.32,pulses and nuts,Cowpeas (dry),901,KG,actual,Retail,KES,152,1.18
2024-12-15,North Eastern,Garissa,IFO (Daadab),3255,0.11,40.32,vegetables and fruits,Kale,796,KG,actual,Retail,KES,99,0.77
2024-12-15,North Eastern,Garissa,Jarajara,10352,-0.04,39.01,cereals and tubers,Maize flour (white),134,KG,actual,Retail,KES,95.5,0.74
2024-12-15,North Eastern,Garissa,Jarajara,10352,-0.04,39.01,cereals and tubers,Rice (aromatic),894,KG,actual,Retail,KES,132,1.02
2024-12-15,North Eastern,Garissa,Jarajara,10352,-0.04,39.01,cereals and tubers,Wheat flour,58,KG,actual,Retail,KES,100,0.78
2024-12-15,North Eastern,Garissa,Jarajara,10352,-0.04,39.01,milk and dairy,"Milk (cow, pasteurized)",472,L,actual,Retail,KES,50,0.39
2024-12-15,North Eastern,Garissa,Jarajara,10352,-0.04,39.01,miscellaneous food,Salt,185,200 G,actual,Retail,KES,20,0.16
2024-12-15,North Eastern,Garissa,Jarajara,10352,-0.04,39.01,miscellaneous food,Sugar,97,KG,actual,Retail,KES,147,1.14
2024-12-15,North Eastern,Garissa,Jarajara,10352,-0.04,39.01,oil and fats,"Oil (vegetable, fortified)",494,L,actual,Retail,KES,330,2.56
2024-12-15,North Eastern,Garissa,Jarajara,10352,-0.04,39.01,pulses and nuts,Cowpeas (dry),901,KG,actual,Retail,KES,170,1.32
2024-12-15,North Eastern,Garissa,Jarajara,10352,-0.04,39.01,pulses and nuts,Pigeon peas (dry),937,KG,actual,Retail,KES,170,1.32
2024-12-15,North Eastern,Garissa,Korakora,10360,-0.61,39.78,cereals and tubers,Maize flour (white),134,KG,actual,Retail,KES,80,0.62
2024-12-15,North Eastern,Garissa,Korakora,10360,-0.61,39.78,cereals and tubers,Rice (aromatic),894,KG,actual,Retail,KES,120,0.93
2024-12-15,North Eastern,Garissa,Korakora,10360,-0.61,39.78,cereals and tubers,Wheat flour,58,KG,actual,Retail,KES,103,0.8
2024-12-15,North Eastern,Garissa,Korakora,10360,-0.61,39.78,milk and dairy,"Milk (cow, pasteurized)",472,L,actual,Retail,KES,75,0.58
2024-12-15,North Eastern,Garissa,Korakora,10360,-0.61,39.78,miscellaneous food,Salt,185,200 G,actual,Retail,KES,10,0.078
2024-12-15,North Eastern,Garissa,Korakora,10360,-0.61,39.78,miscellaneous food,Sugar,97,KG,actual,Retail,KES,162,1.26
2024-12-15,North Eastern,Garissa,Korakora,10360,-0.61,39.78,oil and fats,"Oil (vegetable, fortified)",494,L,actual,Retail,KES,330,2.56
2024-12-15,North Eastern,Garissa,Korakora,10360,-0.61,39.78,pulses and nuts,Cowpeas (dry),901,KG,actual,Retail,KES,170,1.32
2024-12-15,North Eastern,Garissa,Korakora,10360,-0.61,39.78,pulses and nuts,Pigeon peas (dry),937,KG,actual,Retail,KES,170,1.32
2024-12-15,North Eastern,Garissa,Maalamin,10370,0.38,39.35,cereals and tubers,Maize flour (white),134,KG,actual,Retail,KES,92.5,0.72
2024-12-15,North Eastern,Garissa,Maalamin,10370,0.38,39.35,cereals and tubers,Rice (aromatic),894,KG,actual,Retail,KES,130,1.01
2024-12-15,North Eastern,Garissa,Maalamin,10370,0.38,39.35,cereals and tubers,Wheat flour,58,KG,actual,Retail,KES,100,0.78
2024-12-15,North Eastern,Garissa,Maalamin,10370,0.38,39.35,milk and dairy,"Milk (cow, pasteurized)",472,L,actual,Retail,KES,60,0.47
2024-12-15,North Eastern,Garissa,Maalamin,10370,0.38,39.35,miscellaneous food,Salt,185,200 G,actual,Retail,KES,18,0.14
2024-12-15,North Eastern,Garissa,Maalamin,10370,0.38,39.35,miscellaneous food,Sugar,97,KG,actual,Retail,KES,143,1.11
2024-12-15,North Eastern,Garissa,Maalamin,10370,0.38,39.35,oil and fats,"Oil (vegetable, fortified)",494,L,actual,Retail,KES,337,2.61
2024-12-15,North Eastern,Garissa,Maalamin,10370,0.38,39.35,pulses and nuts,Cowpeas (dry),901,KG,actual,Retail,KES,167,1.29
2024-12-15,North Eastern,Garissa,Maalamin,10370,0.38,39.35,pulses and nuts,Pigeon peas (dry),937,KG,actual,Retail,KES,170,1.32
2024-12-15,North Eastern,Garissa,Nanigi,10361,-0.85,39.87,cereals and tubers,Wheat flour,58,KG,actual,Retail,KES,97,0.75
2024-12-15,North Eastern,Garissa,Nanigi,10361,-0.85,39.87,milk and dairy,"Milk (cow, pasteurized)",472,L,actual,Retail,KES,50,0.39
2024-12-15,North Eastern,Garissa,Nanigi,10361,-0.85,39.87,miscellaneous food,Salt,185,200 G,actual,Retail,KES,12,0.093
2024-12-15,North Eastern,Garissa,Nanigi,10361,-0.85,39.87,miscellaneous food,Sugar,97,KG,actual,Retail,KES,162,1.26
2024-12-15,North Eastern,Garissa,Nanigi,10361,-0.85,39.87,oil and fats,"Oil (vegetable, fortified)",494,L,actual,Retail,KES,323,2.5
2024-12-15,North Eastern,Garissa,Nanigi,10361,-0.85,39.87,pulses and nuts,Cowpeas (dry),901,KG,actual,Retail,KES,163,1.26
2024-12-15,North Eastern,Garissa,Nanigi,10361,-0.85,39.87,pulses and nuts,Pigeon peas (dry),937,KG,actual,Retail,KES,167,1.29
2024-12-15,North Eastern,Garissa,Saretho,10357,-0.03,40.13,cereals and tubers,Maize flour (white),134,KG,actual,Retail,KES,116.5,0.9
2024-12-15,North Eastern,Garissa,Saretho,10357,-0.03,40.13,cereals and tubers,Rice (aromatic),894,KG,actual,Retail,KES,163,1.26
2024-12-15,North Eastern,Garissa,Saretho,10357,-0.03,40.13,cereals and tubers,Wheat flour,58,KG,actual,Retail,KES,113,0.88
2024-12-15,North Eastern,Garissa,Saretho,10357,-0.03,40.13,milk and dairy,"Milk (cow, pasteurized)",472,L,actual,Retail,KES,130,1.01
2024-12-15,North Eastern,Garissa,Saretho,10357,-0.03,40.13,miscellaneous food,Salt,185,200 G,actual,Retail,KES,11,0.085
2024-12-15,North Eastern,Garissa,Saretho,10357,-0.03,40.13,miscellaneous food,Sugar,97,KG,actual,Retail,KES,159,1.23
2024-12-15,North Eastern,Garissa,Saretho,10357,-0.03,40.13,oil and fats,"Oil (vegetable, fortified)",494,L,actual,Retail,KES,300,2.33
2024-12-15,North Eastern,Garissa,Shanta Abak,10369,0.46,39.74,cereals and tubers,Maize flour (white),134,KG,actual,Retail,KES,99,0.77
2024-12-15,North Eastern,Garissa,Shanta Abak,10369,0.46,39.74,cereals and tubers,Rice (aromatic),894,KG,actual,Retail,KES,107,0.83
2024-12-15,North Eastern,Garissa,Shanta Abak,10369,0.46,39.74,cereals and tubers,Wheat flour,58,KG,actual,Retail,KES,113,0.88
2024-12-15,North Eastern,Garissa,Shanta Abak,10369,0.46,39.74,milk and dairy,"Milk (cow, pasteurized)",472,L,actual,Retail,KES,60,0.47
2024-12-15,North Eastern,Garissa,Shanta Abak,10369,0.46,39.74,miscellaneous food,Salt,185,200 G,actual,Retail,KES,25,0.19
2024-12-15,North Eastern,Garissa,Shanta Abak,10369,0.46,39.74,miscellaneous food,Sugar,97,KG,actual,Retail,KES,150,1.16
2024-12-15,North Eastern,Garissa,Shanta Abak,10369,0.46,39.74,oil and fats,"Oil (vegetable, fortified)",494,L,actual,Retail,KES,333,2.58
2024-12-15,North Eastern,Garissa,Shanta Abak,10369,0.46,39.74,pulses and nuts,Cowpeas (dry),901,KG,actual,Retail,KES,170,1.32
2024-12-15,North Eastern,Mandera,Mandera,189,3.94,41.86,cereals and tubers,Maize flour (white),134,KG,actual,Retail,KES,50,0.39
2024-12-15,North Eastern,Mandera,Mandera,189,3.94,41.86,cereals and tubers,Rice (aromatic),894,KG,actual,Retail,KES,120,0.93
2024-12-15,North Eastern,Mandera,Mandera,189,3.94,41.86,cereals and tubers,Wheat flour,58,KG,actual,Retail,KES,120,0.93
2024-12-15,North Eastern,Mandera,Mandera,189,3.94,41.86,milk and dairy,"Milk (cow, pasteurized)",472,L,actual,Retail,KES,100,0.78
2024-12-15,North Eastern,Mandera,Mandera,189,3.94,41.86,miscellaneous food,Salt,185,200 G,actual,Retail,KES,15,0.12
2024-12-15,North Eastern,Mandera,Mandera,189,3.94,41.86,miscellaneous food,Sugar,97,KG,actual,Retail,KES,120,0.93
2024-12-15,North Eastern,Mandera,Mandera,189,3.94,41.86,oil and fats,"Oil (vegetable, fortified)",494,L,actual,Retail,KES,120,0.93
2024-12-15,North Eastern,Mandera,Suq Jini,10394,3.15,41.18,cereals and tubers,Maize flour (white),134,KG,actual,Retail,KES,100,0.78
2024-12-15,North Eastern,Mandera,Suq Jini,10394,3.15,41.18,cereals and tubers,Rice (aromatic),894,KG,actual,Retail,KES,143,1.11
2024-12-15,North Eastern,Mandera,Suq Jini,10394,3.15,41.18,cereals and tubers,Wheat flour,58,KG,actual,Retail,KES,100,0.78
2024-12-15,North Eastern,Mandera,Suq Jini,10394,3.15,41.18,milk and dairy,"Milk (cow, pasteurized)",472,L,actual,Retail,KES,133,1.03
2024-12-15,North Eastern,Mandera,Suq Jini,10394,3.15,41.18,miscellaneous food,Salt,185,200 G,actual,Retail,KES,20,0.16
2024-12-15,North Eastern,Mandera,Suq Jini,10394,3.15,41.18,miscellaneous food,Sugar,97,KG,actual,Retail,KES,143,1.11
2024-12-15,North Eastern,Mandera,Suq Jini,10394,3.15,41.18,oil and fats,"Oil (vegetable, fortified)",494,L,actual,Retail,KES,217,1.68
2024-12-15,North Eastern,Mandera,Suq Jini,10394,3.15,41.18,pulses and nuts,Cowpeas (dry),901,KG,actual,Retail,KES,233,1.81
2024-12-15,North Eastern,Wajir,Bute,6650,3.36,39.42,cereals and tubers,Maize flour (white),134,KG,actual,Retail,KES,105,0.81
2024-12-15,North Eastern,Wajir,Bute,6650,3.36,39.42,cereals and tubers,Rice (aromatic),894,KG,actual,Retail,KES,189,1.46
2024-12-15,North Eastern,Wajir,Bute,6650,3.36,39.42,cereals and tubers,Wheat flour,58,KG,actual,Retail,KES,111,0.86
2024-12-15,North Eastern,Wajir,Bute,6650,3.36,39.42,milk and dairy,"Milk (cow, pasteurized)",472,L,actual,Retail,KES,185,1.43
2024-12-15,North Eastern,Wajir,Bute,6650,3.36,39.42,miscellaneous food,Salt,185,200 G,actual,Retail,KES,13,0.1
2024-12-15,North Eastern,Wajir,Bute,6650,3.36,39.42,miscellaneous food,Sugar,97,KG,actual,Retail,KES,150,1.16
2024-12-15,North Eastern,Wajir,Bute,6650,3.36,39.42,oil and fats,"Oil (vegetable, fortified)",494,L,actual,Retail,KES,305,2.36
2024-12-15,North Eastern,Wajir,Bute,6650,3.36,39.42,pulses and nuts,Cowpeas (dry),901,KG,actual,Retail,KES,160,1.24
2024-12-15,North Eastern,Wajir,Bute,6650,3.36,39.42,pulses and nuts,Pigeon peas (dry),937,KG,actual,Retail,KES,180,1.4
2024-12-15,North Eastern,Wajir,Bute,6650,3.36,39.42,vegetables and fruits,Kale,796,KG,actual,Retail,KES,70,0.54
2024-12-15,North Eastern,Wajir,Eldas,6645,2.49,39.57,cereals and tubers,Maize flour (white),134,KG,actual,Retail,KES,108,0.84
2024-12-15,North Eastern,Wajir,Eldas,6645,2.49,39.57,cereals and tubers,Rice (aromatic),894,KG,actual,Retail,KES,161,1.25
2024-12-15,North Eastern,Wajir,Eldas,6645,2.49,39.57,cereals and tubers,Wheat flour,58,KG,actual,Retail,KES,108,0.84
2024-12-15,North Eastern,Wajir,Eldas,6645,2.49,39.57,milk and dairy,"Milk (cow, pasteurized)",472,L,actual,Retail,KES,150,1.16
2024-12-15,North Eastern,Wajir,Eldas,6645,2.49,39.57,miscellaneous food,Salt,185,200 G,actual,Retail,KES,11,0.085
2024-12-15,North Eastern,Wajir,Eldas,6645,2.49,39.57,miscellaneous food,Sugar,97,KG,actual,Retail,KES,138,1.07
2024-12-15,North Eastern,Wajir,Eldas,6645,2.49,39.57,oil and fats,"Oil (vegetable, fortified)",494,L,actual,Retail,KES,294,2.28
2024-12-15,North Eastern,Wajir,Eldas,6645,2.49,39.57,pulses and nuts,Cowpeas (dry),901,KG,actual,Retail,KES,166,1.29
2024-12-15,North Eastern,Wajir,Eldas,6645,2.49,39.57,pulses and nuts,Pigeon peas (dry),937,KG,actual,Retail,KES,175,1.36
2024-12-15,North Eastern,Wajir,Eldas,6645,2.49,39.57,vegetables and fruits,Kale,796,KG,actual,Retail,KES,55,0.43
2024-12-15,North Eastern,Wajir,Eldas,6645,2.49,39.57,vegetables and fruits,Spinach,404,KG,actual,Retail,KES,63,0.49
2024-12-15,North Eastern,Wajir,Griftu,6644,2,39.75,cereals and tubers,Maize flour (white),134,KG,actual,Retail,KES,99.5,0.77
2024-12-15,North Eastern,Wajir,Griftu,6644,2,39.75,cereals and tubers,Rice (aromatic),894,KG,actual,Retail,KES,154,1.19
2024-12-15,North Eastern,Wajir,Griftu,6644,2,39.75,cereals and tubers,Wheat flour,58,KG,actual,Retail,KES,109,0.84
2024-12-15,North Eastern,Wajir,Griftu,6644,2,39.75,milk and dairy,"Milk (cow, pasteurized)",472,L,actual,Retail,KES,100,0.78
2024-12-15,North Eastern,Wajir,Griftu,6644,2,39.75,miscellaneous food,Salt,185,200 G,actual,Retail,KES,12,0.093
2024-12-15,North Eastern,Wajir,Griftu,6644,2,39.75,miscellaneous food,Sugar,97,KG,actual,Retail,KES,145,1.12
2024-12-15,North Eastern,Wajir,Griftu,6644,2,39.75,oil and fats,"Oil (vegetable, fortified)",494,L,actual,Retail,KES,321,2.49
2024-12-15,North Eastern,Wajir,Griftu,6644,2,39.75,vegetables and fruits,Kale,796,KG,actual,Retail,KES,120,0.93
2024-12-15,North Eastern,Wajir,Griftu,6644,2,39.75,vegetables and fruits,Spinach,404,KG,actual,Retail,KES,50,0.39
2024-12-15,North Eastern,Wajir,Habaswein,6651,1.02,39.49,cereals and tubers,Maize flour (white),134,KG,actual,Retail,KES,100,0.78
2024-12-15,North Eastern,Wajir,Habaswein,6651,1.02,39.49,cereals and tubers,Rice (aromatic),894,KG,actual,Retail,KES,180,1.4
2024-12-15,North Eastern,Wajir,Habaswein,6651,1.02,39.49,cereals and tubers,Wheat flour,58,KG,actual,Retail,KES,113,0.88
2024-12-15,North Eastern,Wajir,Habaswein,6651,1.02,39.49,milk and dairy,"Milk (cow, pasteurized)",472,L,actual,Retail,KES,175,1.36
2024-12-15,North Eastern,Wajir,Habaswein,6651,1.02,39.49,miscellaneous food,Salt,185,200 G,actual,Retail,KES,20,0.16
2024-12-15,North Eastern,Wajir,Habaswein,6651,1.02,39.49,miscellaneous food,Sugar,97,KG,actual,Retail,KES,150,1.16
2024-12-15,North Eastern,Wajir,Habaswein,6651,1.02,39.49,oil and fats,"Oil (vegetable, fortified)",494,L,actual,Retail,KES,300,2.33
2024-12-15,North Eastern,Wajir,Habaswein,6651,1.02,39.49,pulses and nuts,Pigeon peas (dry),937,KG,actual,Retail,KES,200,1.55
2024-12-15,North Eastern,Wajir,Habaswein,6651,1.02,39.49,vegetables and fruits,Kale,796,KG,actual,Retail,KES,80,0.62
2024-12-15,North Eastern,Wajir,Habaswein,6651,1.02,39.49,vegetables and fruits,Spinach,404,KG,actual,Retail,KES,80,0.62
2024-12-15,North Eastern,Wajir,Hadado,6656,1.53,39.43,cereals and tubers,Maize flour (white),134,KG,actual,Retail,KES,105,0.81
2024-12-15,North Eastern,Wajir,Hadado,6656,1.53,39.43,cereals and tubers,Rice (aromatic),894,KG,actual,Retail,KES,159,1.23
2024-12-15,North Eastern,Wajir,Hadado,6656,1.53,39.43,cereals and tubers,Wheat flour,58,KG,actual,Retail,KES,105,0.81
2024-12-15,North Eastern,Wajir,Hadado,6656,1.53,39.43,milk and dairy,"Milk (cow, pasteurized)",472,L,actual,Retail,KES,110,0.85
2024-12-15,North Eastern,Wajir,Hadado,6656,1.53,39.43,miscellaneous food,Salt,185,200 G,actual,Retail,KES,13,0.1
2024-12-15,North Eastern,Wajir,Hadado,6656,1.53,39.43,miscellaneous food,Sugar,97,KG,actual,Retail,KES,150,1.16
2024-12-15,North Eastern,Wajir,Hadado,6656,1.53,39.43,oil and fats,"Oil (vegetable, fortified)",494,L,actual,Retail,KES,282,2.19
2024-12-15,North Eastern,Wajir,Hadado,6656,1.53,39.43,pulses and nuts,Cowpeas (dry),901,KG,actual,Retail,KES,100,0.78
2024-12-15,North Eastern,Wajir,Hadado,6656,1.53,39.43,vegetables and fruits,Kale,796,KG,actual,Retail,KES,140,1.09
2024-12-15,North Eastern,Wajir,Hadado,6656,1.53,39.43,vegetables and fruits,Spinach,404,KG,actual,Retail,KES,100,0.78
2024-12-15,North Eastern,Wajir,Lagbogol,6655,1.29,39.84,cereals and tubers,Maize flour (white),134,KG,actual,Retail,KES,100,0.78
2024-12-15,Nyanza,Kisumu,Kibuye (Kisumu),5671,-0.09,34.77,cereals and tubers,"Maize (white, dry)",440,90 KG,actual,Wholesale,KES,3899.7,30.23
2024-12-15,Nyanza,Kisumu,Kibuye (Kisumu),5671,-0.09,34.77,cereals and tubers,"Potatoes (Irish, white)",891,50 KG,actual,Wholesale,KES,3940,30.54
2024-12-15,Nyanza,Kisumu,Kibuye (Kisumu),5671,-0.09,34.77,vegetables and fruits,Kale,796,50 KG,actual,Wholesale,KES,833.5,6.46
2024-12-15,Nyanza,Kisumu,Kibuye (Kisumu),5671,-0.09,34.77,vegetables and fruits,Onions (dry),892,13 KG,actual,Wholesale,KES,1200.03,9.3
2024-12-15,Nyanza,Kisumu,Kibuye (Kisumu),5671,-0.09,34.77,vegetables and fruits,Tomatoes,114,64 KG,actual,Wholesale,KES,7223.04,55.98
2024-12-15,Rift Valley,Baringo,Lororo Centre,10503,0.44,36,cereals and tubers,Maize flour (white),134,KG,actual,Retail,KES,50,0.39
2024-12-15,Rift Valley,Baringo,Lororo Centre,10503,0.44,36,cereals and tubers,Rice (aromatic),894,KG,actual,Retail,KES,147,1.14
2024-12-15,Rift Valley,Baringo,Lororo Centre,10503,0.44,36,cereals and tubers,Wheat flour,58,KG,actual,Retail,KES,130,1.01
2024-12-15,Rift Valley,Baringo,Lororo Centre,10503,0.44,36,milk and dairy,"Milk (cow, pasteurized)",472,L,actual,Retail,KES,130,1.01
2024-12-15,Rift Valley,Baringo,Lororo Centre,10503,0.44,36,miscellaneous food,Salt,185,200 G,actual,Retail,KES,15,0.12
2024-12-15,Rift Valley,Baringo,Lororo Centre,10503,0.44,36,miscellaneous food,Sugar,97,KG,actual,Retail,KES,170,1.32
2024-12-15,Rift Valley,Baringo,Lororo Centre,10503,0.44,36,oil and fats,"Oil (vegetable, fortified)",494,L,actual,Retail,KES,260,2.02
2024-12-15,Rift Valley,Samburu,Baragoi,10426,1.65,37.03,cereals and tubers,Maize flour (white),134,KG,actual,Retail,KES,59.5,0.46
2024-12-15,Rift Valley,Samburu,Baragoi,10426,1.65,37.03,cereals and tubers,Rice (aromatic),894,KG,actual,Retail,KES,130,1.01
2024-12-15,Rift Valley,Samburu,Baragoi,10426,1.65,37.03,cereals and tubers,Wheat flour,58,KG,actual,Retail,KES,105,0.81
2024-12-15,Rift Valley,Samburu,Baragoi,10426,1.65,37.03,milk and dairy,"Milk (cow, pasteurized)",472,L,actual,Retail,KES,120,0.93
2024-12-15,Rift Valley,Samburu,Baragoi,10426,1.65,37.03,miscellaneous food,Salt,185,200 G,actual,Retail,KES,10,0.078
2024-12-15,Rift Valley,Samburu,Baragoi,10426,1.65,37.03,miscellaneous food,Sugar,97,KG,actual,Retail,KES,150,1.16
2024-12-15,Rift Valley,Samburu,Baragoi,10426,1.65,37.03,oil and fats,"Oil (vegetable, fortified)",494,L,actual,Retail,KES,329,2.55
2024-12-15,Rift Valley,Samburu,Baragoi,10426,1.65,37.03,pulses and nuts,Cowpeas (dry),901,KG,actual,Retail,KES,200,1.55
2024-12-15,Rift Valley,Samburu,Baragoi,10426,1.65,37.03,pulses and nuts,Pigeon peas (dry),937,KG,actual,Retail,KES,180,1.4
2024-12-15,Rift Valley,Samburu,Baragoi,10426,1.65,37.03,vegetables and fruits,Kale,796,KG,actual,Retail,KES,48,0.37
2024-12-15,Rift Valley,Samburu,Baragoi,10426,1.65,37.03,vegetables and fruits,Spinach,404,KG,actual,Retail,KES,50,0.39
2024-12-15,Rift Valley,Samburu,Kisima,4526,0.95,36.77,cereals and tubers,Maize flour (white),134,KG,actual,Retail,KES,59.5,0.46
2024-12-15,Rift Valley,Samburu,Kisima,4526,0.95,36.77,cereals and tubers,Rice (aromatic),894,KG,actual,Retail,KES,125,0.97
2024-12-15,Rift Valley,Samburu,Kisima,4526,0.95,36.77,cereals and tubers,Wheat flour,58,KG,actual,Retail,KES,98,0.76
2024-12-15,Rift Valley,Samburu,Kisima,4526,0.95,36.77,milk and dairy,"Milk (cow, pasteurized)",472,L,actual,Retail,KES,110,0.85
2024-12-15,Rift Valley,Samburu,Kisima,4526,0.95,36.77,miscellaneous food,Salt,185,200 G,actual,Retail,KES,13,0.1
2024-12-15,Rift Valley,Samburu,Kisima,4526,0.95,36.77,miscellaneous food,Sugar,97,KG,actual,Retail,KES,143,1.11
2024-12-15,Rift Valley,Samburu,Kisima,4526,0.95,36.77,oil and fats,"Oil (vegetable, fortified)",494,L,actual,Retail,KES,276,2.14
2024-12-15,Rift Valley,Samburu,Kisima,4526,0.95,36.77,pulses and nuts,Pigeon peas (dry),937,KG,actual,Retail,KES,145,1.12
2024-12-15,Rift Valley,Samburu,Kisima,4526,0.95,36.77,vegetables and fruits,Kale,796,KG,actual,Retail,KES,40,0.31
2024-12-15,Rift Valley,Samburu,Kisima,4526,0.95,36.77,vegetables and fruits,Spinach,404,KG,actual,Retail,KES,40,0.31
2024-12-15,Rift Valley,Samburu,Lodungokwe,10423,0.87,37,cereals and tubers,Maize flour (white),134,KG,actual,Retail,KES,85,0.66
2024-12-15,Rift Valley,Samburu,Lodungokwe,10423,0.87,37,cereals and tubers,Rice (aromatic),894,KG,actual,Retail,KES,150,1.16
2024-12-15,Rift Valley,Samburu,Lodungokwe,10423,0.87,37,cereals and tubers,Wheat flour,58,KG,actual,Retail,KES,160,1.24
2024-12-15,Rift Valley,Samburu,Lodungokwe,10423,0.87,37,milk and dairy,"Milk (cow, pasteurized)",472,L,actual,Retail,KES,80,0.62
2024-12-15,Rift Valley,Samburu,Lodungokwe,10423,0.87,37,miscellaneous food,Sugar,97,KG,actual,Retail,KES,170,1.32
2024-12-15,Rift Valley,Samburu,Lodungokwe,10423,0.87,37,oil and fats,"Oil (vegetable, fortified)",494,L,actual,Retail,KES,250,1.94
2024-12-15,Rift Valley,Samburu,Lolkuniyani,4531,1.06,37.23,cereals and tubers,Maize flour (white),134,KG,actual,Retail,KES,58.5,0.45
2024-12-15,Rift Valley,Samburu,Lolkuniyani,4531,1.06,37.23,cereals and tubers,Rice (aromatic),894,KG,actual,Retail,KES,134,1.04
2024-12-15,Rift Valley,Samburu,Lolkuniyani,4531,1.06,37.23,cereals and tubers,Wheat flour,58,KG,actual,Retail,KES,113,0.88
2024-12-15,Rift Valley,Samburu,Lolkuniyani,4531,1.06,37.23,milk and dairy,"Milk (cow, pasteurized)",472,L,actual,Retail,KES,114,0.88
2024-12-15,Rift Valley,Samburu,Lolkuniyani,4531,1.06,37.23,miscellaneous food,Salt,185,200 G,actual,Retail,KES,11,0.085
2024-12-15,Rift Valley,Samburu,Lolkuniyani,4531,1.06,37.23,miscellaneous food,Sugar,97,KG,actual,Retail,KES,155,1.2
2024-12-15,Rift Valley,Samburu,Lpus,4525,0.89,37.06,cereals and tubers,Maize flour (white),134,KG,actual,Retail,KES,59,0.46
2024-12-15,Rift Valley,Samburu,Lpus,4525,0.89,37.06,cereals and tubers,Rice (aromatic),894,KG,actual,Retail,KES,143,1.11
2024-12-15,Rift Valley,Samburu,Lpus,4525,0.89,37.06,cereals and tubers,Wheat flour,58,KG,actual,Retail,KES,120,0.93
2024-12-15,Rift Valley,Samburu,Lpus,4525,0.89,37.06,milk and dairy,"Milk (cow, pasteurized)",472,L,actual,Retail,KES,160,1.24
2024-12-15,Rift Valley,Samburu,Lpus,4525,0.89,37.06,miscellaneous food,Sugar,97,KG,actual,Retail,KES,160,1.24
2024-12-15,Rift Valley,Samburu,Lpus,4525,0.89,37.06,oil and fats,"Oil (vegetable, fortified)",494,L,actual,Retail,KES,300,2.33
2024-12-15,Rift Valley,Samburu,Maralal,4533,1.1,36.7,cereals and tubers,Maize flour (white),134,KG,actual,Retail,KES,58.5,0.45
2024-12-15,Rift Valley,Samburu,Maralal,4533,1.1,36.7,cereals and tubers,Rice (aromatic),894,KG,actual,Retail,KES,116,0.9
2024-12-15,Rift Valley,Samburu,Maralal,4533,1.1,36.7,cereals and tubers,Wheat flour,58,KG,actual,Retail,KES,103,0.8
2024-12-15,Rift Valley,Samburu,Maralal,4533,1.1,36.7,milk and dairy,"Milk (cow, pasteurized)",472,L,actual,Retail,KES,120,0.93
2024-12-15,Rift Valley,Samburu,Maralal,4533,1.1,36.7,miscellaneous food,Salt,185,200 G,actual,Retail,KES,10,0.078
2024-12-15,Rift Valley,Samburu,Maralal,4533,1.1,36.7,miscellaneous food,Sugar,97,KG,actual,Retail,KES,148,1.15
2024-12-15,Rift Valley,Samburu,Maralal,4533,1.1,36.7,pulses and nuts,Cowpeas (dry),901,KG,actual,Retail,KES,160,1.24
2024-12-15,Rift Valley,Samburu,Maralal,4533,1.1,36.7,pulses and nuts,Pigeon peas (dry),937,KG,actual,Retail,KES,162,1.26
2024-12-15,Rift Valley,Samburu,Ngurunit,10402,1.74,37.31,cereals and tubers,Maize flour (white),134,KG,actual,Retail,KES,80,0.62
2024-12-15,Rift Valley,Samburu,Ngurunit,10402,1.74,37.31,cereals and tubers,Rice (aromatic),894,KG,actual,Retail,KES,157,1.22
2024-12-15,Rift Valley,Samburu,Ngurunit,10402,1.74,37.31,cereals and tubers,Wheat flour,58,KG,actual,Retail,KES,120,0.93
2024-12-15,Rift Valley,Samburu,Ngurunit,10402,1.74,37.31,milk and dairy,"Milk (cow, pasteurized)",472,L,actual,Retail,KES,113,0.88
2024-12-15,Rift Valley,Samburu,Ngurunit,10402,1.74,37.31,miscellaneous food,Salt,185,200 G,actual,Retail,KES,10,0.078
2024-12-15,Rift Valley,Samburu,Ngurunit,10402,1.74,37.31,miscellaneous food,Sugar,97,KG,actual,Retail,KES,160,1.24
2024-12-15,Rift Valley,Samburu,Ngurunit,10402,1.74,37.31,oil and fats,"Oil (vegetable, fortified)",494,L,actual,Retail,KES,293,2.27
2024-12-15,Rift Valley,Samburu,Ngurunit,10402,1.74,37.31,vegetables and fruits,Kale,796,KG,actual,Retail,KES,57,0.44
2024-12-15,Rift Valley,Samburu,Ngurunit,10402,1.74,37.31,vegetables and fruits,Spinach,404,KG,actual,Retail,KES,53,0.41
2024-12-15,Rift Valley,Samburu,Suguta,4535,0.83,36.69,cereals and tubers,Maize flour (white),134,KG,actual,Retail,KES,57,0.44
2024-12-15,Rift Valley,Samburu,Suguta,4535,0.83,36.69,cereals and tubers,Rice (aromatic),894,KG,actual,Retail,KES,123,0.95
2024-12-15,Rift Valley,Samburu,Suguta,4535,0.83,36.69,cereals and tubers,Wheat flour,58,KG,actual,Retail,KES,105,0.81
2024-12-15,Rift Valley,Samburu,Suguta,4535,0.83,36.69,milk and dairy,"Milk (cow, pasteurized)",472,L,actual,Retail,KES,113,0.88
2024-12-15,Rift Valley,Samburu,Suguta,4535,0.83,36.69,miscellaneous food,Salt,185,200 G,actual,Retail,KES,10,0.078
2024-12-15,Rift Valley,Samburu,Suguta,4535,0.83,36.69,miscellaneous food,Sugar,97,KG,actual,Retail,KES,141,1.09
2024-12-15,Rift Valley,Samburu,Suguta,4535,0.83,36.69,oil and fats,"Oil (vegetable, fortified)",494,L,actual,Retail,KES,286,2.22
2024-12-15,Rift Valley,Samburu,Suguta,4535,0.83,36.69,pulses and nuts,Cowpeas (dry),901,KG,actual,Retail,KES,180,1.4
2024-12-15,Rift Valley,Samburu,Suguta,4535,0.83,36.69,pulses and nuts,Pigeon peas (dry),937,KG,actual,Retail,KES,140,1.09
2024-12-15,Rift Valley,Samburu,Suguta,4535,0.83,36.69,vegetables and fruits,Spinach,404,KG,actual,Retail,KES,65,0.5
2024-12-15,Rift Valley,Samburu,Tuum,10433,2.15,36.77,cereals and tubers,Maize flour (white),134,KG,actual,Retail,KES,59.5,0.46
2024-12-15,Rift Valley,Samburu,Tuum,10433,2.15,36.77,cereals and tubers,Rice (aromatic),894,KG,actual,Retail,KES,155,1.2
2024-12-15,Rift Valley,Samburu,Tuum,10433,2.15,36.77,cereals and tubers,Wheat flour,58,KG,actual,Retail,KES,112,0.87
2024-12-15,Rift Valley,Samburu,Tuum,10433,2.15,36.77,milk and dairy,"Milk (cow, pasteurized)",472,L,actual,Retail,KES,165,1.28
2024-12-15,Rift Valley,Samburu,Tuum,10433,2.15,36.77,miscellaneous food,Salt,185,200 G,actual,Retail,KES,12,0.093
2024-12-15,Rift Valley,Samburu,Tuum,10433,2.15,36.77,miscellaneous food,Sugar,97,KG,actual,Retail,KES,173,1.34
2024-12-15,Rift Valley,Samburu,Tuum,10433,2.15,36.77,oil and fats,"Oil (vegetable, fortified)",494,L,actual,Retail,KES,354,2.74
2024-12-15,Rift Valley,Samburu,Wamba,4536,0.98,37.32,cereals and tubers,Maize flour (white),134,KG,actual,Retail,KES,72.25,0.56
2024-12-15,Rift Valley,Samburu,Wamba,4536,0.98,37.32,cereals and tubers,Rice (aromatic),894,KG,actual,Retail,KES,109,0.84
2024-12-15,Rift Valley,Samburu,Wamba,4536,0.98,37.32,cereals and tubers,Wheat flour,58,KG,actual,Retail,KES,100,0.78
2024-12-15,Rift Valley,Samburu,Wamba,4536,0.98,37.32,milk and dairy,"Milk (cow, pasteurized)",472,L,actual,Retail,KES,116,0.9
2024-12-15,Rift Valley,Samburu,Wamba,4536,0.98,37.32,miscellaneous food,Salt,185,200 G,actual,Retail,KES,11.5,0.089
2024-12-15,Rift Valley,Samburu,Wamba,4536,0.98,37.32,miscellaneous food,Sugar,97,KG,actual,Retail,KES,148.5,1.15
2024-12-15,Rift Valley,Samburu,Wamba,4536,0.98,37.32,oil and fats,"Oil (vegetable, fortified)",494,L,actual,Retail,KES,291.5,2.26
2024-12-15,Rift Valley,Samburu,Wamba,4536,0.98,37.32,pulses and nuts,Cowpeas (dry),901,KG,actual,Retail,KES,237.5,1.84
2024-12-15,Rift Valley,Samburu,Wamba,4536,0.98,37.32,pulses and nuts,Pigeon peas (dry),937,KG,actual,Retail,KES,222.5,1.72
2024-12-15,Rift Valley,Turkana,Aposta,10460,4.06,34.52,cereals and tubers,Maize flour (white),134,KG,actual,Retail,KES,100,0.78
2024-12-15,Rift Valley,Turkana,Aposta,10460,4.06,34.52,cereals and tubers,Rice (aromatic),894,KG,actual,Retail,KES,138,1.07
2024-12-15,Rift Valley,Turkana,Aposta,10460,4.06,34.52,cereals and tubers,Wheat flour,58,KG,actual,Retail,KES,103,0.8
2024-12-15,Rift Valley,Turkana,Aposta,10460,4.06,34.52,miscellaneous food,Salt,185,200 G,actual,Retail,KES,10,0.078
2024-12-15,Rift Valley,Turkana,Aposta,10460,4.06,34.52,miscellaneous food,Sugar,97,KG,actual,Retail,KES,220,1.71
2024-12-15,Rift Valley,Turkana,Aposta,10460,4.06,34.52,oil and fats,"Oil (vegetable, fortified)",494,L,actual,Retail,KES,300,2.33
2024-12-15,Rift Valley,Turkana,Elelea,10459,2.1,36.16,cereals and tubers,Maize flour (white),134,KG,actual,Retail,KES,108,0.84
2024-12-15,Rift Valley,Turkana,Elelea,10459,2.1,36.16,cereals and tubers,Rice (aromatic),894,KG,actual,Retail,KES,163,1.26
2024-12-15,Rift Valley,Turkana,Elelea,10459,2.1,36.16,cereals and tubers,Wheat flour,58,KG,actual,Retail,KES,125,0.97
2024-12-15,Rift Valley,Turkana,Elelea,10459,2.1,36.16,milk and dairy,"Milk (cow, pasteurized)",472,L,actual,Retail,KES,150,1.16
2024-12-15,Rift Valley,Turkana,Elelea,10459,2.1,36.16,miscellaneous food,Salt,185,200 G,actual,Retail,KES,14,0.11
2024-12-15,Rift Valley,Turkana,Elelea,10459,2.1,36.16,miscellaneous food,Sugar,97,KG,actual,Retail,KES,180,1.4
2024-12-15,Rift Valley,Turkana,Elelea,10459,2.1,36.16,oil and fats,"Oil (vegetable, fortified)",494,L,actual,Retail,KES,315,2.44
2024-12-15,Rift Valley,Turkana,Elelea,10459,2.1,36.16,pulses and nuts,Cowpeas (dry),901,KG,actual,Retail,KES,200,1.55
2024-12-15,Rift Valley,Turkana,Eliye Centre,10458,3.24,36.02,cereals and tubers,Maize flour (white),134,KG,actual,Retail,KES,100,0.78
2024-12-15,Rift Valley,Turkana,Eliye Centre,10458,3.24,36.02,cereals and tubers,Rice (aromatic),894,KG,actual,Retail,KES,140,1.09
2024-12-15,Rift Valley,Turkana,Eliye Centre,10458,3.24,36.02,cereals and tubers,Wheat flour,58,KG,actual,Retail,KES,110,0.85
2024-12-15,Rift Valley,Turkana,Eliye Centre,10458,3.24,36.02,milk and dairy,"Milk (cow, pasteurized)",472,L,actual,Retail,KES,160,1.24
2024-12-15,Rift Valley,Turkana,Eliye Centre,10458,3.24,36.02,miscellaneous food,Salt,185,200 G,actual,Retail,KES,15,0.12
2024-12-15,Rift Valley,Turkana,Eliye Centre,10458,3.24,36.02,miscellaneous food,Sugar,97,KG,actual,Retail,KES,180,1.4
2024-12-15,Rift Valley,Turkana,Eliye Centre,10458,3.24,36.02,oil and fats,"Oil (vegetable, fortified)",494,L,actual,Retail,KES,300,2.33
2024-12-15,Rift Valley,Turkana,Ethiopia (Kakuma),3253,3.72,34.85,cereals and tubers,Maize flour (white),134,KG,actual,Retail,KES,69,0.53
2024-12-15,Rift Valley,Turkana,Ethiopia (Kakuma),3253,3.72,34.85,cereals and tubers,Rice (aromatic),894,KG,actual,Retail,KES,113,0.88
2024-12-15,Rift Valley,Turkana,Ethiopia (Kakuma),3253,3.72,34.85,milk and dairy,"Milk (cow, pasteurized)",472,L,actual,Retail,KES,80,0.62
2024-12-15,Rift Valley,Turkana,Ethiopia (Kakuma),3253,3.72,34.85,oil and fats,"Oil (vegetable, fortified)",494,L,actual,Retail,KES,274,2.12
2024-12-15,Rift Valley,Turkana,Ethiopia (Kakuma),3253,3.72,34.85,pulses and nuts,Cowpeas (dry),901,KG,actual,Retail,KES,153,1.19
2024-12-15,Rift Valley,Turkana,Ethiopia (Kakuma),3253,3.72,34.85,vegetables and fruits,Kale,796,KG,actual,Retail,KES,90,0.7
2024-12-15,Rift Valley,Turkana,HongKong (Kakuma),3250,3.75,34.84,cereals and tubers,Maize flour (white),134,KG,actual,Retail,KES,70,0.54
2024-12-15,Rift Valley,Turkana,HongKong (Kakuma),3250,3.75,34.84,cereals and tubers,Rice (aromatic),894,KG,actual,Retail,KES,150,1.16
2024-12-15,Rift Valley,Turkana,HongKong (Kakuma),3250,3.75,34.84,milk and dairy,"Milk (cow, pasteurized)",472,L,actual,Retail,KES,83,0.64
2024-12-15,Rift Valley,Turkana,HongKong (Kakuma),3250,3.75,34.84,oil and fats,"Oil (vegetable, fortified)",494,L,actual,Retail,KES,275,2.13
2024-12-15,Rift Valley,Turkana,HongKong (Kakuma),3250,3.75,34.84,pulses and nuts,Cowpeas (dry),901,KG,actual,Retail,KES,150,1.16
2024-12-15,Rift Valley,Turkana,HongKong (Kakuma),3250,3.75,34.84,vegetables and fruits,Kale,796,KG,actual,Retail,KES,100,0.78
2024-12-15,Rift Valley,Turkana,Kaeris,10464,3.98,35.48,cereals and tubers,Maize flour (white),134,KG,actual,Retail,KES,102.5,0.79
2024-12-15,Rift Valley,Turkana,Kaeris,10464,3.98,35.48,cereals and tubers,Rice (aromatic),894,KG,actual,Retail,KES,120,0.93
2024-12-15,Rift Valley,Turkana,Kaeris,10464,3.98,35.48,cereals and tubers,Wheat flour,58,KG,actual,Retail,KES,116,0.9
2024-12-15,Rift Valley,Turkana,Kaeris,10464,3.98,35.48,milk and dairy,"Milk (cow, pasteurized)",472,L,actual,Retail,KES,167,1.29
2024-12-15,Rift Valley,Turkana,Kaeris,10464,3.98,35.48,miscellaneous food,Salt,185,200 G,actual,Retail,KES,20,0.16
2024-12-15,Rift Valley,Turkana,Kaeris,10464,3.98,35.48,miscellaneous food,Sugar,97,KG,actual,Retail,KES,200,1.55
2024-12-15,Rift Valley,Turkana,Kaeris,10464,3.98,35.48,oil and fats,"Oil (vegetable, fortified)",494,L,actual,Retail,KES,388,3.01
2024-12-15,Rift Valley,Turkana,Kaikor,6890,4.52,35.42,cereals and tubers,Maize flour (white),134,KG,actual,Retail,KES,102.5,0.79
2024-12-15,Rift Valley,Turkana,Kaikor,6890,4.52,35.42,cereals and tubers,Rice (aromatic),894,KG,actual,Retail,KES,140,1.09
2024-12-15,Rift Valley,Turkana,Kaikor,6890,4.52,35.42,cereals and tubers,Wheat flour,58,KG,actual,Retail,KES,105,0.81
2024-12-15,Rift Valley,Turkana,Kaikor,6890,4.52,35.42,milk and dairy,"Milk (cow, pasteurized)",472,L,actual,Retail,KES,200,1.55
2024-12-15,Rift Valley,Turkana,Kaikor,6890,4.52,35.42,miscellaneous food,Salt,185,200 G,actual,Retail,KES,20,0.16
2024-12-15,Rift Valley,Turkana,Kaikor,6890,4.52,35.42,miscellaneous food,Sugar,97,KG,actual,Retail,KES,183.5,1.42
2024-12-15,Rift Valley,Turkana,Kaikor,6890,4.52,35.42,oil and fats,"Oil (vegetable, fortified)",494,L,actual,Retail,KES,287.5,2.23
2024-12-15,Rift Valley,Turkana,Kakuma 2,3248,3.75,34.82,cereals and tubers,Maize flour (white),134,KG,actual,Retail,KES,65,0.5
2024-12-15,Rift Valley,Turkana,Kakuma 2,3248,3.75,34.82,cereals and tubers,Rice (aromatic),894,KG,actual,Retail,KES,140,1.09
2024-12-15,Rift Valley,Turkana,Kakuma 2,3248,3.75,34.82,milk and dairy,"Milk (cow, pasteurized)",472,L,actual,Retail,KES,80,0.62
2024-12-15,Rift Valley,Turkana,Kakuma 2,3248,3.75,34.82,oil and fats,"Oil (vegetable, fortified)",494,L,actual,Retail,KES,300,2.33
2024-12-15,Rift Valley,Turkana,Kakuma 2,3248,3.75,34.82,vegetables and fruits,Kale,796,KG,actual,Retail,KES,120,0.93
2024-12-15,Rift Valley,Turkana,Kakuma 3,3251,3.77,34.82,cereals and tubers,Maize flour (white),134,KG,actual,Retail,KES,65.5,0.51
2024-12-15,Rift Valley,Turkana,Kakuma 3,3251,3.77,34.82,cereals and tubers,Rice (aromatic),894,KG,actual,Retail,KES,137,1.06
2024-12-15,Rift Valley,Turkana,Kakuma 3,3251,3.77,34.82,milk and dairy,"Milk (cow, pasteurized)",472,L,actual,Retail,KES,87,0.67
2024-12-15,Rift Valley,Turkana,Kakuma 3,3251,3.77,34.82,oil and fats,"Oil (vegetable, fortified)",494,L,actual,Retail,KES,283,2.19
2024-12-15,Rift Valley,Turkana,Kakuma 3,3251,3.77,34.82,pulses and nuts,Cowpeas (dry),901,KG,actual,Retail,KES,143,1.11
2024-12-15,Rift Valley,Turkana,Kakuma 3,3251,3.77,34.82,vegetables and fruits,Kale,796,KG,actual,Retail,KES,138,1.07
2024-12-15,Rift Valley,Turkana,Kakuma 4,3249,3.74,34.81,cereals and tubers,Maize flour (white),134,KG,actual,Retail,KES,70,0.54
2024-12-15,Rift Valley,Turkana,Kakuma 4,3249,3.74,34.81,cereals and tubers,Rice (aromatic),894,KG,actual,Retail,KES,117,0.91
2024-12-15,Rift Valley,Turkana,Kakuma 4,3249,3.74,34.81,milk and dairy,"Milk (cow, pasteurized)",472,L,actual,Retail,KES,160,1.24
2024-12-15,Rift Valley,Turkana,Kakuma 4,3249,3.74,34.81,oil and fats,"Oil (vegetable, fortified)",494,L,actual,Retail,KES,310,2.4
2024-12-15,Rift Valley,Turkana,Kakuma 4,3249,3.74,34.81,vegetables and fruits,Kale,796,KG,actual,Retail,KES,53,0.41
2024-12-15,Rift Valley,Turkana,Kalemgorok,10465,2.14,35.5,cereals and tubers,Maize flour (white),134,KG,actual,Retail,KES,73,0.57
2024-12-15,Rift Valley,Turkana,Kalemgorok,10465,2.14,35.5,cereals and tubers,Rice (aromatic),894,KG,actual,Retail,KES,131,1.02
2024-12-15,Rift Valley,Turkana,Kalemgorok,10465,2.14,35.5,cereals and tubers,Wheat flour,58,KG,actual,Retail,KES,101,0.78
2024-12-15,Rift Valley,Turkana,Kalemgorok,10465,2.14,35.5,milk and dairy,"Milk (cow, pasteurized)",472,L,actual,Retail,KES,145,1.12
2024-12-15,Rift Valley,Turkana,Kalemgorok,10465,2.14,35.5,miscellaneous food,Salt,185,200 G,actual,Retail,KES,10,0.078
2024-12-15,Rift Valley,Turkana,Kalemgorok,10465,2.14,35.5,miscellaneous food,Sugar,97,KG,actual,Retail,KES,146,1.13
2024-12-15,Rift Valley,Turkana,Kalemgorok,10465,2.14,35.5,oil and fats,"Oil (vegetable, fortified)",494,L,actual,Retail,KES,304,2.36
2024-12-15,Rift Valley,Turkana,Kalemunyang,6895,2.74,35.37,cereals and tubers,Maize flour (white),134,KG,actual,Retail,KES,90,0.7
2024-12-15,Rift Valley,Turkana,Kalemunyang,6895,2.74,35.37,cereals and tubers,Rice (aromatic),894,KG,actual,Retail,KES,133,1.03
2024-12-15,Rift Valley,Turkana,Kalemunyang,6895,2.74,35.37,cereals and tubers,Wheat flour,58,KG,actual,Retail,KES,107,0.83
2024-12-15,Rift Valley,Turkana,Kalemunyang,6895,2.74,35.37,milk and dairy,"Milk (cow, pasteurized)",472,L,actual,Retail,KES,200,1.55
2024-12-15,Rift Valley,Turkana,Kalemunyang,6895,2.74,35.37,miscellaneous food,Salt,185,200 G,actual,Retail,KES,20,0.16
2024-12-15,Rift Valley,Turkana,Kalemunyang,6895,2.74,35.37,miscellaneous food,Sugar,97,KG,actual,Retail,KES,193,1.5
2024-12-15,Rift Valley,Turkana,Kalemunyang,6895,2.74,35.37,oil and fats,"Oil (vegetable, fortified)",494,L,actual,Retail,KES,367,2.84
2024-12-15,Rift Valley,Turkana,Kaleng,6887,4.37,35.55,cereals and tubers,Maize flour (white),134,KG,actual,Retail,KES,97.5,0.76
2024-12-15,Rift Valley,Turkana,Kaleng,6887,4.37,35.55,cereals and tubers,Rice (aromatic),894,KG,actual,Retail,KES,160,1.24
2024-12-15,Rift Valley,Turkana,Kaleng,6887,4.37,35.55,cereals and tubers,Wheat flour,58,KG,actual,Retail,KES,110,0.85
2024-12-15,Rift Valley,Turkana,Kaleng,6887,4.37,35.55,milk and dairy,"Milk (cow, pasteurized)",472,L,actual,Retail,KES,200,1.55
2024-12-15,Rift Valley,Turkana,Kaleng,6887,4.37,35.55,miscellaneous food,Salt,185,200 G,actual,Retail,KES,19,0.15
2024-12-15,Rift Valley,Turkana,Kaleng,6887,4.37,35.55,miscellaneous food,Sugar,97,KG,actual,Retail,KES,193,1.5
2024-12-15,Rift Valley,Turkana,Kaleng,6887,4.37,35.55,oil and fats,"Oil (vegetable, fortified)",494,L,actual,Retail,KES,363,2.81
2024-12-15,Rift Valley,Turkana,Kalobeyei (Village 1),3244,3.77,34.73,cereals and tubers,Maize flour (white),134,KG,actual,Retail,KES,69,0.53
2024-12-15,Rift Valley,Turkana,Kalobeyei (Village 1),3244,3.77,34.73,cereals and tubers,Rice (aromatic),894,KG,actual,Retail,KES,107,0.83
2024-12-15,Rift Valley,Turkana,Kalobeyei (Village 1),3244,3.77,34.73,milk and dairy,"Milk (cow, pasteurized)",472,L,actual,Retail,KES,160,1.24
2024-12-15,Rift Valley,Turkana,Kalobeyei (Village 1),3244,3.77,34.73,oil and fats,"Oil (vegetable, fortified)",494,L,actual,Retail,KES,300,2.33
2024-12-15,Rift Valley,Turkana,Kalobeyei (Village 1),3244,3.77,34.73,vegetables and fruits,Kale,796,KG,actual,Retail,KES,50,0.39
2024-12-15,Rift Valley,Turkana,Kalobeyei (Village 2),3246,3.76,34.75,cereals and tubers,Maize flour (white),134,KG,actual,Retail,KES,74,0.57
2024-12-15,Rift Valley,Turkana,Kalobeyei (Village 2),3246,3.76,34.75,cereals and tubers,Rice (aromatic),894,KG,actual,Retail,KES,100,0.78
2024-12-15,Rift Valley,Turkana,Kalobeyei (Village 2),3246,3.76,34.75,milk and dairy,"Milk (cow, pasteurized)",472,L,actual,Retail,KES,160,1.24
2024-12-15,Rift Valley,Turkana,Kalobeyei (Village 2),3246,3.76,34.75,oil and fats,"Oil (vegetable, fortified)",494,L,actual,Retail,KES,300,2.33
2024-12-15,Rift Valley,Turkana,Kalobeyei (Village 2),3246,3.76,34.75,pulses and nuts,Cowpeas (dry),901,KG,actual,Retail,KES,130,1.01
2024-12-15,Rift Valley,Turkana,Kalobeyei (Village 2),3246,3.76,34.75,vegetables and fruits,Kale,796,KG,actual,Retail,KES,50,0.39
2024-12-15,Rift Valley,Turkana,Kalobeyei (Village 3),3247,3.75,34.76,cereals and tubers,Maize flour (white),134,KG,actual,Retail,KES,83.5,0.65
2024-12-15,Rift Valley,Turkana,Kalobeyei (Village 3),3247,3.75,34.76,cereals and tubers,Rice (aromatic),894,KG,actual,Retail,KES,120,0.93
2024-12-15,Rift Valley,Turkana,Kalobeyei (Village 3),3247,3.75,34.76,milk and dairy,"Milk (cow, pasteurized)",472,L,actual,Retail,KES,160,1.24
2024-12-15,Rift Valley,Turkana,Kalobeyei (Village 3),3247,3.75,34.76,oil and fats,"Oil (vegetable, fortified)",494,L,actual,Retail,KES,317,2.46
2024-12-15,Rift Valley,Turkana,Kalobeyei (Village 3),3247,3.75,34.76,pulses and nuts,Cowpeas (dry),901,KG,actual,Retail,KES,167,1.29
2024-12-15,Rift Valley,Turkana,Kalobeyei (Village 3),3247,3.75,34.76,vegetables and fruits,Kale,796,KG,actual,Retail,KES,70,0.54
2024-12-15,Rift Valley,Turkana,Kalokol,3258,3.54,35.86,cereals and tubers,Maize flour (white),134,KG,actual,Retail,KES,71,0.55
2024-12-15,Rift Valley,Turkana,Kalokol,3258,3.54,35.86,cereals and tubers,Rice (aromatic),894,KG,actual,Retail,KES,140,1.09
2024-12-15,Rift Valley,Turkana,Kalokol,3258,3.54,35.86,cereals and tubers,Wheat flour,58,KG,actual,Retail,KES,100,0.78
2024-12-15,Rift Valley,Turkana,Kalokol,3258,3.54,35.86,milk and dairy,"Milk (cow, pasteurized)",472,L,actual,Retail,KES,200,1.55
2024-12-15,Rift Valley,Turkana,Kalokol,3258,3.54,35.86,miscellaneous food,Salt,185,200 G,actual,Retail,KES,20,0.16
2024-12-15,Rift Valley,Turkana,Kalokol,3258,3.54,35.86,miscellaneous food,Sugar,97,KG,actual,Retail,KES,150,1.16
2024-12-15,Rift Valley,Turkana,Kalokol,3258,3.54,35.86,oil and fats,"Oil (vegetable, fortified)",494,L,actual,Retail,KES,300,2.33
2024-12-15,Rift Valley,Turkana,Kataboi,10468,3.75,35.83,cereals and tubers,Maize flour (white),134,KG,actual,Retail,KES,97.5,0.76
2024-12-15,Rift Valley,Turkana,Kataboi,10468,3.75,35.83,cereals and tubers,Rice (aromatic),894,KG,actual,Retail,KES,140,1.09
2024-12-15,Rift Valley,Turkana,Kataboi,10468,3.75,35.83,cereals and tubers,Wheat flour,58,KG,actual,Retail,KES,105,0.81
2024-12-15,Rift Valley,Turkana,Kataboi,10468,3.75,35.83,milk and dairy,"Milk (cow, pasteurized)",472,L,actual,Retail,KES,180,1.4
2024-12-15,Rift Valley,Turkana,Kataboi,10468,3.75,35.83,miscellaneous food,Salt,185,200 G,actual,Retail,KES,20,0.16
2024-12-15,Rift Valley,Turkana,Kataboi,10468,3.75,35.83,miscellaneous food,Sugar,97,KG,actual,Retail,KES,182,1.41
2024-12-15,Rift Valley,Turkana,Kataboi,10468,3.75,35.83,oil and fats,"Oil (vegetable, fortified)",494,L,actual,Retail,KES,300,2.33
2024-12-15,Rift Valley,Turkana,Katilia,6898,2.14,36.14,cereals and tubers,Maize flour (white),134,KG,actual,Retail,KES,97.5,0.76
2024-12-15,Rift Valley,Turkana,Katilia,6898,2.14,36.14,cereals and tubers,Rice (aromatic),894,KG,actual,Retail,KES,140,1.09
2024-12-15,Rift Valley,Turkana,Katilia,6898,2.14,36.14,cereals and tubers,Wheat flour,58,KG,actual,Retail,KES,104,0.81
2024-12-15,Rift Valley,Turkana,Katilia,6898,2.14,36.14,milk and dairy,"Milk (cow, pasteurized)",472,L,actual,Retail,KES,200,1.55
2024-12-15,Rift Valley,Turkana,Katilia,6898,2.14,36.14,miscellaneous food,Salt,185,200 G,actual,Retail,KES,11,0.085
2024-12-15,Rift Valley,Turkana,Katilia,6898,2.14,36.14,miscellaneous food,Sugar,97,KG,actual,Retail,KES,154,1.19
2024-12-15,Rift Valley,Turkana,Katilia,6898,2.14,36.14,oil and fats,"Oil (vegetable, fortified)",494,L,actual,Retail,KES,300,2.33
2024-12-15,Rift Valley,Turkana,Kokuro,10469,4.62,35.71,cereals and tubers,Maize flour (white),134,KG,actual,Retail,KES,100,0.78
2024-12-15,Rift Valley,Turkana,Kokuro,10469,4.62,35.71,cereals and tubers,Rice (aromatic),894,KG,actual,Retail,KES,200,1.55
2024-12-15,Rift Valley,Turkana,Kokuro,10469,4.62,35.71,cereals and tubers,Wheat flour,58,KG,actual,Retail,KES,100,0.78
2024-12-15,Rift Valley,Turkana,Kokuro,10469,4.62,35.71,milk and dairy,"Milk (cow, pasteurized)",472,L,actual,Retail,KES,200,1.55
2024-12-15,Rift Valley,Turkana,Kokuro,10469,4.62,35.71,miscellaneous food,Salt,185,200 G,actual,Retail,KES,20,0.16
2024-12-15,Rift Valley,Turkana,Kokuro,10469,4.62,35.71,miscellaneous food,Sugar,97,KG,actual,Retail,KES,200,1.55
2024-12-15,Rift Valley,Turkana,Kokuro,10469,4.62,35.71,oil and fats,"Oil (vegetable, fortified)",494,L,actual,Retail,KES,400,3.1
2024-12-15,Rift Valley,Turkana,Letea,6903,3.52,35.75,cereals and tubers,Maize flour (white),134,KG,actual,Retail,KES,105.5,0.82
2024-12-15,Rift Valley,Turkana,Letea,6903,3.52,35.75,cereals and tubers,Rice (aromatic),894,KG,actual,Retail,KES,120,0.93
2024-12-15,Rift Valley,Turkana,Letea,6903,3.52,35.75,cereals and tubers,Wheat flour,58,KG,actual,Retail,KES,106,0.82
2024-12-15,Rift Valley,Turkana,Letea,6903,3.52,35.75,miscellaneous food,Salt,185,200 G,actual,Retail,KES,18,0.14
2024-12-15,Rift Valley,Turkana,Letea,6903,3.52,35.75,miscellaneous food,Sugar,97,KG,actual,Retail,KES,160,1.24
2024-12-15,Rift Valley,Turkana,Letea,6903,3.52,35.75,oil and fats,"Oil (vegetable, fortified)",494,L,actual,Retail,KES,333,2.58
2024-12-15,Rift Valley,Turkana,Lokangae,10489,4.1,34.9,cereals and tubers,Maize flour (white),134,KG,actual,Retail,KES,105.5,0.82
2024-12-15,Rift Valley,Turkana,Lokangae,10489,4.1,34.9,cereals and tubers,Rice (aromatic),894,KG,actual,Retail,KES,126,0.98
2024-12-15,Rift Valley,Turkana,Lokangae,10489,4.1,34.9,cereals and tubers,Wheat flour,58,KG,actual,Retail,KES,100,0.78
2024-12-15,Rift Valley,Turkana,Lokangae,10489,4.1,34.9,miscellaneous food,Salt,185,200 G,actual,Retail,KES,15,0.12
2024-12-15,Rift Valley,Turkana,Lokangae,10489,4.1,34.9,miscellaneous food,Sugar,97,KG,actual,Retail,KES,190,1.47
2024-12-15,Rift Valley,Turkana,Lokangae,10489,4.1,34.9,oil and fats,"Oil (vegetable, fortified)",494,L,actual,Retail,KES,340,2.64
2024-12-15,Rift Valley,Turkana,Lokapel,10490,2.37,35.42,cereals and tubers,Maize flour (white),134,KG,actual,Retail,KES,89,0.69
2024-12-15,Rift Valley,Turkana,Lokapel,10490,2.37,35.42,cereals and tubers,Rice (aromatic),894,KG,actual,Retail,KES,156,1.21
2024-12-15,Rift Valley,Turkana,Lokapel,10490,2.37,35.42,cereals and tubers,Wheat flour,58,KG,actual,Retail,KES,108,0.84
2024-12-15,Rift Valley,Turkana,Lokapel,10490,2.37,35.42,milk and dairy,"Milk (cow, pasteurized)",472,L,actual,Retail,KES,200,1.55
2024-12-15,Rift Valley,Turkana,Lokapel,10490,2.37,35.42,miscellaneous food,Salt,185,200 G,actual,Retail,KES,10,0.078
2024-12-15,Rift Valley,Turkana,Lokapel,10490,2.37,35.42,miscellaneous food,Sugar,97,KG,actual,Retail,KES,158,1.22
2024-12-15,Rift Valley,Turkana,Lokapel,10490,2.37,35.42,oil and fats,"Oil (vegetable, fortified)",494,L,actual,Retail,KES,306,2.37
2024-12-15,Rift Valley,Turkana,Lokapel,10490,2.37,35.42,pulses and nuts,Cowpeas (dry),901,KG,actual,Retail,KES,100,0.78
2024-12-15,Rift Valley,Turkana,Lokichar (Turkana),5894,2.38,35.65,cereals and tubers,Maize flour (white),134,KG,actual,Retail,KES,77,0.6
2024-12-15,Rift Valley,Turkana,Lokichar (Turkana),5894,2.38,35.65,cereals and tubers,Rice (aromatic),894,KG,actual,Retail,KES,132,1.02
2024-12-15,Rift Valley,Turkana,Lokichar (Turkana),5894,2.38,35.65,cereals and tubers,Wheat flour,58,KG,actual,Retail,KES,100,0.78
2024-12-15,Rift Valley,Turkana,Lokichar (Turkana),5894,2.38,35.65,milk and dairy,"Milk (cow, pasteurized)",472,L,actual,Retail,KES,187,1.45
2024-12-15,Rift Valley,Turkana,Lokichar (Turkana),5894,2.38,35.65,miscellaneous food,Salt,185,200 G,actual,Retail,KES,10,0.078
2024-12-15,Rift Valley,Turkana,Lokichar (Turkana),5894,2.38,35.65,miscellaneous food,Sugar,97,KG,actual,Retail,KES,152,1.18
2024-12-15,Rift Valley,Turkana,Lokichar (Turkana),5894,2.38,35.65,oil and fats,"Oil (vegetable, fortified)",494,L,actual,Retail,KES,308,2.39
2024-12-15,Rift Valley,Turkana,Lokichar (Turkana),5894,2.38,35.65,pulses and nuts,Cowpeas (dry),901,KG,actual,Retail,KES,180,1.4
2024-12-15,Rift Valley,Turkana,Lokichar (Turkana),5894,2.38,35.65,pulses and nuts,Pigeon peas (dry),937,KG,actual,Retail,KES,100,0.78
2024-12-15,Rift Valley,Turkana,Lokichar (Turkana),5894,2.38,35.65,vegetables and fruits,Kale,796,KG,actual,Retail,KES,120,0.93
2024-12-15,Rift Valley,Turkana,Lokichar (Turkana),5894,2.38,35.65,vegetables and fruits,Spinach,404,KG,actual,Retail,KES,105,0.81
2024-12-15,Rift Valley,Turkana,Lokichoggio,6891,4.2,34.36,cereals and tubers,Maize flour (white),134,KG,actual,Retail,KES,77.5,0.6
2024-12-15,Rift Valley,Turkana,Lokichoggio,6891,4.2,34.36,cereals and tubers,Rice (aromatic),894,KG,actual,Retail,KES,120,0.93
2024-12-15,Rift Valley,Turkana,Lokichoggio,6891,4.2,34.36,cereals and tubers,Wheat flour,58,KG,actual,Retail,KES,105,0.81
2024-12-15,Rift Valley,Turkana,Lokichoggio,6891,4.2,34.36,milk and dairy,"Milk (cow, pasteurized)",472,L,actual,Retail,KES,160,1.24
2024-12-15,Rift Valley,Turkana,Lokichoggio,6891,4.2,34.36,miscellaneous food,Salt,185,200 G,actual,Retail,KES,23,0.18
2024-12-15,Rift Valley,Turkana,Lokichoggio,6891,4.2,34.36,miscellaneous food,Sugar,97,KG,actual,Retail,KES,153,1.19
2024-12-15,Rift Valley,Turkana,Lokichoggio,6891,4.2,34.36,oil and fats,"Oil (vegetable, fortified)",494,L,actual,Retail,KES,333,2.58
2024-12-15,Rift Valley,Turkana,Lokichoggio,6891,4.2,34.36,pulses and nuts,Cowpeas (dry),901,KG,actual,Retail,KES,400,3.1
2024-12-15,Rift Valley,Turkana,Lokichoggio,6891,4.2,34.36,vegetables and fruits,Kale,796,KG,actual,Retail,KES,100,0.78
2024-12-15,Rift Valley,Turkana,Lokipoto,6892,3.18,34.67,cereals and tubers,Maize flour (white),134,KG,actual,Retail,KES,100,0.78
2024-12-15,Rift Valley,Turkana,Lokipoto,6892,3.18,34.67,cereals and tubers,Rice (aromatic),894,KG,actual,Retail,KES,133,1.03
2024-12-15,Rift Valley,Turkana,Lokipoto,6892,3.18,34.67,cereals and tubers,Wheat flour,58,KG,actual,Retail,KES,103,0.8
2024-12-15,Rift Valley,Turkana,Lokipoto,6892,3.18,34.67,milk and dairy,"Milk (cow, pasteurized)",472,L,actual,Retail,KES,100,0.78
2024-12-15,Rift Valley,Turkana,Lokipoto,6892,3.18,34.67,miscellaneous food,Salt,185,200 G,actual,Retail,KES,18,0.14
2024-12-15,Rift Valley,Turkana,Lokipoto,6892,3.18,34.67,miscellaneous food,Sugar,97,KG,actual,Retail,KES,198,1.53
2024-12-15,Rift Valley,Turkana,Lokipoto,6892,3.18,34.67,oil and fats,"Oil (vegetable, fortified)",494,L,actual,Retail,KES,330,2.56
2024-12-15,Rift Valley,Turkana,Lokiriama,6893,2.76,34.88,cereals and tubers,Maize flour (white),134,KG,actual,Retail,KES,103.5,0.8
2024-12-15,Rift Valley,Turkana,Lokiriama,6893,2.76,34.88,cereals and tubers,Rice (aromatic),894,KG,actual,Retail,KES,100,0.78
2024-12-15,Rift Valley,Turkana,Lokiriama,6893,2.76,34.88,cereals and tubers,Wheat flour,58,KG,actual,Retail,KES,100,0.78
2024-12-15,Rift Valley,Turkana,Lokiriama,6893,2.76,34.88,milk and dairy,"Milk (cow, pasteurized)",472,L,actual,Retail,KES,200,1.55
2024-12-15,Rift Valley,Turkana,Lokiriama,6893,2.76,34.88,miscellaneous food,Salt,185,200 G,actual,Retail,KES,20,0.16
2024-12-15,Rift Valley,Turkana,Lokiriama,6893,2.76,34.88,miscellaneous food,Sugar,97,KG,actual,Retail,KES,200,1.55
2024-12-15,Rift Valley,Turkana,Lokiriama,6893,2.76,34.88,oil and fats,"Oil (vegetable, fortified)",494,L,actual,Retail,KES,300,2.33
2024-12-15,Rift Valley,Turkana,Lokitaung,6902,4.27,35.75,cereals and tubers,Maize flour (white),134,KG,actual,Retail,KES,89.5,0.69
2024-12-15,Rift Valley,Turkana,Lokitaung,6902,4.27,35.75,cereals and tubers,Rice (aromatic),894,KG,actual,Retail,KES,117,0.91
2024-12-15,Rift Valley,Turkana,Lokitaung,6902,4.27,35.75,cereals and tubers,Wheat flour,58,KG,actual,Retail,KES,103,0.8
2024-12-15,Rift Valley,Turkana,Lokitaung,6902,4.27,35.75,milk and dairy,"Milk (cow, pasteurized)",472,L,actual,Retail,KES,200,1.55
2024-12-15,Rift Valley,Turkana,Lokitaung,6902,4.27,35.75,miscellaneous food,Salt,185,200 G,actual,Retail,KES,13,0.1
2024-12-15,Rift Valley,Turkana,Lokitaung,6902,4.27,35.75,miscellaneous food,Sugar,97,KG,actual,Retail,KES,191,1.48
2024-12-15,Rift Valley,Turkana,Lokitaung,6902,4.27,35.75,oil and fats,"Oil (vegetable, fortified)",494,L,actual,Retail,KES,281,2.18
2024-12-15,Rift Valley,Turkana,Lokori,6897,1.95,36.03,cereals and tubers,Maize flour (white),134,KG,actual,Retail,KES,88.5,0.69
2024-12-15,Rift Valley,Turkana,Lokori,6897,1.95,36.03,cereals and tubers,Rice (aromatic),894,KG,actual,Retail,KES,137,1.06
2024-12-15,Rift Valley,Turkana,Lokori,6897,1.95,36.03,cereals and tubers,Wheat flour,58,KG,actual,Retail,KES,103,0.8
2024-12-15,Rift Valley,Turkana,Lokori,6897,1.95,36.03,milk and dairy,"Milk (cow, pasteurized)",472,L,actual,Retail,KES,166,1.29
2024-12-15,Rift Valley,Turkana,Lokori,6897,1.95,36.03,miscellaneous food,Salt,185,200 G,actual,Retail,KES,13,0.1
2024-12-15,Rift Valley,Turkana,Lokori,6897,1.95,36.03,miscellaneous food,Sugar,97,KG,actual,Retail,KES,151,1.17
2024-12-15,Rift Valley,Turkana,Lokori,6897,1.95,36.03,oil and fats,"Oil (vegetable, fortified)",494,L,actual,Retail,KES,304,2.36
2024-12-15,Rift Valley,Turkana,Lokori,6897,1.95,36.03,pulses and nuts,Cowpeas (dry),901,KG,actual,Retail,KES,150,1.16
2024-12-15,Rift Valley,Turkana,Lokori,6897,1.95,36.03,pulses and nuts,Pigeon peas (dry),937,KG,actual,Retail,KES,150,1.16
2024-12-15,Rift Valley,Turkana,Lokwii,10491,1.98,36.1,cereals and tubers,Maize flour (white),134,KG,actual,Retail,KES,111.5,0.86
2024-12-15,Rift Valley,Turkana,Lokwii,10491,1.98,36.1,cereals and tubers,Rice (aromatic),894,KG,actual,Retail,KES,147,1.14
2024-12-15,Rift Valley,Turkana,Lokwii,10491,1.98,36.1,cereals and tubers,Wheat flour,58,KG,actual,Retail,KES,127,0.98
2024-12-15,Rift Valley,Turkana,Lokwii,10491,1.98,36.1,milk and dairy,"Milk (cow, pasteurized)",472,L,actual,Retail,KES,140,1.09
2024-12-15,Rift Valley,Turkana,Lokwii,10491,1.98,36.1,miscellaneous food,Salt,185,200 G,actual,Retail,KES,13,0.1
2024-12-15,Rift Valley,Turkana,Lokwii,10491,1.98,36.1,miscellaneous food,Sugar,97,KG,actual,Retail,KES,171,1.33
2024-12-15,Rift Valley,Turkana,Lokwii,10491,1.98,36.1,oil and fats,"Oil (vegetable, fortified)",494,L,actual,Retail,KES,312,2.42
2024-12-15,Rift Valley,Turkana,Lolupe,10492,3.54,35.25,cereals and tubers,Maize flour (white),134,KG,actual,Retail,KES,92.5,0.72
2024-12-15,Rift Valley,Turkana,Lolupe,10492,3.54,35.25,cereals and tubers,Rice (aromatic),894,KG,actual,Retail,KES,140,1.09
2024-12-15,Rift Valley,Turkana,Lolupe,10492,3.54,35.25,cereals and tubers,Wheat flour,58,KG,actual,Retail,KES,100,0.78
2024-12-15,Rift Valley,Turkana,Lolupe,10492,3.54,35.25,milk and dairy,"Milk (cow, pasteurized)",472,L,actual,Retail,KES,200,1.55
2024-12-15,Rift Valley,Turkana,Lolupe,10492,3.54,35.25,miscellaneous food,Salt,185,200 G,actual,Retail,KES,19,0.15
2024-12-15,Rift Valley,Turkana,Lolupe,10492,3.54,35.25,miscellaneous food,Sugar,97,KG,actual,Retail,KES,148,1.15
2024-12-15,Rift Valley,Turkana,Lolupe,10492,3.54,35.25,oil and fats,"Oil (vegetable, fortified)",494,L,actual,Retail,KES,300,2.33
2024-12-15,Rift Valley,Turkana,Lopur,10493,3.86,34.82,cereals and tubers,Maize flour (white),134,KG,actual,Retail,KES,99.5,0.77
2024-12-15,Rift Valley,Turkana,Lopur,10493,3.86,34.82,cereals and tubers,Rice (aromatic),894,KG,actual,Retail,KES,128,0.99
2024-12-15,Rift Valley,Turkana,Lopur,10493,3.86,34.82,cereals and tubers,Wheat flour,58,KG,actual,Retail,KES,113,0.88
2024-12-15,Rift Valley,Turkana,Lopur,10493,3.86,34.82,miscellaneous food,Salt,185,200 G,actual,Retail,KES,13,0.1
2024-12-15,Rift Valley,Turkana,Lopur,10493,3.86,34.82,miscellaneous food,Sugar,97,KG,actual,Retail,KES,165,1.28
2024-12-15,Rift Valley,Turkana,Lopur,10493,3.86,34.82,oil and fats,"Oil (vegetable, fortified)",494,L,actual,Retail,KES,313,2.43
2024-12-15,Rift Valley,Turkana,Lorugum,6894,2.88,35.25,cereals and tubers,Maize flour (white),134,KG,actual,Retail,KES,100,0.78
2024-12-15,Rift Valley,Turkana,Lorugum,6894,2.88,35.25,cereals and tubers,Rice (aromatic),894,KG,actual,Retail,KES,147.5,1.14
2024-12-15,Rift Valley,Turkana,Lorugum,6894,2.88,35.25,cereals and tubers,Wheat flour,58,KG,actual,Retail,KES,100,0.78
2024-12-15,Rift Valley,Turkana,Lorugum,6894,2.88,35.25,milk and dairy,"Milk (cow, pasteurized)",472,L,actual,Retail,KES,170,1.32
2024-12-15,Rift Valley,Turkana,Lorugum,6894,2.88,35.25,miscellaneous food,Salt,185,200 G,actual,Retail,KES,15,0.12
2024-12-15,Rift Valley,Turkana,Lorugum,6894,2.88,35.25,miscellaneous food,Sugar,97,KG,actual,Retail,KES,182.5,1.41
2024-12-15,Rift Valley,Turkana,Lorugum,6894,2.88,35.25,oil and fats,"Oil (vegetable, fortified)",494,L,actual,Retail,KES,300,2.33
2024-12-15,Rift Valley,Turkana,Lotubae,10494,2.02,36.13,cereals and tubers,Maize flour (white),134,KG,actual,Retail,KES,90,0.7
2024-12-15,Rift Valley,Turkana,Lotubae,10494,2.02,36.13,cereals and tubers,Rice (aromatic),894,KG,actual,Retail,KES,120,0.93
2024-12-15,Rift Valley,Turkana,Lotubae,10494,2.02,36.13,cereals and tubers,Wheat flour,58,KG,actual,Retail,KES,120,0.93
2024-12-15,Rift Valley,Turkana,Lotubae,10494,2.02,36.13,milk and dairy,"Milk (cow, pasteurized)",472,L,actual,Retail,KES,200,1.55
2024-12-15,Rift Valley,Turkana,Lotubae,10494,2.02,36.13,miscellaneous food,Sugar,97,KG,actual,Retail,KES,173,1.34
2024-12-15,Rift Valley,Turkana,Loturerei,10456,2.93,35.61,cereals and tubers,Maize flour (white),134,KG,actual,Retail,KES,96.5,0.75
2024-12-15,Rift Valley,Turkana,Loturerei,10456,2.93,35.61,cereals and tubers,Rice (aromatic),894,KG,actual,Retail,KES,140,1.09
2024-12-15,Rift Valley,Turkana,Loturerei,10456,2.93,35.61,cereals and tubers,Wheat flour,58,KG,actual,Retail,KES,115,0.89
2024-12-15,Rift Valley,Turkana,Loturerei,10456,2.93,35.61,milk and dairy,"Milk (cow, pasteurized)",472,L,actual,Retail,KES,200,1.55
2024-12-15,Rift Valley,Turkana,Loturerei,10456,2.93,35.61,miscellaneous food,Salt,185,200 G,actual,Retail,KES,15,0.12
2024-12-15,Rift Valley,Turkana,Loturerei,10456,2.93,35.61,miscellaneous food,Sugar,97,KG,actual,Retail,KES,187,1.45
2024-12-15,Rift Valley,Turkana,Loturerei,10456,2.93,35.61,oil and fats,"Oil (vegetable, fortified)",494,L,actual,Retail,KES,300,2.33
2024-12-15,Rift Valley,Turkana,Lowarengak,6888,4.28,35.89,cereals and tubers,Maize flour (white),134,KG,actual,Retail,KES,113,0.88
2024-12-15,Rift Valley,Turkana,Lowarengak,6888,4.28,35.89,cereals and tubers,Rice (aromatic),894,KG,actual,Retail,KES,100,0.78
2024-12-15,Rift Valley,Turkana,Lowarengak,6888,4.28,35.89,cereals and tubers,Wheat flour,58,KG,actual,Retail,KES,110,0.85
2024-12-15,Rift Valley,Turkana,Lowarengak,6888,4.28,35.89,miscellaneous food,Salt,185,200 G,actual,Retail,KES,15,0.12
2024-12-15,Rift Valley,Turkana,Lowarengak,6888,4.28,35.89,miscellaneous food,Sugar,97,KG,actual,Retail,KES,217,1.68
2024-12-15,Rift Valley,Turkana,Lowarengak,6888,4.28,35.89,oil and fats,"Oil (vegetable, fortified)",494,L,actual,Retail,KES,300,2.33
2024-12-15,Rift Valley,Turkana,Morulem,10495,1.98,36.13,cereals and tubers,Maize flour (white),134,KG,actual,Retail,KES,99.5,0.77
2024-12-15,Rift Valley,Turkana,Morulem,10495,1.98,36.13,cereals and tubers,Rice (aromatic),894,KG,actual,Retail,KES,130,1.01
2024-12-15,Rift Valley,Turkana,Morulem,10495,1.98,36.13,cereals and tubers,Wheat flour,58,KG,actual,Retail,KES,112,0.87
2024-12-15,Rift Valley,Turkana,Morulem,10495,1.98,36.13,milk and dairy,"Milk (cow, pasteurized)",472,L,actual,Retail,KES,170,1.32
2024-12-15,Rift Valley,Turkana,Morulem,10495,1.98,36.13,miscellaneous food,Salt,185,200 G,actual,Retail,KES,10,0.078
2024-12-15,Rift Valley,Turkana,Morulem,10495,1.98,36.13,miscellaneous food,Sugar,97,KG,actual,Retail,KES,160,1.24
2024-12-15,Rift Valley,Turkana,Morulem,10495,1.98,36.13,oil and fats,"Oil (vegetable, fortified)",494,L,actual,Retail,KES,318,2.46
2024-12-15,Rift Valley,Turkana,Naakalei,6899,2.54,36.22,cereals and tubers,Maize flour (white),134,KG,actual,Retail,KES,101.5,0.79
2024-12-15,Rift Valley,Turkana,Naakalei,6899,2.54,36.22,cereals and tubers,Rice (aromatic),894,KG,actual,Retail,KES,139,1.08
2024-12-15,Rift Valley,Turkana,Naakalei,6899,2.54,36.22,cereals and tubers,Wheat flour,58,KG,actual,Retail,KES,109,0.84
2024-12-15,Rift Valley,Turkana,Naakalei,6899,2.54,36.22,milk and dairy,"Milk (cow, pasteurized)",472,L,actual,Retail,KES,160,1.24
2024-12-15,Rift Valley,Turkana,Naakalei,6899,2.54,36.22,miscellaneous food,Salt,185,200 G,actual,Retail,KES,14,0.11
2024-12-15,Rift Valley,Turkana,Naakalei,6899,2.54,36.22,miscellaneous food,Sugar,97,KG,actual,Retail,KES,198,1.53
2024-12-15,Rift Valley,Turkana,Naakalei,6899,2.54,36.22,oil and fats,"Oil (vegetable, fortified)",494,L,actual,Retail,KES,294,2.28
2024-12-15,Rift Valley,Turkana,Naduat,10496,3.51,35.19,cereals and tubers,Maize flour (white),134,KG,actual,Retail,KES,105,0.81
2024-12-15,Rift Valley,Turkana,Naduat,10496,3.51,35.19,cereals and tubers,Rice (aromatic),894,KG,actual,Retail,KES,143,1.11
2024-12-15,Rift Valley,Turkana,Naduat,10496,3.51,35.19,cereals and tubers,Wheat flour,58,KG,actual,Retail,KES,100,0.78
2024-12-15,Rift Valley,Turkana,Naduat,10496,3.51,35.19,milk and dairy,"Milk (cow, pasteurized)",472,L,actual,Retail,KES,200,1.55
2024-12-15,Rift Valley,Turkana,Naduat,10496,3.51,35.19,miscellaneous food,Salt,185,200 G,actual,Retail,KES,15,0.12
2024-12-15,Rift Valley,Turkana,Naduat,10496,3.51,35.19,miscellaneous food,Sugar,97,KG,actual,Retail,KES,150,1.16
2024-12-15,Rift Valley,Turkana,Naduat,10496,3.51,35.19,oil and fats,"Oil (vegetable, fortified)",494,L,actual,Retail,KES,283,2.19
2024-12-15,Rift Valley,Turkana,Naduat,10496,3.51,35.19,pulses and nuts,Cowpeas (dry),901,KG,actual,Retail,KES,125,0.97
2024-12-15,Rift Valley,Turkana,Naduat,10496,3.51,35.19,vegetables and fruits,Kale,796,KG,actual,Retail,KES,50,0.39
2024-12-15,Rift Valley,Turkana,Naduat,10496,3.51,35.19,vegetables and fruits,Spinach,404,KG,actual,Retail,KES,60,0.47
2024-12-15,Rift Valley,Turkana,Nakinomet,10497,4.58,35.4,cereals and tubers,Maize flour (white),134,KG,actual,Retail,KES,113.5,0.88
2024-12-15,Rift Valley,Turkana,Nakinomet,10497,4.58,35.4,cereals and tubers,Rice (aromatic),894,KG,actual,Retail,KES,140,1.09
2024-12-15,Rift Valley,Turkana,Nakinomet,10497,4.58,35.4,cereals and tubers,Wheat flour,58,KG,actual,Retail,KES,127,0.98
2024-12-15,Rift Valley,Turkana,Nakinomet,10497,4.58,35.4,milk and dairy,"Milk (cow, pasteurized)",472,L,actual,Retail,KES,200,1.55
2024-12-15,Rift Valley,Turkana,Nakinomet,10497,4.58,35.4,miscellaneous food,Salt,185,200 G,actual,Retail,KES,20,0.16
2024-12-15,Rift Valley,Turkana,Nakinomet,10497,4.58,35.4,miscellaneous food,Sugar,97,KG,actual,Retail,KES,233,1.81
2024-12-15,Rift Valley,Turkana,Nakinomet,10497,4.58,35.4,oil and fats,"Oil (vegetable, fortified)",494,L,actual,Retail,KES,325,2.52
2024-12-15,Rift Valley,Turkana,Nakukulas,6896,2.2,35.81,cereals and tubers,Maize flour (white),134,KG,actual,Retail,KES,94.5,0.73
2024-12-15,Rift Valley,Turkana,Nakukulas,6896,2.2,35.81,cereals and tubers,Rice (aromatic),894,KG,actual,Retail,KES,136,1.05
2024-12-15,Rift Valley,Turkana,Nakukulas,6896,2.2,35.81,cereals and tubers,Wheat flour,58,KG,actual,Retail,KES,100,0.78
2024-12-15,Rift Valley,Turkana,Nakukulas,6896,2.2,35.81,milk and dairy,"Milk (cow, pasteurized)",472,L,actual,Retail,KES,175,1.36
2024-12-15,Rift Valley,Turkana,Nakukulas,6896,2.2,35.81,miscellaneous food,Salt,185,200 G,actual,Retail,KES,11,0.085
2024-12-15,Rift Valley,Turkana,Nakukulas,6896,2.2,35.81,miscellaneous food,Sugar,97,KG,actual,Retail,KES,173,1.34
2024-12-15,Rift Valley,Turkana,Nakukulas,6896,2.2,35.81,oil and fats,"Oil (vegetable, fortified)",494,L,actual,Retail,KES,310,2.4
2024-12-15,Rift Valley,Turkana,Napak,10498,4.56,35.39,cereals and tubers,Maize flour (white),134,KG,actual,Retail,KES,100,0.78
2024-12-15,Rift Valley,Turkana,Napak,10498,4.56,35.39,cereals and tubers,Rice (aromatic),894,KG,actual,Retail,KES,140,1.09
2024-12-15,Rift Valley,Turkana,Napak,10498,4.56,35.39,cereals and tubers,Wheat flour,58,KG,actual,Retail,KES,120,0.93
2024-12-15,Rift Valley,Turkana,Napak,10498,4.56,35.39,milk and dairy,"Milk (cow, pasteurized)",472,L,actual,Retail,KES,167,1.29
2024-12-15,Rift Valley,Turkana,Napak,10498,4.56,35.39,miscellaneous food,Salt,185,200 G,actual,Retail,KES,20,0.16
2024-12-15,Rift Valley,Turkana,Napak,10498,4.56,35.39,miscellaneous food,Sugar,97,KG,actual,Retail,KES,200,1.55
2024-12-15,Rift Valley,Turkana,Napak,10498,4.56,35.39,oil and fats,"Oil (vegetable, fortified)",494,L,actual,Retail,KES,333,2.58
2024-12-15,Rift Valley,Turkana,Turkwel Centre,10454,2.92,35.4,cereals and tubers,Maize flour (white),134,KG,actual,Retail,KES,86.5,0.67
2024-12-15,Rift Valley,Turkana,Turkwel Centre,10454,2.92,35.4,cereals and tubers,Rice (aromatic),894,KG,actual,Retail,KES,153,1.19
2024-12-15,Rift Valley,Turkana,Turkwel Centre,10454,2.92,35.4,cereals and tubers,Wheat flour,58,KG,actual,Retail,KES,107,0.83
2024-12-15,Rift Valley,Turkana,Turkwel Centre,10454,2.92,35.4,milk and dairy,"Milk (cow, pasteurized)",472,L,actual,Retail,KES,200,1.55
2024-12-15,Rift Valley,Turkana,Turkwel Centre,10454,2.92,35.4,miscellaneous food,Salt,185,200 G,actual,Retail,KES,15,0.12
2024-12-15,Rift Valley,Turkana,Turkwel Centre,10454,2.92,35.4,miscellaneous food,Sugar,97,KG,actual,Retail,KES,160,1.24
2024-12-15,Rift Valley,Turkana,Turkwel Centre,10454,2.92,35.4,oil and fats,"Oil (vegetable, fortified)",494,L,actual,Retail,KES,280,2.17
2025-01-15,Eastern,Makueni,Kathonzweni (Makueni),5666,-1.91,37.73,cereals and tubers,"Maize (white, dry)",440,90 KG,actual,Wholesale,KES,4050,31.33
2025-01-15,Eastern,Makueni,Kathonzweni (Makueni),5666,-1.91,37.73,cereals and tubers,"Potatoes (Irish, red)",890,50 KG,actual,Wholesale,KES,3000,23.21
2025-01-15,Eastern,Makueni,Kathonzweni (Makueni),5666,-1.91,37.73,pulses and nuts,Cowpeas,218,90 KG,actual,Wholesale,KES,9000,69.63
2025-01-15,Eastern,Makueni,Kathonzweni (Makueni),5666,-1.91,37.73,vegetables and fruits,Cabbage,181,126 KG,actual,Wholesale,KES,2939.58,22.74
2025-01-15,Eastern,Makueni,Kathonzweni (Makueni),5666,-1.91,37.73,vegetables and fruits,Kale,796,50 KG,actual,Wholesale,KES,2000,15.47
2025-01-15,Eastern,Makueni,Kathonzweni (Makueni),5666,-1.91,37.73,vegetables and fruits,Tomatoes,114,64 KG,actual,Wholesale,KES,3840,29.71
2025-01-15,Nairobi,Nairobi,Kangemi (Nairobi),4626,-1.27,36.74,cereals and tubers,"Maize (white, dry)",440,90 KG,actual,Wholesale,KES,3960,30.64
2025-01-15,Nairobi,Nairobi,Kangemi (Nairobi),4626,-1.27,36.74,cereals and tubers,Rice (aromatic),894,50 KG,actual,Wholesale,KES,7768,60.1
2025-01-15,Nairobi,Nairobi,Kangemi (Nairobi),4626,-1.27,36.74,pulses and nuts,Beans (dolichos),896,90 KG,actual,Wholesale,KES,7785.9,60.24
2025-01-15,Nairobi,Nairobi,Kangemi (Nairobi),4626,-1.27,36.74,pulses and nuts,Beans (rosecoco),897,90 KG,actual,Wholesale,KES,10600.2,82.01
2025-01-15,Nairobi,Nairobi,Kangemi (Nairobi),4626,-1.27,36.74,pulses and nuts,Beans (yellow),889,90 KG,actual,Wholesale,KES,12897.9,99.79
2025-01-15,Nairobi,Nairobi,Kangemi (Nairobi),4626,-1.27,36.74,pulses and nuts,Cowpeas,218,90 KG,actual,Wholesale,KES,9666.9,74.79
2025-01-15,Nairobi,Nairobi,Kangemi (Nairobi),4626,-1.27,36.74,vegetables and fruits,Tomatoes,114,64 KG,actual,Wholesale,KES,5120,39.61
2025-01-15,Nyanza,Kisumu,Kibuye (Kisumu),5671,-0.09,34.77,cereals and tubers,"Maize (white, dry)",440,90 KG,actual,Wholesale,KES,4416.3,34.17
2025-01-15,Nyanza,Kisumu,Kibuye (Kisumu),5671,-0.09,34.77,cereals and tubers,"Potatoes (Irish, white)",891,50 KG,actual,Wholesale,KES,4000,30.95
2025-01-15,Nyanza,Kisumu,Kibuye (Kisumu),5671,-0.09,34.77,vegetables and fruits,Kale,796,50 KG,actual,Wholesale,KES,1441,11.15
2025-01-15,Nyanza,Kisumu,Kibuye (Kisumu),5671,-0.09,34.77,vegetables and fruits,Onions (dry),892,13 KG,actual,Wholesale,KES,1199.9,9.28
2025-01-15,Nyanza,Kisumu,Kibuye (Kisumu),5671,-0.09,34.77,vegetables and fruits,Tomatoes,114,64 KG,actual,Wholesale,KES,8594.56,66.5
2025-02-15,Eastern,Makueni,Kathonzweni (Makueni),5666,-1.91,37.73,cereals and tubers,"Maize (white, dry)",440,90 KG,actual,Wholesale,KES,4275,33.13
2025-02-15,Eastern,Makueni,Kathonzweni (Makueni),5666,-1.91,37.73,cereals and tubers,"Potatoes (Irish, red)",890,50 KG,actual,Wholesale,KES,2500,19.37
2025-02-15,Eastern,Makueni,Kathonzweni (Makueni),5666,-1.91,37.73,pulses and nuts,Cowpeas,218,90 KG,actual,Wholesale,KES,9000,69.75
2025-02-15,Eastern,Makueni,Kathonzweni (Makueni),5666,-1.91,37.73,vegetables and fruits,Cabbage,181,126 KG,actual,Wholesale,KES,2110.5,16.36
2025-02-15,Eastern,Makueni,Kathonzweni (Makueni),5666,-1.91,37.73,vegetables and fruits,Kale,796,50 KG,actual,Wholesale,KES,1375,10.66
2025-02-15,Eastern,Makueni,Kathonzweni (Makueni),5666,-1.91,37.73,vegetables and fruits,Onions (dry),892,13 KG,actual,Wholesale,KES,1202.5,9.32
2025-02-15,Eastern,Makueni,Kathonzweni (Makueni),5666,-1.91,37.73,vegetables and fruits,Tomatoes,114,64 KG,actual,Wholesale,KES,3600,27.9
2025-02-15,Nairobi,Nairobi,Kangemi (Nairobi),4626,-1.27,36.74,cereals and tubers,"Maize (white, dry)",440,90 KG,actual,Wholesale,KES,4260.24,33.02
2025-02-15,Nairobi,Nairobi,Kangemi (Nairobi),4626,-1.27,36.74,cereals and tubers,"Potatoes (Irish, red)",890,50 KG,actual,Wholesale,KES,1875,14.53
2025-02-15,Nairobi,Nairobi,Kangemi (Nairobi),4626,-1.27,36.74,cereals and tubers,"Potatoes (Irish, white)",891,50 KG,actual,Wholesale,KES,3192.86,24.74
2025-02-15,Nairobi,Nairobi,Kangemi (Nairobi),4626,-1.27,36.74,cereals and tubers,Rice (aromatic),894,50 KG,actual,Wholesale,KES,7687.5,59.58
2025-02-15,Nairobi,Nairobi,Kangemi (Nairobi),4626,-1.27,36.74,pulses and nuts,Beans (dolichos),896,90 KG,actual,Wholesale,KES,7340.04,56.88
2025-02-15,Nairobi,Nairobi,Kangemi (Nairobi),4626,-1.27,36.74,pulses and nuts,Beans (rosecoco),897,90 KG,actual,Wholesale,KES,11199.6,86.8
2025-02-15,Nairobi,Nairobi,Kangemi (Nairobi),4626,-1.27,36.74,pulses and nuts,Cowpeas,218,90 KG,actual,Wholesale,KES,9074.93,70.33
2025-02-15,Nairobi,Nairobi,Kangemi (Nairobi),4626,-1.27,36.74,vegetables and fruits,Cabbage,181,126 KG,actual,Wholesale,KES,1470.42,11.4
2025-02-15,Nairobi,Nairobi,Kangemi (Nairobi),4626,-1.27,36.74,vegetables and fruits,Onions (dry),892,13 KG,actual,Wholesale,KES,975,7.56
2025-02-15,Nairobi,Nairobi,Kangemi (Nairobi),4626,-1.27,36.74,vegetables and fruits,Tomatoes,114,64 KG,actual,Wholesale,KES,3200,24.8
2025-02-15,Nyanza,Kisumu,Kibuye (Kisumu),5671,-0.09,34.77,cereals and tubers,"Maize (white, dry)",440,90 KG,actual,Wholesale,KES,4400.1,34.1
2025-02-15,Nyanza,Kisumu,Kibuye (Kisumu),5671,-0.09,34.77,vegetables and fruits,Kale,796,50 KG,actual,Wholesale,KES,2291.75,17.76
2025-02-15,Nyanza,Kisumu,Kibuye (Kisumu),5671,-0.09,34.77,vegetables and fruits,Onions (dry),892,13 KG,actual,Wholesale,KES,1533.35,11.88
2025-02-15,Nyanza,Kisumu,Kibuye (Kisumu),5671,-0.09,34.77,vegetables and fruits,Tomatoes,114,64 KG,actual,Wholesale,KES,8685.76,67.31
2025-02-15,Rift Valley,Uasin Gishu,Eldoret town (Uasin Gishu),185,0.52,35.28,cereals and tubers,"Maize (white, dry)",440,90 KG,actual,Wholesale,KES,3889.29,30.14
2025-02-15,Rift Valley,Uasin Gishu,Eldoret town (Uasin Gishu),185,0.52,35.28,cereals and tubers,"Potatoes (Irish, white)",891,50 KG,actual,Wholesale,KES,2400,18.6
2025-02-15,Rift Valley,Uasin Gishu,Eldoret town (Uasin Gishu),185,0.52,35.28,pulses and nuts,Beans (rosecoco),897,90 KG,actual,Wholesale,KES,12600,97.65
2025-02-15,Rift Valley,Uasin Gishu,Eldoret town (Uasin Gishu),185,0.52,35.28,vegetables and fruits,Cabbage,181,126 KG,actual,Wholesale,KES,4410,34.18
2025-02-15,Rift Valley,Uasin Gishu,Eldoret town (Uasin Gishu),185,0.52,35.28,vegetables and fruits,Kale,796,50 KG,actual,Wholesale,KES,1875,14.53
2025-02-15,Rift Valley,Uasin Gishu,Eldoret town (Uasin Gishu),185,0.52,35.28,vegetables and fruits,Onions (dry),892,13 KG,actual,Wholesale,KES,780,6.04
2025-02-15,Rift Valley,Uasin Gishu,Eldoret town (Uasin Gishu),185,0.52,35.28,vegetables and fruits,Tomatoes,114,64 KG,actual,Wholesale,KES,5760,44.64
2025-03-15,Coast,Kilifi,Matanomanne,10392,-3.4,39.78,cereals and tubers,Maize flour (white),134,KG,actual,Retail,KES,81,0.63
2025-03-15,Coast,Kilifi,Matanomanne,10392,-3.4,39.78,cereals and tubers,Rice (aromatic),894,KG,actual,Retail,KES,140,1.08
2025-03-15,Coast,Kilifi,Matanomanne,10392,-3.4,39.78,cereals and tubers,Wheat flour,58,KG,actual,Retail,KES,88,0.68
2025-03-15,Coast,Kilifi,Matanomanne,10392,-3.4,39.78,milk and dairy,"Milk (cow, pasteurized)",472,L,actual,Retail,KES,140,1.08
2025-03-15,Coast,Kilifi,Matanomanne,10392,-3.4,39.78,miscellaneous food,Salt,185,200 G,actual,Retail,KES,10,0.077
2025-03-15,Coast,Kilifi,Matanomanne,10392,-3.4,39.78,miscellaneous food,Sugar,97,KG,actual,Retail,KES,160,1.24
2025-03-15,Coast,Kilifi,Matanomanne,10392,-3.4,39.78,oil and fats,"Oil (vegetable, fortified)",494,L,actual,Retail,KES,280,2.17
2025-03-15,Coast,Kilifi,Matanomanne,10392,-3.4,39.78,pulses and nuts,Beans,50,KG,actual,Retail,KES,128,0.99
2025-03-15,Coast,Kilifi,Matanomanne,10392,-3.4,39.78,pulses and nuts,Cowpeas (dry),901,KG,actual,Retail,KES,100,0.77
2025-03-15,Coast,Kilifi,Matanomanne,10392,-3.4,39.78,pulses and nuts,Pigeon peas (dry),937,KG,actual,Retail,KES,170,1.32
2025-03-15,Coast,Tana River,Bangale,10438,-0.72,39.02,cereals and tubers,"Maize (white, dry)",440,KG,actual,Retail,KES,64,0.5
2025-03-15,Coast,Tana River,Bangale,10438,-0.72,39.02,cereals and tubers,Maize flour (white),134,KG,actual,Retail,KES,91,0.7
2025-03-15,Coast,Tana River,Bangale,10438,-0.72,39.02,cereals and tubers,Rice (aromatic),894,KG,actual,Retail,KES,132,1.02
2025-03-15,Coast,Tana River,Bangale,10438,-0.72,39.02,cereals and tubers,Wheat flour,58,KG,actual,Retail,KES,101,0.78
2025-03-15,Coast,Tana River,Bangale,10438,-0.72,39.02,milk and dairy,"Milk (cow, pasteurized)",472,L,actual,Retail,KES,140,1.08
2025-03-15,Coast,Tana River,Bangale,10438,-0.72,39.02,miscellaneous food,Salt,185,200 G,actual,Retail,KES,15,0.12
2025-03-15,Coast,Tana River,Bangale,10438,-0.72,39.02,miscellaneous food,Sugar,97,KG,actual,Retail,KES,152,1.18
2025-03-15,Coast,Tana River,Bangale,10438,-0.72,39.02,oil and fats,"Oil (vegetable, fortified)",494,L,actual,Retail,KES,311,2.41
2025-03-15,Coast,Tana River,Bangale,10438,-0.72,39.02,pulses and nuts,Beans,50,KG,actual,Retail,KES,147,1.14
2025-03-15,Coast,Tana River,Bangale,10438,-0.72,39.02,pulses and nuts,Cowpeas (dry),901,KG,actual,Retail,KES,180,1.39
2025-03-15,Coast,Tana River,Bangale,10438,-0.72,39.02,vegetables and fruits,Kale,796,KG,actual,Retail,KES,60,0.46
2025-03-15,Coast,Tana River,Bangale,10438,-0.72,39.02,vegetables and fruits,Spinach,404,KG,actual,Retail,KES,60,0.46
2025-03-15,Coast,Tana River,Bura,10442,-1.19,39.84,cereals and tubers,"Maize (white, dry)",440,KG,actual,Retail,KES,61,0.47
2025-03-15,Coast,Tana River,Bura,10442,-1.19,39.84,cereals and tubers,Maize flour (white),134,KG,actual,Retail,KES,89,0.69
2025-03-15,Coast,Tana River,Bura,10442,-1.19,39.84,cereals and tubers,Rice (aromatic),894,KG,actual,Retail,KES,127,0.98
2025-03-15,Coast,Tana River,Bura,10442,-1.19,39.84,cereals and tubers,Wheat flour,58,KG,actual,Retail,KES,99,0.77
2025-03-15,Coast,Tana River,Bura,10442,-1.19,39.84,milk and dairy,"Milk (cow, pasteurized)",472,L,actual,Retail,KES,140,1.08
2025-03-15,Coast,Tana River,Bura,10442,-1.19,39.84,miscellaneous food,Salt,185,200 G,actual,Retail,KES,10,0.077
2025-03-15,Coast,Tana River,Bura,10442,-1.19,39.84,miscellaneous food,Sugar,97,KG,actual,Retail,KES,156,1.21
2025-03-15,Coast,Tana River,Bura,10442,-1.19,39.84,oil and fats,"Oil (vegetable, fortified)",494,L,actual,Retail,KES,291,2.25
2025-03-15,Coast,Tana River,Bura,10442,-1.19,39.84,pulses and nuts,Beans,50,KG,actual,Retail,KES,161,1.25
2025-03-15,Coast,Tana River,Bura,10442,-1.19,39.84,pulses and nuts,Cowpeas (dry),901,KG,actual,Retail,KES,160,1.24
2025-03-15,Coast,Tana River,Bura,10442,-1.19,39.84,vegetables and fruits,Kale,796,KG,actual,Retail,KES,60,0.46
2025-03-15,Coast,Tana River,Bura,10442,-1.19,39.84,vegetables and fruits,Spinach,404,KG,actual,Retail,KES,70,0.54
2025-03-15,Coast,Tana River,Charidende,10443,-0.78,39.67,cereals and tubers,"Maize (white, dry)",440,KG,actual,Retail,KES,70,0.54
2025-03-15,Coast,Tana River,Charidende,10443,-0.78,39.67,cereals and tubers,Maize flour (white),134,KG,actual,Retail,KES,90.5,0.7
2025-03-15,Coast,Tana River,Charidende,10443,-0.78,39.67,cereals and tubers,Rice (aromatic),894,KG,actual,Retail,KES,121,0.94
2025-03-15,Coast,Tana River,Charidende,10443,-0.78,39.67,cereals and tubers,Wheat flour,58,KG,actual,Retail,KES,100,0.77
2025-03-15,Coast,Tana River,Charidende,10443,-0.78,39.67,milk and dairy,"Milk (cow, pasteurized)",472,L,actual,Retail,KES,140,1.08
2025-03-15,Coast,Tana River,Charidende,10443,-0.78,39.67,miscellaneous food,Salt,185,200 G,actual,Retail,KES,11,0.085
2025-03-15,Coast,Tana River,Charidende,10443,-0.78,39.67,miscellaneous food,Sugar,97,KG,actual,Retail,KES,149,1.15
2025-03-15,Coast,Tana River,Charidende,10443,-0.78,39.67,oil and fats,"Oil (vegetable, fortified)",494,L,actual,Retail,KES,283,2.19
2025-03-15,Coast,Tana River,Charidende,10443,-0.78,39.67,pulses and nuts,Beans,50,KG,actual,Retail,KES,154,1.19
2025-03-15,Coast,Tana River,Garsen,10448,-2.27,40.11,cereals and tubers,Maize flour (white),134,KG,actual,Retail,KES,84,0.65
2025-03-15,Coast,Tana River,Garsen,10448,-2.27,40.11,cereals and tubers,Rice (aromatic),894,KG,actual,Retail,KES,120,0.93
2025-03-15,Coast,Tana River,Garsen,10448,-2.27,40.11,cereals and tubers,Wheat flour,58,KG,actual,Retail,KES,91.5,0.71
2025-03-15,Coast,Tana River,Garsen,10448,-2.27,40.11,milk and dairy,"Milk (cow, pasteurized)",472,L,actual,Retail,KES,100,0.77
2025-03-15,Coast,Tana River,Garsen,10448,-2.27,40.11,miscellaneous food,Salt,185,200 G,actual,Retail,KES,13,0.1
2025-03-15,Coast,Tana River,Garsen,10448,-2.27,40.11,miscellaneous food,Sugar,97,KG,actual,Retail,KES,147,1.14
2025-03-15,Coast,Tana River,Garsen,10448,-2.27,40.11,oil and fats,"Oil (vegetable, fortified)",494,L,actual,Retail,KES,232.5,1.8
2025-03-15,Coast,Tana River,Garsen,10448,-2.27,40.11,pulses and nuts,Beans,50,KG,actual,Retail,KES,161.5,1.25
2025-03-15,Coast,Tana River,Hola town,3359,-1.5,40.03,cereals and tubers,"Maize (white, dry)",440,KG,actual,Retail,KES,54,0.42
2025-03-15,Coast,Tana River,Hola town,3359,-1.5,40.03,cereals and tubers,Maize flour (white),134,KG,actual,Retail,KES,89.5,0.69
2025-03-15,Coast,Tana River,Hola town,3359,-1.5,40.03,cereals and tubers,Rice (aromatic),894,KG,actual,Retail,KES,120,0.93
2025-03-15,Coast,Tana River,Hola town,3359,-1.5,40.03,cereals and tubers,Wheat flour,58,KG,actual,Retail,KES,97,0.75
2025-03-15,Coast,Tana River,Hola town,3359,-1.5,40.03,milk and dairy,"Milk (cow, pasteurized)",472,L,actual,Retail,KES,140,1.08
2025-03-15,Coast,Tana River,Hola town,3359,-1.5,40.03,miscellaneous food,Salt,185,200 G,actual,Retail,KES,14,0.11
2025-03-15,Coast,Tana River,Hola town,3359,-1.5,40.03,miscellaneous food,Sugar,97,KG,actual,Retail,KES,159,1.23
2025-03-15,Coast,Tana River,Hola town,3359,-1.5,40.03,oil and fats,"Oil (vegetable, fortified)",494,L,actual,Retail,KES,310,2.4
2025-03-15,Coast,Tana River,Hola town,3359,-1.5,40.03,pulses and nuts,Cowpeas (dry),901,KG,actual,Retail,KES,135,1.05
2025-03-15,Coast,Tana River,Hola town,3359,-1.5,40.03,pulses and nuts,Pigeon peas (dry),937,KG,actual,Retail,KES,150,1.16
2025-03-15,Coast,Tana River,Hola town,3359,-1.5,40.03,vegetables and fruits,Kale,796,KG,actual,Retail,KES,50,0.39
2025-03-15,Coast,Tana River,Hola town,3359,-1.5,40.03,vegetables and fruits,Spinach,404,KG,actual,Retail,KES,50,0.39
2025-03-15,Coast,Tana River,Kipini,10450,-2.53,40.53,cereals and tubers,"Maize (white, dry)",440,KG,actual,Retail,KES,120,0.93
2025-03-15,Coast,Tana River,Kipini,10450,-2.53,40.53,cereals and tubers,Maize flour (white),134,KG,actual,Retail,KES,85,0.66
2025-03-15,Coast,Tana River,Kipini,10450,-2.53,40.53,cereals and tubers,Rice (aromatic),894,KG,actual,Retail,KES,122,0.95
2025-03-15,Coast,Tana River,Kipini,10450,-2.53,40.53,cereals and tubers,Wheat flour,58,KG,actual,Retail,KES,88,0.68
2025-03-15,Coast,Tana River,Kipini,10450,-2.53,40.53,milk and dairy,"Milk (cow, pasteurized)",472,L,actual,Retail,KES,120,0.93
2025-03-15,Coast,Tana River,Kipini,10450,-2.53,40.53,miscellaneous food,Salt,185,200 G,actual,Retail,KES,10,0.077
2025-03-15,Coast,Tana River,Kipini,10450,-2.53,40.53,miscellaneous food,Sugar,97,KG,actual,Retail,KES,140,1.08
2025-03-15,Coast,Tana River,Kipini,10450,-2.53,40.53,oil and fats,"Oil (vegetable, fortified)",494,L,actual,Retail,KES,207,1.6
2025-03-15,Coast,Tana River,Kipini,10450,-2.53,40.53,pulses and nuts,Beans,50,KG,actual,Retail,KES,140,1.08
2025-03-15,Coast,Tana River,Makere,10445,-1.33,40.01,cereals and tubers,"Maize (white, dry)",440,KG,actual,Retail,KES,73,0.57
2025-03-15,Coast,Tana River,Makere,10445,-1.33,40.01,cereals and tubers,Maize flour (white),134,KG,actual,Retail,KES,89.5,0.69
2025-03-15,Coast,Tana River,Makere,10445,-1.33,40.01,cereals and tubers,Rice (aromatic),894,KG,actual,Retail,KES,117,0.91
2025-03-15,Coast,Tana River,Makere,10445,-1.33,40.01,cereals and tubers,Wheat flour,58,KG,actual,Retail,KES,101,0.78
2025-03-15,Coast,Tana River,Makere,10445,-1.33,40.01,milk and dairy,"Milk (cow, pasteurized)",472,L,actual,Retail,KES,133,1.03
2025-03-15,Coast,Tana River,Makere,10445,-1.33,40.01,miscellaneous food,Salt,185,200 G,actual,Retail,KES,11,0.085
2025-03-15,Coast,Tana River,Makere,10445,-1.33,40.01,miscellaneous food,Sugar,97,KG,actual,Retail,KES,164,1.27
2025-03-15,Coast,Tana River,Makere,10445,-1.33,40.01,oil and fats,"Oil (vegetable, fortified)",494,L,actual,Retail,KES,298,2.31
2025-03-15,Coast,Tana River,Makere,10445,-1.33,40.01,pulses and nuts,Beans,50,KG,actual,Retail,KES,140,1.08
2025-03-15,Coast,Tana River,Makere,10445,-1.33,40.01,pulses and nuts,Cowpeas (dry),901,KG,actual,Retail,KES,125,0.97
2025-03-15,Coast,Tana River,Minjila,10449,-2.32,40.11,cereals and tubers,"Maize (white, dry)",440,KG,actual,Retail,KES,95,0.74
2025-03-15,Coast,Tana River,Minjila,10449,-2.32,40.11,cereals and tubers,Maize flour (white),134,KG,actual,Retail,KES,90.5,0.7
2025-03-15,Coast,Tana River,Minjila,10449,-2.32,40.11,cereals and tubers,Rice (aromatic),894,KG,actual,Retail,KES,110,0.85
2025-03-15,Coast,Tana River,Minjila,10449,-2.32,40.11,cereals and tubers,Wheat flour,58,KG,actual,Retail,KES,88,0.68
2025-03-15,Coast,Tana River,Minjila,10449,-2.32,40.11,milk and dairy,"Milk (cow, pasteurized)",472,L,actual,Retail,KES,200,1.55
2025-03-15,Coast,Tana River,Minjila,10449,-2.32,40.11,miscellaneous food,Salt,185,200 G,actual,Retail,KES,15,0.12
2025-03-15,Coast,Tana River,Minjila,10449,-2.32,40.11,miscellaneous food,Sugar,97,KG,actual,Retail,KES,148,1.15
2025-03-15,Coast,Tana River,Minjila,10449,-2.32,40.11,oil and fats,"Oil (vegetable, fortified)",494,L,actual,Retail,KES,230,1.78
2025-03-15,Coast,Tana River,Minjila,10449,-2.32,40.11,pulses and nuts,Beans,50,KG,actual,Retail,KES,164,1.27
2025-03-15,Coast,Tana River,Tarasaa,10451,-2.44,40.17,cereals and tubers,Maize flour (white),134,KG,actual,Retail,KES,87.5,0.68
2025-03-15,Coast,Tana River,Tarasaa,10451,-2.44,40.17,cereals and tubers,Rice (aromatic),894,KG,actual,Retail,KES,120,0.93
2025-03-15,Coast,Tana River,Tarasaa,10451,-2.44,40.17,cereals and tubers,Wheat flour,58,KG,actual,Retail,KES,95,0.74
2025-03-15,Coast,Tana River,Tarasaa,10451,-2.44,40.17,miscellaneous food,Salt,185,200 G,actual,Retail,KES,13,0.1
2025-03-15,Coast,Tana River,Tarasaa,10451,-2.44,40.17,miscellaneous food,Sugar,97,KG,actual,Retail,KES,163,1.26
2025-03-15,Coast,Tana River,Tarasaa,10451,-2.44,40.17,oil and fats,"Oil (vegetable, fortified)",494,L,actual,Retail,KES,220,1.7
2025-03-15,Coast,Tana River,Tarasaa,10451,-2.44,40.17,pulses and nuts,Beans,50,KG,actual,Retail,KES,153,1.19
2025-03-15,Coast,Tana River,Tarasaa,10451,-2.44,40.17,vegetables and fruits,Kale,796,KG,actual,Retail,KES,100,0.77
2025-03-15,Coast,Tana River,Wayu,10447,-1.53,39.58,cereals and tubers,"Maize (white, dry)",440,KG,actual,Retail,KES,75,0.58
2025-03-15,Coast,Tana River,Wayu,10447,-1.53,39.58,cereals and tubers,Maize flour (white),134,KG,actual,Retail,KES,100,0.77
2025-03-15,Coast,Tana River,Wayu,10447,-1.53,39.58,cereals and tubers,Rice (aromatic),894,KG,actual,Retail,KES,130,1.01
2025-03-15,Coast,Tana River,Wayu,10447,-1.53,39.58,cereals and tubers,Wheat flour,58,KG,actual,Retail,KES,110,0.85
2025-03-15,Coast,Tana River,Wayu,10447,-1.53,39.58,milk and dairy,"Milk (cow, pasteurized)",472,L,actual,Retail,KES,140,1.08
2025-03-15,Coast,Tana River,Wayu,10447,-1.53,39.58,miscellaneous food,Salt,185,200 G,actual,Retail,KES,10,0.077
2025-03-15,Coast,Tana River,Wayu,10447,-1.53,39.58,miscellaneous food,Sugar,97,KG,actual,Retail,KES,160,1.24
2025-03-15,Coast,Tana River,Wayu,10447,-1.53,39.58,oil and fats,"Oil (vegetable, fortified)",494,L,actual,Retail,KES,290,2.25
2025-03-15,Coast,Tana River,Wayu,10447,-1.53,39.58,pulses and nuts,Beans,50,KG,actual,Retail,KES,170,1.32
2025-03-15,Coast,Tana River,Wayu,10447,-1.53,39.58,vegetables and fruits,Kale,796,KG,actual,Retail,KES,70,0.54
2025-03-15,Coast,Tana River,Wayu,10447,-1.53,39.58,vegetables and fruits,Spinach,404,KG,actual,Retail,KES,60,0.46
2025-03-15,Eastern,Makueni,Kathonzweni (Makueni),5666,-1.91,37.73,cereals and tubers,"Maize (white, dry)",440,90 KG,actual,Wholesale,KES,4500,34.86
2025-03-15,Eastern,Makueni,Kathonzweni (Makueni),5666,-1.91,37.73,cereals and tubers,"Potatoes (Irish, red)",890,50 KG,actual,Wholesale,KES,2833.5,21.95
2025-03-15,Eastern,Makueni,Kathonzweni (Makueni),5666,-1.91,37.73,pulses and nuts,Beans (dolichos),896,90 KG,actual,Wholesale,KES,9000,69.72
2025-03-15,Eastern,Makueni,Kathonzweni (Makueni),5666,-1.91,37.73,pulses and nuts,Cowpeas,218,90 KG,actual,Wholesale,KES,9000,69.72
2025-03-15,Eastern,Makueni,Kathonzweni (Makueni),5666,-1.91,37.73,vegetables and fruits,Cabbage,181,126 KG,actual,Wholesale,KES,2372.58,18.38
2025-03-15,Eastern,Makueni,Kathonzweni (Makueni),5666,-1.91,37.73,vegetables and fruits,Kale,796,50 KG,actual,Wholesale,KES,1500,11.62
2025-03-15,Eastern,Makueni,Kathonzweni (Makueni),5666,-1.91,37.73,vegetables and fruits,Onions (dry),892,13 KG,actual,Wholesale,KES,1300,10.07
2025-03-15,Eastern,Makueni,Kathonzweni (Makueni),5666,-1.91,37.73,vegetables and fruits,Tomatoes,114,64 KG,actual,Wholesale,KES,3413.12,26.44
2025-03-15,Eastern,Marsabit,North Horr,6222,3.32,37.07,cereals and tubers,"Maize (white, dry)",440,KG,actual,Retail,KES,60,0.46
2025-03-15,Eastern,Marsabit,North Horr,6222,3.32,37.07,cereals and tubers,Maize flour (white),134,KG,actual,Retail,KES,91.5,0.71
2025-03-15,Eastern,Marsabit,North Horr,6222,3.32,37.07,cereals and tubers,Rice (aromatic),894,KG,actual,Retail,KES,120,0.93
2025-03-15,Eastern,Marsabit,North Horr,6222,3.32,37.07,cereals and tubers,Wheat flour,58,KG,actual,Retail,KES,100,0.77
2025-03-15,Eastern,Marsabit,North Horr,6222,3.32,37.07,milk and dairy,"Milk (cow, pasteurized)",472,L,actual,Retail,KES,120,0.93
2025-03-15,Eastern,Marsabit,North Horr,6222,3.32,37.07,miscellaneous food,Salt,185,200 G,actual,Retail,KES,10,0.077
2025-03-15,Eastern,Marsabit,North Horr,6222,3.32,37.07,miscellaneous food,Sugar,97,KG,actual,Retail,KES,150,1.16
2025-03-15,Eastern,Marsabit,North Horr,6222,3.32,37.07,oil and fats,"Oil (vegetable, fortified)",494,L,actual,Retail,KES,300,2.32
2025-03-15,Eastern,Moyale,Moyale town,3269,3.51,39.05,cereals and tubers,Maize flour (white),134,KG,actual,Retail,KES,116.5,0.9
2025-03-15,Eastern,Moyale,Moyale town,3269,3.51,39.05,cereals and tubers,Rice (aromatic),894,KG,actual,Retail,KES,175,1.36
2025-03-15,Eastern,Moyale,Moyale town,3269,3.51,39.05,cereals and tubers,Wheat flour,58,KG,actual,Retail,KES,120,0.93
2025-03-15,Eastern,Moyale,Moyale town,3269,3.51,39.05,milk and dairy,"Milk (cow, pasteurized)",472,L,actual,Retail,KES,140,1.08
2025-03-15,Eastern,Moyale,Moyale town,3269,3.51,39.05,miscellaneous food,Salt,185,200 G,actual,Retail,KES,18,0.14
2025-03-15,Eastern,Moyale,Moyale town,3269,3.51,39.05,miscellaneous food,Sugar,97,KG,actual,Retail,KES,145,1.12
2025-03-15,Eastern,Moyale,Moyale town,3269,3.51,39.05,oil and fats,"Oil (vegetable, fortified)",494,L,actual,Retail,KES,265,2.05
2025-03-15,Eastern,Moyale,Moyale town,3269,3.51,39.05,pulses and nuts,Beans,50,KG,actual,Retail,KES,125,0.97
2025-03-15,Nairobi,Nairobi,Kangemi (Nairobi),4626,-1.27,36.74,cereals and tubers,"Maize (white, dry)",440,90 KG,actual,Wholesale,KES,4466.7,34.6
2025-03-15,Nairobi,Nairobi,Kangemi (Nairobi),4626,-1.27,36.74,cereals and tubers,"Potatoes (Irish, white)",891,50 KG,actual,Wholesale,KES,2000,15.49
2025-03-15,Nairobi,Nairobi,Kangemi (Nairobi),4626,-1.27,36.74,cereals and tubers,Rice (aromatic),894,50 KG,actual,Wholesale,KES,7500,58.1
2025-03-15,Nairobi,Nairobi,Kangemi (Nairobi),4626,-1.27,36.74,pulses and nuts,Cowpeas,218,90 KG,actual,Wholesale,KES,9000,69.72
2025-03-15,Nairobi,Nairobi,Kangemi (Nairobi),4626,-1.27,36.74,vegetables and fruits,Cabbage,181,126 KG,actual,Wholesale,KES,3780,29.28
2025-03-15,Nairobi,Nairobi,Kangemi (Nairobi),4626,-1.27,36.74,vegetables and fruits,Onions (dry),892,13 KG,actual,Wholesale,KES,735.41,5.7
2025-03-15,Nairobi,Nairobi,Kangemi (Nairobi),4626,-1.27,36.74,vegetables and fruits,Tomatoes,114,64 KG,actual,Wholesale,KES,4160,32.22
2025-03-15,North Eastern,Garissa,Dadaab town,3243,0.06,40.31,cereals and tubers,"Maize (white, dry)",440,KG,actual,Retail,KES,109,0.84
2025-03-15,North Eastern,Garissa,Dadaab town,3243,0.06,40.31,cereals and tubers,Maize flour (white),134,KG,actual,Retail,KES,85,0.66
2025-03-15,North Eastern,Garissa,Dadaab town,3243,0.06,40.31,cereals and tubers,Rice (aromatic),894,KG,actual,Retail,KES,118,0.91
2025-03-15,North Eastern,Garissa,Dadaab town,3243,0.06,40.31,cereals and tubers,Wheat flour,58,KG,actual,Retail,KES,96,0.74
2025-03-15,North Eastern,Garissa,Dadaab town,3243,0.06,40.31,milk and dairy,"Milk (cow, pasteurized)",472,L,actual,Retail,KES,105,0.81
2025-03-15,North Eastern,Garissa,Dadaab town,3243,0.06,40.31,miscellaneous food,Salt,185,200 G,actual,Retail,KES,10,0.077
2025-03-15,North Eastern,Garissa,Dadaab town,3243,0.06,40.31,miscellaneous food,Sugar,97,KG,actual,Retail,KES,126,0.98
2025-03-15,North Eastern,Garissa,Dadaab town,3243,0.06,40.31,oil and fats,"Oil (vegetable, fortified)",494,L,actual,Retail,KES,344,2.66
2025-03-15,North Eastern,Garissa,Dadaab town,3243,0.06,40.31,pulses and nuts,Beans,50,KG,actual,Retail,KES,110,0.85
2025-03-15,North Eastern,Garissa,Dadaab town,3243,0.06,40.31,vegetables and fruits,Kale,796,KG,actual,Retail,KES,103,0.8
2025-03-15,North Eastern,Garissa,Dagahaley (Daadab),3252,0.19,40.29,cereals and tubers,"Maize (white, dry)",440,KG,actual,Retail,KES,55,0.43
2025-03-15,North Eastern,Garissa,Dagahaley (Daadab),3252,0.19,40.29,cereals and tubers,Maize flour (white),134,KG,actual,Retail,KES,101.5,0.79
2025-03-15,North Eastern,Garissa,Dagahaley (Daadab),3252,0.19,40.29,cereals and tubers,Rice (aromatic),894,KG,actual,Retail,KES,116,0.9
2025-03-15,North Eastern,Garissa,Dagahaley (Daadab),3252,0.19,40.29,milk and dairy,"Milk (cow, pasteurized)",472,L,actual,Retail,KES,156,1.21
2025-03-15,North Eastern,Garissa,Dagahaley (Daadab),3252,0.19,40.29,oil and fats,"Oil (vegetable, fortified)",494,L,actual,Retail,KES,268,2.08
2025-03-15,North Eastern,Garissa,Dagahaley (Daadab),3252,0.19,40.29,pulses and nuts,Cowpeas (dry),901,KG,actual,Retail,KES,128,0.99
2025-03-15,North Eastern,Garissa,Dagahaley (Daadab),3252,0.19,40.29,vegetables and fruits,Kale,796,KG,actual,Retail,KES,101,0.78
2025-03-15,North Eastern,Garissa,Hagadera (Daadab),3254,0.01,40.37,cereals and tubers,"Maize (white, dry)",440,KG,actual,Retail,KES,60,0.46
2025-03-15,North Eastern,Garissa,Hagadera (Daadab),3254,0.01,40.37,cereals and tubers,Maize flour (white),134,KG,actual,Retail,KES,100,0.77
2025-03-15,North Eastern,Garissa,Hagadera (Daadab),3254,0.01,40.37,cereals and tubers,Rice (aromatic),894,KG,actual,Retail,KES,116,0.9
2025-03-15,North Eastern,Garissa,Hagadera (Daadab),3254,0.01,40.37,milk and dairy,"Milk (cow, pasteurized)",472,L,actual,Retail,KES,164,1.27
2025-03-15,North Eastern,Garissa,Hagadera (Daadab),3254,0.01,40.37,oil and fats,"Oil (vegetable, fortified)",494,L,actual,Retail,KES,278,2.15
2025-03-15,North Eastern,Garissa,Hagadera (Daadab),3254,0.01,40.37,pulses and nuts,Beans,50,KG,actual,Retail,KES,132,1.02
2025-03-15,North Eastern,Garissa,Hagadera (Daadab),3254,0.01,40.37,pulses and nuts,Cowpeas (dry),901,KG,actual,Retail,KES,132,1.02
2025-03-15,North Eastern,Garissa,Hagadera (Daadab),3254,0.01,40.37,vegetables and fruits,Kale,796,KG,actual,Retail,KES,92,0.71
2025-03-15,North Eastern,Garissa,IFO (Daadab),3255,0.11,40.32,cereals and tubers,"Maize (white, dry)",440,KG,actual,Retail,KES,100,0.77
2025-03-15,North Eastern,Garissa,IFO (Daadab),3255,0.11,40.32,cereals and tubers,Maize flour (white),134,KG,actual,Retail,KES,85,0.66
2025-03-15,North Eastern,Garissa,IFO (Daadab),3255,0.11,40.32,cereals and tubers,Rice (aromatic),894,KG,actual,Retail,KES,118,0.91
2025-03-15,North Eastern,Garissa,IFO (Daadab),3255,0.11,40.32,milk and dairy,"Milk (cow, pasteurized)",472,L,actual,Retail,KES,127,0.98
2025-03-15,North Eastern,Garissa,IFO (Daadab),3255,0.11,40.32,oil and fats,"Oil (vegetable, fortified)",494,L,actual,Retail,KES,323,2.5
2025-03-15,North Eastern,Garissa,IFO (Daadab),3255,0.11,40.32,pulses and nuts,Beans,50,KG,actual,Retail,KES,120,0.93
2025-03-15,North Eastern,Garissa,IFO (Daadab),3255,0.11,40.32,pulses and nuts,Cowpeas (dry),901,KG,actual,Retail,KES,149,1.15
2025-03-15,North Eastern,Garissa,IFO (Daadab),3255,0.11,40.32,vegetables and fruits,Kale,796,KG,actual,Retail,KES,105,0.81
2025-03-15,North Eastern,Mandera,Banissa,10398,3.94,40.34,cereals and tubers,"Maize (white, dry)",440,KG,actual,Retail,KES,150,1.16
2025-03-15,North Eastern,Mandera,Banissa,10398,3.94,40.34,cereals and tubers,Maize flour (white),134,KG,actual,Retail,KES,135,1.05
2025-03-15,North Eastern,Mandera,Banissa,10398,3.94,40.34,cereals and tubers,Rice (aromatic),894,KG,actual,Retail,KES,127,0.98
2025-03-15,North Eastern,Mandera,Banissa,10398,3.94,40.34,cereals and tubers,Wheat flour,58,KG,actual,Retail,KES,130,1.01
2025-03-15,North Eastern,Mandera,Banissa,10398,3.94,40.34,miscellaneous food,Salt,185,200 G,actual,Retail,KES,40,0.31
2025-03-15,North Eastern,Mandera,Banissa,10398,3.94,40.34,miscellaneous food,Sugar,97,KG,actual,Retail,KES,165,1.28
2025-03-15,North Eastern,Mandera,Banissa,10398,3.94,40.34,oil and fats,"Oil (vegetable, fortified)",494,L,actual,Retail,KES,200,1.55
2025-03-15,North Eastern,Mandera,Banissa,10398,3.94,40.34,pulses and nuts,Beans,50,KG,actual,Retail,KES,187,1.45
2025-03-15,North Eastern,Mandera,Kiliwaheri,10399,3.92,40.01,cereals and tubers,"Maize (white, dry)",440,KG,actual,Retail,KES,80,0.62
2025-03-15,North Eastern,Mandera,Kiliwaheri,10399,3.92,40.01,cereals and tubers,Maize flour (white),134,KG,actual,Retail,KES,110,0.85
2025-03-15,North Eastern,Mandera,Kiliwaheri,10399,3.92,40.01,cereals and tubers,Rice (aromatic),894,KG,actual,Retail,KES,140,1.08
2025-03-15,North Eastern,Mandera,Kiliwaheri,10399,3.92,40.01,cereals and tubers,Wheat flour,58,KG,actual,Retail,KES,120,0.93
2025-03-15,North Eastern,Mandera,Kiliwaheri,10399,3.92,40.01,miscellaneous food,Salt,185,200 G,actual,Retail,KES,20,0.15
2025-03-15,North Eastern,Mandera,Kiliwaheri,10399,3.92,40.01,miscellaneous food,Sugar,97,KG,actual,Retail,KES,150,1.16
2025-03-15,North Eastern,Mandera,Kiliwaheri,10399,3.92,40.01,oil and fats,"Oil (vegetable, fortified)",494,L,actual,Retail,KES,200,1.55
2025-03-15,North Eastern,Mandera,Kiliwaheri,10399,3.92,40.01,pulses and nuts,Beans,50,KG,actual,Retail,KES,200,1.55
2025-03-15,North Eastern,Mandera,Kiliwaheri,10399,3.92,40.01,pulses and nuts,Cowpeas (dry),901,KG,actual,Retail,KES,150,1.16
2025-03-15,North Eastern,Wajir,Griftu,6644,2,39.75,cereals and tubers,"Maize (white, dry)",440,KG,actual,Retail,KES,65,0.5
2025-03-15,North Eastern,Wajir,Griftu,6644,2,39.75,cereals and tubers,Maize flour (white),134,KG,actual,Retail,KES,100,0.77
2025-03-15,North Eastern,Wajir,Griftu,6644,2,39.75,cereals and tubers,Rice (aromatic),894,KG,actual,Retail,KES,145,1.12
2025-03-15,North Eastern,Wajir,Griftu,6644,2,39.75,cereals and tubers,Wheat flour,58,KG,actual,Retail,KES,100,0.77
2025-03-15,North Eastern,Wajir,Griftu,6644,2,39.75,milk and dairy,"Milk (cow, pasteurized)",472,L,actual,Retail,KES,200,1.55
2025-03-15,North Eastern,Wajir,Griftu,6644,2,39.75,miscellaneous food,Salt,185,200 G,actual,Retail,KES,13,0.1
2025-03-15,North Eastern,Wajir,Griftu,6644,2,39.75,miscellaneous food,Sugar,97,KG,actual,Retail,KES,127,0.98
2025-03-15,North Eastern,Wajir,Griftu,6644,2,39.75,oil and fats,"Oil (vegetable, fortified)",494,L,actual,Retail,KES,300,2.32
2025-03-15,North Eastern,Wajir,Griftu,6644,2,39.75,pulses and nuts,Beans,50,KG,actual,Retail,KES,133,1.03
2025-03-15,North Eastern,Wajir,Griftu,6644,2,39.75,vegetables and fruits,Spinach,404,KG,actual,Retail,KES,100,0.77
2025-03-15,North Eastern,Wajir,Tarbaj,6647,2.21,40.12,cereals and tubers,"Maize (white, dry)",440,KG,actual,Retail,KES,110,0.85
2025-03-15,North Eastern,Wajir,Tarbaj,6647,2.21,40.12,cereals and tubers,Maize flour (white),134,KG,actual,Retail,KES,114,0.88
2025-03-15,North Eastern,Wajir,Tarbaj,6647,2.21,40.12,cereals and tubers,Rice (aromatic),894,KG,actual,Retail,KES,154,1.19
2025-03-15,North Eastern,Wajir,Tarbaj,6647,2.21,40.12,cereals and tubers,Wheat flour,58,KG,actual,Retail,KES,120,0.93
2025-03-15,North Eastern,Wajir,Tarbaj,6647,2.21,40.12,milk and dairy,"Milk (cow, pasteurized)",472,L,actual,Retail,KES,192,1.49
2025-03-15,North Eastern,Wajir,Tarbaj,6647,2.21,40.12,miscellaneous food,Salt,185,200 G,actual,Retail,KES,15,0.12
2025-03-15,North Eastern,Wajir,Tarbaj,6647,2.21,40.12,miscellaneous food,Sugar,97,KG,actual,Retail,KES,152,1.18
2025-03-15,North Eastern,Wajir,Tarbaj,6647,2.21,40.12,oil and fats,"Oil (vegetable, fortified)",494,L,actual,Retail,KES,300,2.32
2025-03-15,North Eastern,Wajir,Tarbaj,6647,2.21,40.12,pulses and nuts,Beans,50,KG,actual,Retail,KES,160,1.24
2025-03-15,North Eastern,Wajir,Tarbaj,6647,2.21,40.12,vegetables and fruits,Kale,796,KG,actual,Retail,KES,100,0.77
2025-03-15,North Eastern,Wajir,Tarbaj,6647,2.21,40.12,vegetables and fruits,Spinach,404,KG,actual,Retail,KES,100,0.77
2025-03-15,Nyanza,Kisumu,Kibuye (Kisumu),5671,-0.09,34.77,cereals and tubers,"Maize (white, dry)",440,90 KG,actual,Wholesale,KES,4400.1,34.08
2025-03-15,Nyanza,Kisumu,Kibuye (Kisumu),5671,-0.09,34.77,cereals and tubers,"Potatoes (Irish, white)",891,50 KG,actual,Wholesale,KES,4200,32.53
2025-03-15,Nyanza,Kisumu,Kibuye (Kisumu),5671,-0.09,34.77,vegetables and fruits,Kale,796,50 KG,actual,Wholesale,KES,2778,21.52
2025-03-15,Nyanza,Kisumu,Kibuye (Kisumu),5671,-0.09,34.77,vegetables and fruits,Onions (dry),892,13 KG,actual,Wholesale,KES,899.99,6.97
2025-03-15,Nyanza,Kisumu,Kibuye (Kisumu),5671,-0.09,34.77,vegetables and fruits,Tomatoes,114,64 KG,actual,Wholesale,KES,6856.96,53.12
2025-03-15,Rift Valley,Baringo,Lororo Centre,10503,0.44,36,cereals and tubers,"Maize (white, dry)",440,KG,actual,Retail,KES,53,0.41
2025-03-15,Rift Valley,Baringo,Lororo Centre,10503,0.44,36,cereals and tubers,Maize flour (white),134,KG,actual,Retail,KES,95,0.74
2025-03-15,Rift Valley,Baringo,Lororo Centre,10503,0.44,36,cereals and tubers,Rice (aromatic),894,KG,actual,Retail,KES,120,0.93
2025-03-15,Rift Valley,Baringo,Lororo Centre,10503,0.44,36,cereals and tubers,Wheat flour,58,KG,actual,Retail,KES,100,0.77
2025-03-15,Rift Valley,Baringo,Lororo Centre,10503,0.44,36,milk and dairy,"Milk (cow, pasteurized)",472,L,actual,Retail,KES,110,0.85
2025-03-15,Rift Valley,Baringo,Lororo Centre,10503,0.44,36,miscellaneous food,Salt,185,200 G,actual,Retail,KES,23,0.18
2025-03-15,Rift Valley,Baringo,Lororo Centre,10503,0.44,36,miscellaneous food,Sugar,97,KG,actual,Retail,KES,155,1.2
2025-03-15,Rift Valley,Baringo,Lororo Centre,10503,0.44,36,oil and fats,"Oil (vegetable, fortified)",494,L,actual,Retail,KES,290,2.25
2025-03-15,Rift Valley,Baringo,Lororo Centre,10503,0.44,36,pulses and nuts,Beans,50,KG,actual,Retail,KES,145,1.12
2025-03-15,Rift Valley,Baringo,Lororo Centre,10503,0.44,36,pulses and nuts,Cowpeas (dry),901,KG,actual,Retail,KES,140,1.08
2025-03-15,Rift Valley,Baringo,Lororo Centre,10503,0.44,36,vegetables and fruits,Kale,796,KG,actual,Retail,KES,40,0.31
2025-03-15,Rift Valley,Turkana,Eliye Centre,10458,3.24,36.02,cereals and tubers,"Maize (white, dry)",440,KG,actual,Retail,KES,145,1.12
2025-03-15,Rift Valley,Turkana,Eliye Centre,10458,3.24,36.02,cereals and tubers,Maize flour (white),134,KG,actual,Retail,KES,112.5,0.87
2025-03-15,Rift Valley,Turkana,Eliye Centre,10458,3.24,36.02,cereals and tubers,Rice (aromatic),894,KG,actual,Retail,KES,135,1.05
2025-03-15,Rift Valley,Turkana,Eliye Centre,10458,3.24,36.02,cereals and tubers,Wheat flour,58,KG,actual,Retail,KES,100,0.77
2025-03-15,Rift Valley,Turkana,Eliye Centre,10458,3.24,36.02,milk and dairy,"Milk (cow, pasteurized)",472,L,actual,Retail,KES,300,2.32
2025-03-15,Rift Valley,Turkana,Eliye Centre,10458,3.24,36.02,miscellaneous food,Salt,185,200 G,actual,Retail,KES,33,0.26
2025-03-15,Rift Valley,Turkana,Eliye Centre,10458,3.24,36.02,miscellaneous food,Sugar,97,KG,actual,Retail,KES,225,1.74
2025-03-15,Rift Valley,Turkana,Eliye Centre,10458,3.24,36.02,oil and fats,"Oil (vegetable, fortified)",494,L,actual,Retail,KES,363,2.81
2025-03-15,Rift Valley,Turkana,Eliye Centre,10458,3.24,36.02,pulses and nuts,Beans,50,KG,actual,Retail,KES,180,1.39
2025-03-15,Rift Valley,Turkana,Eliye Centre,10458,3.24,36.02,vegetables and fruits,Kale,796,KG,actual,Retail,KES,100,0.77
2025-03-15,Rift Valley,Turkana,Eliye Centre,10458,3.24,36.02,vegetables and fruits,Spinach,404,KG,actual,Retail,KES,50,0.39
2025-03-15,Rift Valley,Turkana,HongKong (Kakuma),3250,3.75,34.84,cereals and tubers,"Maize (white, dry)",440,KG,actual,Retail,KES,68,0.53
2025-03-15,Rift Valley,Turkana,HongKong (Kakuma),3250,3.75,34.84,cereals and tubers,Maize flour (white),134,KG,actual,Retail,KES,83.5,0.65
2025-03-15,Rift Valley,Turkana,HongKong (Kakuma),3250,3.75,34.84,cereals and tubers,Rice (aromatic),894,KG,actual,Retail,KES,118,0.91
2025-03-15,Rift Valley,Turkana,HongKong (Kakuma),3250,3.75,34.84,milk and dairy,"Milk (cow, pasteurized)",472,L,actual,Retail,KES,135,1.05
2025-03-15,Rift Valley,Turkana,HongKong (Kakuma),3250,3.75,34.84,oil and fats,"Oil (vegetable, fortified)",494,L,actual,Retail,KES,300,2.32
2025-03-15,Rift Valley,Turkana,HongKong (Kakuma),3250,3.75,34.84,pulses and nuts,Cowpeas (dry),901,KG,actual,Retail,KES,175,1.36
2025-03-15,Rift Valley,Turkana,HongKong (Kakuma),3250,3.75,34.84,vegetables and fruits,Kale,796,KG,actual,Retail,KES,70,0.54
2025-03-15,Rift Valley,Turkana,Kakuma 2,3248,3.75,34.82,cereals and tubers,"Maize (white, dry)",440,KG,actual,Retail,KES,69,0.53
2025-03-15,Rift Valley,Turkana,Kakuma 2,3248,3.75,34.82,cereals and tubers,Maize flour (white),134,KG,actual,Retail,KES,87,0.67
2025-03-15,Rift Valley,Turkana,Kakuma 2,3248,3.75,34.82,cereals and tubers,Rice (aromatic),894,KG,actual,Retail,KES,147,1.14
2025-03-15,Rift Valley,Turkana,Kakuma 2,3248,3.75,34.82,milk and dairy,"Milk (cow, pasteurized)",472,L,actual,Retail,KES,160,1.24
2025-03-15,Rift Valley,Turkana,Kakuma 2,3248,3.75,34.82,oil and fats,"Oil (vegetable, fortified)",494,L,actual,Retail,KES,293,2.27
2025-03-15,Rift Valley,Turkana,Kakuma 2,3248,3.75,34.82,pulses and nuts,Beans,50,KG,actual,Retail,KES,130,1.01
2025-03-15,Rift Valley,Turkana,Kakuma 2,3248,3.75,34.82,vegetables and fruits,Kale,796,KG,actual,Retail,KES,80,0.62
2025-03-15,Rift Valley,Turkana,Kakuma 3,3251,3.77,34.82,cereals and tubers,"Maize (white, dry)",440,KG,actual,Retail,KES,53,0.41
2025-03-15,Rift Valley,Turkana,Kakuma 3,3251,3.77,34.82,cereals and tubers,Maize flour (white),134,KG,actual,Retail,KES,88.5,0.69
2025-03-15,Rift Valley,Turkana,Kakuma 3,3251,3.77,34.82,cereals and tubers,Rice (aromatic),894,KG,actual,Retail,KES,130,1.01
2025-03-15,Rift Valley,Turkana,Kakuma 3,3251,3.77,34.82,milk and dairy,"Milk (cow, pasteurized)",472,L,actual,Retail,KES,153,1.19
2025-03-15,Rift Valley,Turkana,Kakuma 3,3251,3.77,34.82,oil and fats,"Oil (vegetable, fortified)",494,L,actual,Retail,KES,293,2.27
2025-03-15,Rift Valley,Turkana,Kakuma 3,3251,3.77,34.82,pulses and nuts,Beans,50,KG,actual,Retail,KES,137,1.06
2025-03-15,Rift Valley,Turkana,Kakuma 3,3251,3.77,34.82,pulses and nuts,Cowpeas (dry),901,KG,actual,Retail,KES,150,1.16
2025-03-15,Rift Valley,Turkana,Kakuma 3,3251,3.77,34.82,vegetables and fruits,Kale,796,KG,actual,Retail,KES,60,0.46
2025-03-15,Rift Valley,Turkana,Kakuma 4,3249,3.74,34.81,cereals and tubers,"Maize (white, dry)",440,KG,actual,Retail,KES,60,0.46
2025-03-15,Rift Valley,Turkana,Kakuma 4,3249,3.74,34.81,cereals and tubers,Maize flour (white),134,KG,actual,Retail,KES,85,0.66
2025-03-15,Rift Valley,Turkana,Kakuma 4,3249,3.74,34.81,cereals and tubers,Rice (aromatic),894,KG,actual,Retail,KES,130,1.01
2025-03-15,Rift Valley,Turkana,Kakuma 4,3249,3.74,34.81,milk and dairy,"Milk (cow, pasteurized)",472,L,actual,Retail,KES,153,1.19
2025-03-15,Rift Valley,Turkana,Kakuma 4,3249,3.74,34.81,oil and fats,"Oil (vegetable, fortified)",494,L,actual,Retail,KES,300,2.32
2025-03-15,Rift Valley,Turkana,Kakuma 4,3249,3.74,34.81,pulses and nuts,Beans,50,KG,actual,Retail,KES,150,1.16
2025-03-15,Rift Valley,Turkana,Kakuma 4,3249,3.74,34.81,vegetables and fruits,Kale,796,KG,actual,Retail,KES,117,0.91
2025-03-15,Rift Valley,Turkana,Kalobeyei (Village 1),3244,3.77,34.73,cereals and tubers,"Maize (white, dry)",440,KG,actual,Retail,KES,67,0.52
2025-03-15,Rift Valley,Turkana,Kalobeyei (Village 1),3244,3.77,34.73,cereals and tubers,Maize flour (white),134,KG,actual,Retail,KES,92,0.71
2025-03-15,Rift Valley,Turkana,Kalobeyei (Village 1),3244,3.77,34.73,cereals and tubers,Rice (aromatic),894,KG,actual,Retail,KES,117,0.91
2025-03-15,Rift Valley,Turkana,Kalobeyei (Village 1),3244,3.77,34.73,milk and dairy,"Milk (cow, pasteurized)",472,L,actual,Retail,KES,160,1.24
2025-03-15,Rift Valley,Turkana,Kalobeyei (Village 1),3244,3.77,34.73,oil and fats,"Oil (vegetable, fortified)",494,L,actual,Retail,KES,293,2.27
2025-03-15,Rift Valley,Turkana,Kalobeyei (Village 1),3244,3.77,34.73,pulses and nuts,Beans,50,KG,actual,Retail,KES,120,0.93
2025-03-15,Rift Valley,Turkana,Kalobeyei (Village 1),3244,3.77,34.73,pulses and nuts,Cowpeas (dry),901,KG,actual,Retail,KES,180,1.39
2025-03-15,Rift Valley,Turkana,Kalobeyei (Village 1),3244,3.77,34.73,vegetables and fruits,Kale,796,KG,actual,Retail,KES,67,0.52
2025-03-15,Rift Valley,Turkana,Kalobeyei (Village 2),3246,3.76,34.75,cereals and tubers,"Maize (white, dry)",440,KG,actual,Retail,KES,73,0.57
2025-03-15,Rift Valley,Turkana,Kalobeyei (Village 2),3246,3.76,34.75,cereals and tubers,Maize flour (white),134,KG,actual,Retail,KES,85,0.66
2025-03-15,Rift Valley,Turkana,Kalobeyei (Village 2),3246,3.76,34.75,cereals and tubers,Rice (aromatic),894,KG,actual,Retail,KES,132,1.02
2025-03-15,Rift Valley,Turkana,Kalobeyei (Village 2),3246,3.76,34.75,milk and dairy,"Milk (cow, pasteurized)",472,L,actual,Retail,KES,160,1.24
2025-03-15,Rift Valley,Turkana,Kalobeyei (Village 2),3246,3.76,34.75,oil and fats,"Oil (vegetable, fortified)",494,L,actual,Retail,KES,300,2.32
2025-03-15,Rift Valley,Turkana,Kalobeyei (Village 2),3246,3.76,34.75,pulses and nuts,Beans,50,KG,actual,Retail,KES,120,0.93
2025-03-15,Rift Valley,Turkana,Kalobeyei (Village 2),3246,3.76,34.75,pulses and nuts,Cowpeas (dry),901,KG,actual,Retail,KES,195,1.51
2025-03-15,Rift Valley,Turkana,Kalobeyei (Village 2),3246,3.76,34.75,vegetables and fruits,Kale,796,KG,actual,Retail,KES,100,0.77
2025-03-15,Rift Valley,Turkana,Kalobeyei (Village 3),3247,3.75,34.76,cereals and tubers,"Maize (white, dry)",440,KG,actual,Retail,KES,73,0.57
2025-03-15,Rift Valley,Turkana,Kalobeyei (Village 3),3247,3.75,34.76,cereals and tubers,Maize flour (white),134,KG,actual,Retail,KES,85,0.66
2025-03-15,Rift Valley,Turkana,Kalobeyei (Village 3),3247,3.75,34.76,cereals and tubers,Rice (aromatic),894,KG,actual,Retail,KES,103,0.8
2025-03-15,Rift Valley,Turkana,Kalobeyei (Village 3),3247,3.75,34.76,milk and dairy,"Milk (cow, pasteurized)",472,L,actual,Retail,KES,173,1.34
2025-03-15,Rift Valley,Turkana,Kalobeyei (Village 3),3247,3.75,34.76,oil and fats,"Oil (vegetable, fortified)",494,L,actual,Retail,KES,277,2.15
2025-03-15,Rift Valley,Turkana,Kalobeyei (Village 3),3247,3.75,34.76,pulses and nuts,Beans,50,KG,actual,Retail,KES,123,0.95
2025-03-15,Rift Valley,Turkana,Kalobeyei (Village 3),3247,3.75,34.76,pulses and nuts,Cowpeas (dry),901,KG,actual,Retail,KES,215,1.67
2025-03-15,Rift Valley,Turkana,Kalobeyei (Village 3),3247,3.75,34.76,vegetables and fruits,Kale,796,KG,actual,Retail,KES,50,0.39
2025-03-15,Rift Valley,Turkana,Kalokol,3258,3.54,35.86,cereals and tubers,"Maize (white, dry)",440,KG,actual,Retail,KES,133,1.03
2025-03-15,Rift Valley,Turkana,Kalokol,3258,3.54,35.86,cereals and tubers,Maize flour (white),134,KG,actual,Retail,KES,115.5,0.89
2025-03-15,Rift Valley,Turkana,Kalokol,3258,3.54,35.86,cereals and tubers,Rice (aromatic),894,KG,actual,Retail,KES,139,1.08
2025-03-15,Rift Valley,Turkana,Kalokol,3258,3.54,35.86,cereals and tubers,Wheat flour,58,KG,actual,Retail,KES,117,0.91
2025-03-15,Rift Valley,Turkana,Kalokol,3258,3.54,35.86,milk and dairy,"Milk (cow, pasteurized)",472,L,actual,Retail,KES,200,1.55
2025-03-15,Rift Valley,Turkana,Kalokol,3258,3.54,35.86,miscellaneous food,Salt,185,200 G,actual,Retail,KES,27,0.21
2025-03-15,Rift Valley,Turkana,Kalokol,3258,3.54,35.86,miscellaneous food,Sugar,97,KG,actual,Retail,KES,202,1.56
2025-03-15,Rift Valley,Turkana,Kalokol,3258,3.54,35.86,oil and fats,"Oil (vegetable, fortified)",494,L,actual,Retail,KES,280,2.17
2025-03-15,Rift Valley,Turkana,Kalokol,3258,3.54,35.86,pulses and nuts,Pigeon peas (dry),937,KG,actual,Retail,KES,250,1.94
2025-03-15,Rift Valley,Turkana,Kalokol,3258,3.54,35.86,vegetables and fruits,Kale,796,KG,actual,Retail,KES,70,0.54
2025-03-15,Rift Valley,Turkana,Kalokol,3258,3.54,35.86,vegetables and fruits,Spinach,404,KG,actual,Retail,KES,55,0.43
2025-03-15,Rift Valley,Turkana,Lowarengak,6888,4.28,35.89,cereals and tubers,"Maize (white, dry)",440,KG,actual,Retail,KES,142,1.1
2025-03-15,Rift Valley,Turkana,Lowarengak,6888,4.28,35.89,cereals and tubers,Maize flour (white),134,KG,actual,Retail,KES,103.5,0.8
2025-03-15,Rift Valley,Turkana,Lowarengak,6888,4.28,35.89,cereals and tubers,Rice (aromatic),894,KG,actual,Retail,KES,129,1
2025-03-15,Rift Valley,Turkana,Lowarengak,6888,4.28,35.89,cereals and tubers,Wheat flour,58,KG,actual,Retail,KES,107,0.83
2025-03-15,Rift Valley,Turkana,Lowarengak,6888,4.28,35.89,milk and dairy,"Milk (cow, pasteurized)",472,L,actual,Retail,KES,200,1.55
2025-03-15,Rift Valley,Turkana,Lowarengak,6888,4.28,35.89,miscellaneous food,Salt,185,200 G,actual,Retail,KES,34,0.26
2025-03-15,Rift Valley,Turkana,Lowarengak,6888,4.28,35.89,oil and fats,"Oil (vegetable, fortified)",494,L,actual,Retail,KES,336,2.6
2025-03-15,Rift Valley,Turkana,Mogadishu (Kakuma),3245,3.72,34.85,cereals and tubers,"Maize (white, dry)",440,KG,actual,Retail,KES,74,0.57
2025-03-15,Rift Valley,Turkana,Mogadishu (Kakuma),3245,3.72,34.85,cereals and tubers,Maize flour (white),134,KG,actual,Retail,KES,87,0.67
2025-03-15,Rift Valley,Turkana,Mogadishu (Kakuma),3245,3.72,34.85,cereals and tubers,Rice (aromatic),894,KG,actual,Retail,KES,87,0.67
2025-03-15,Rift Valley,Turkana,Mogadishu (Kakuma),3245,3.72,34.85,milk and dairy,"Milk (cow, pasteurized)",472,L,actual,Retail,KES,133,1.03
2025-03-15,Rift Valley,Turkana,Mogadishu (Kakuma),3245,3.72,34.85,oil and fats,"Oil (vegetable, fortified)",494,L,actual,Retail,KES,291,2.25
2025-03-15,Rift Valley,Turkana,Mogadishu (Kakuma),3245,3.72,34.85,pulses and nuts,Beans,50,KG,actual,Retail,KES,148,1.15
2025-03-15,Rift Valley,Turkana,Mogadishu (Kakuma),3245,3.72,34.85,pulses and nuts,Cowpeas (dry),901,KG,actual,Retail,KES,190,1.47
2025-03-15,Rift Valley,Turkana,Mogadishu (Kakuma),3245,3.72,34.85,vegetables and fruits,Kale,796,KG,actual,Retail,KES,98,0.76
2025-04-15,Nyanza,Kisumu,Kibuye (Kisumu),5671,-0.09,34.77,cereals and tubers,"Maize (white, dry)",440,90 KG,actual,Wholesale,KES,4500,34.76
2025-04-15,Nyanza,Kisumu,Kibuye (Kisumu),5671,-0.09,34.77,cereals and tubers,"Potatoes (Irish, white)",891,50 KG,actual,Wholesale,KES,4675,36.11
2025-04-15,Nyanza,Kisumu,Kibuye (Kisumu),5671,-0.09,34.77,vegetables and fruits,Kale,796,50 KG,actual,Wholesale,KES,2052,15.85
2025-04-15,Nyanza,Kisumu,Kibuye (Kisumu),5671,-0.09,34.77,vegetables and fruits,Tomatoes,114,64 KG,actual,Wholesale,KES,10628.48,82.1
2025-04-15,Rift Valley,Uasin Gishu,Eldoret town (Uasin Gishu),185,0.52,35.28,cereals and tubers,"Maize (white, dry)",440,90 KG,actual,Wholesale,KES,4275,33.02
2025-04-15,Rift Valley,Uasin Gishu,Eldoret town (Uasin Gishu),185,0.52,35.28,cereals and tubers,"Potatoes (Irish, white)",891,50 KG,actual,Wholesale,KES,2500,19.31
2025-04-15,Rift Valley,Uasin Gishu,Eldoret town (Uasin Gishu),185,0.52,35.28,vegetables and fruits,Cabbage,181,126 KG,actual,Wholesale,KES,4410,34.07
2025-04-15,Rift Valley,Uasin Gishu,Eldoret town (Uasin Gishu),185,0.52,35.28,vegetables and fruits,Kale,796,50 KG,actual,Wholesale,KES,1750,13.52
2025-04-15,Rift Valley,Uasin Gishu,Eldoret town (Uasin Gishu),185,0.52,35.28,vegetables and fruits,Onions (dry),892,13 KG,actual,Wholesale,KES,780,6.03
2025-05-15,Eastern,Makueni,Kathonzweni (Makueni),5666,-1.91,37.73,cereals and tubers,"Maize (white, dry)",440,90 KG,actual,Wholesale,KES,4860,37.6
2025-05-15,Eastern,Makueni,Kathonzweni (Makueni),5666,-1.91,37.73,cereals and tubers,"Potatoes (Irish, red)",890,50 KG,actual,Wholesale,KES,2500,19.34
2025-05-15,Eastern,Makueni,Kathonzweni (Makueni),5666,-1.91,37.73,pulses and nuts,Cowpeas,218,90 KG,actual,Wholesale,KES,9000,69.63
2025-05-15,Eastern,Makueni,Kathonzweni (Makueni),5666,-1.91,37.73,vegetables and fruits,Cabbage,181,126 KG,actual,Wholesale,KES,3307.5,25.59
2025-05-15,Eastern,Makueni,Kathonzweni (Makueni),5666,-1.91,37.73,vegetables and fruits,Kale,796,50 KG,actual,Wholesale,KES,2000,15.47
2025-05-15,Eastern,Makueni,Kathonzweni (Makueni),5666,-1.91,37.73,vegetables and fruits,Onions (dry),892,13 KG,actual,Wholesale,KES,1235,9.56
2025-05-15,Eastern,Makueni,Kathonzweni (Makueni),5666,-1.91,37.73,vegetables and fruits,Tomatoes,114,64 KG,actual,Wholesale,KES,4640,35.9
2025-05-15,Nairobi,Nairobi,Kangemi (Nairobi),4626,-1.27,36.74,cereals and tubers,"Maize (white, dry)",440,90 KG,actual,Wholesale,KES,4766.4,36.88
2025-05-15,Nairobi,Nairobi,Kangemi (Nairobi),4626,-1.27,36.74,cereals and tubers,"Potatoes (Irish, white)",891,50 KG,actual,Wholesale,KES,2750,21.28
2025-05-15,Nairobi,Nairobi,Kangemi (Nairobi),4626,-1.27,36.74,cereals and tubers,Rice (aromatic),894,50 KG,actual,Wholesale,KES,8500,65.76
2025-05-15,Nairobi,Nairobi,Kangemi (Nairobi),4626,-1.27,36.74,pulses and nuts,Beans (dolichos),896,90 KG,actual,Wholesale,KES,7200,55.71
2025-05-15,Nairobi,Nairobi,Kangemi (Nairobi),4626,-1.27,36.74,pulses and nuts,Beans (rosecoco),897,90 KG,actual,Wholesale,KES,11275.2,87.24
2025-05-15,Nairobi,Nairobi,Kangemi (Nairobi),4626,-1.27,36.74,vegetables and fruits,Cabbage,181,126 KG,actual,Wholesale,KES,2520,19.5
2025-05-15,Nairobi,Nairobi,Wakulima (Nairobi),5698,-1.29,36.83,cereals and tubers,"Potatoes (Irish, white)",891,50 KG,actual,Wholesale,KES,1941,15.02
2025-05-15,Nairobi,Nairobi,Wakulima (Nairobi),5698,-1.29,36.83,cereals and tubers,Rice (aromatic),894,50 KG,actual,Wholesale,KES,8000,61.9
2025-05-15,Nairobi,Nairobi,Wakulima (Nairobi),5698,-1.29,36.83,pulses and nuts,Beans (dolichos),896,90 KG,actual,Wholesale,KES,7481.7,57.89
2025-05-15,Nairobi,Nairobi,Wakulima (Nairobi),5698,-1.29,36.83,pulses and nuts,Beans (rosecoco),897,90 KG,actual,Wholesale,KES,12682.8,98.13
2025-05-15,Nairobi,Nairobi,Wakulima (Nairobi),5698,-1.29,36.83,pulses and nuts,Cowpeas,218,90 KG,actual,Wholesale,KES,9900,76.6
2025-05-15,Nairobi,Nairobi,Wakulima (Nairobi),5698,-1.29,36.83,vegetables and fruits,Cabbage,181,126 KG,actual,Wholesale,KES,2835,21.93
2025-05-15,Nairobi,Nairobi,Wakulima (Nairobi),5698,-1.29,36.83,vegetables and fruits,Kale,796,50 KG,actual,Wholesale,KES,2000,15.47
2025-05-15,Nairobi,Nairobi,Wakulima (Nairobi),5698,-1.29,36.83,vegetables and fruits,Tomatoes,114,64 KG,actual,Wholesale,KES,5116.16,39.58
2025-05-15,Nyanza,Kisumu,Kibuye (Kisumu),5671,-0.09,34.77,cereals and tubers,"Maize (white, dry)",440,90 KG,actual,Wholesale,KES,5499.9,42.55
2025-05-15,Nyanza,Kisumu,Kibuye (Kisumu),5671,-0.09,34.77,cereals and tubers,"Potatoes (Irish, white)",891,50 KG,actual,Wholesale,KES,4850,37.52
2025-05-15,Nyanza,Kisumu,Kibuye (Kisumu),5671,-0.09,34.77,vegetables and fruits,Kale,796,50 KG,actual,Wholesale,KES,1875,14.51
2025-05-15,Nyanza,Kisumu,Kibuye (Kisumu),5671,-0.09,34.77,vegetables and fruits,Onions (dry),892,13 KG,actual,Wholesale,KES,1200.03,9.28
2025-05-15,Nyanza,Kisumu,Kibuye (Kisumu),5671,-0.09,34.77,vegetables and fruits,Tomatoes,114,64 KG,actual,Wholesale,KES,10056.96,77.81
2025-05-15,Rift Valley,Uasin Gishu,Eldoret town (Uasin Gishu),185,0.52,35.28,cereals and tubers,"Maize (white, dry)",440,90 KG,actual,Wholesale,KES,4950,38.3
2025-05-15,Rift Valley,Uasin Gishu,Eldoret town (Uasin Gishu),185,0.52,35.28,cereals and tubers,"Potatoes (Irish, white)",891,50 KG,actual,Wholesale,KES,2208.5,17.09
2025-05-15,Rift Valley,Uasin Gishu,Eldoret town (Uasin Gishu),185,0.52,35.28,pulses and nuts,Beans (rosecoco),897,90 KG,actual,Wholesale,KES,15390,119.07
2025-05-15,Rift Valley,Uasin Gishu,Eldoret town (Uasin Gishu),185,0.52,35.28,vegetables and fruits,Cabbage,181,126 KG,actual,Wholesale,KES,4095,31.68
2025-05-15,Rift Valley,Uasin Gishu,Eldoret town (Uasin Gishu),185,0.52,35.28,vegetables and fruits,Kale,796,50 KG,actual,Wholesale,KES,1187.5,9.19
2025-05-15,Rift Valley,Uasin Gishu,Eldoret town (Uasin Gishu),185,0.52,35.28,vegetables and fruits,Onions (dry),892,13 KG,actual,Wholesale,KES,884,6.84
2025-05-15,Rift Valley,Uasin Gishu,Eldoret town (Uasin Gishu),185,0.52,35.28,vegetables and fruits,Tomatoes,114,64 KG,actual,Wholesale,KES,4480,34.66
2025-06-15,Eastern,Isiolo,Merti CENTER,10378,1.07,38.67,cereals and tubers,"Maize (white, dry)",440,KG,actual,Retail,KES,116,0.9
2025-06-15,Eastern,Isiolo,Merti CENTER,10378,1.07,38.67,cereals and tubers,Maize flour (white),134,KG,actual,Retail,KES,108,0.84
2025-06-15,Eastern,Isiolo,Merti CENTER,10378,1.07,38.67,cereals and tubers,Rice (aromatic),894,KG,actual,Retail,KES,124,0.96
2025-06-15,Eastern,Isiolo,Merti CENTER,10378,1.07,38.67,cereals and tubers,Wheat flour,58,KG,actual,Retail,KES,128,0.99
2025-06-15,Eastern,Isiolo,Merti CENTER,10378,1.07,38.67,milk and dairy,"Milk (cow, pasteurized)",472,L,actual,Retail,KES,164,1.27
2025-06-15,Eastern,Isiolo,Merti CENTER,10378,1.07,38.67,miscellaneous food,Salt,185,200 G,actual,Retail,KES,22,0.17
2025-06-15,Eastern,Isiolo,Merti CENTER,10378,1.07,38.67,miscellaneous food,Sugar,97,KG,actual,Retail,KES,202,1.56
2025-06-15,Eastern,Isiolo,Merti CENTER,10378,1.07,38.67,oil and fats,"Oil (vegetable, fortified)",494,L,actual,Retail,KES,247,1.91
2025-06-15,Eastern,Isiolo,Merti CENTER,10378,1.07,38.67,pulses and nuts,Beans,50,KG,actual,Retail,KES,136,1.05
2025-06-15,Eastern,Isiolo,Merti CENTER,10378,1.07,38.67,pulses and nuts,Cowpeas (dry),901,KG,actual,Retail,KES,100,0.77
2025-06-15,Eastern,Isiolo,Merti CENTER,10378,1.07,38.67,vegetables and fruits,Kale,796,KG,actual,Retail,KES,96,0.74
2025-06-15,Eastern,Isiolo,Merti CENTER,10378,1.07,38.67,vegetables and fruits,Spinach,404,KG,actual,Retail,KES,98,0.76
2025-06-15,Eastern,Makueni,Kathonzweni (Makueni),5666,-1.91,37.73,cereals and tubers,"Maize (white, dry)",440,90 KG,actual,Wholesale,KES,4950,38.29
2025-06-15,Eastern,Makueni,Kathonzweni (Makueni),5666,-1.91,37.73,cereals and tubers,"Potatoes (Irish, red)",890,50 KG,actual,Wholesale,KES,2500,19.34
2025-06-15,Eastern,Makueni,Kathonzweni (Makueni),5666,-1.91,37.73,pulses and nuts,Cowpeas,218,90 KG,actual,Wholesale,KES,7987.5,61.79
2025-06-15,Eastern,Makueni,Kathonzweni (Makueni),5666,-1.91,37.73,vegetables and fruits,Cabbage,181,126 KG,actual,Wholesale,KES,3849.3,29.78
2025-06-15,Eastern,Makueni,Kathonzweni (Makueni),5666,-1.91,37.73,vegetables and fruits,Kale,796,50 KG,actual,Wholesale,KES,2000,15.47
2025-06-15,Eastern,Makueni,Kathonzweni (Makueni),5666,-1.91,37.73,vegetables and fruits,Onions (dry),892,13 KG,actual,Wholesale,KES,1213.29,9.39
2025-06-15,Eastern,Makueni,Kathonzweni (Makueni),5666,-1.91,37.73,vegetables and fruits,Tomatoes,114,64 KG,actual,Wholesale,KES,4160,32.18
2025-06-15,Nairobi,Nairobi,Kangemi (Nairobi),4626,-1.27,36.74,cereals and tubers,"Potatoes (Irish, white)",891,50 KG,actual,Wholesale,KES,2250,17.41
2025-06-15,Nairobi,Nairobi,Wakulima (Nairobi),5698,-1.29,36.83,cereals and tubers,"Potatoes (Irish, white)",891,50 KG,actual,Wholesale,KES,1902,14.71
2025-06-15,Nairobi,Nairobi,Wakulima (Nairobi),5698,-1.29,36.83,pulses and nuts,Beans (dolichos),896,90 KG,actual,Wholesale,KES,7492.5,57.96
2025-06-15,Nairobi,Nairobi,Wakulima (Nairobi),5698,-1.29,36.83,pulses and nuts,Beans (rosecoco),897,90 KG,actual,Wholesale,KES,12825,99.21
2025-06-15,Nairobi,Nairobi,Wakulima (Nairobi),5698,-1.29,36.83,pulses and nuts,Cowpeas,218,90 KG,actual,Wholesale,KES,9900,76.59
2025-06-15,Nairobi,Nairobi,Wakulima (Nairobi),5698,-1.29,36.83,vegetables and fruits,Cabbage,181,126 KG,actual,Wholesale,KES,2835,21.93
2025-06-15,Nairobi,Nairobi,Wakulima (Nairobi),5698,-1.29,36.83,vegetables and fruits,Kale,796,50 KG,actual,Wholesale,KES,1650,12.76
2025-06-15,Nairobi,Nairobi,Wakulima (Nairobi),5698,-1.29,36.83,vegetables and fruits,Tomatoes,114,64 KG,actual,Wholesale,KES,4874.88,37.71
2025-06-15,North Eastern,Garissa,Dagahaley (Daadab),3252,0.19,40.29,cereals and tubers,"Maize (white, dry)",440,KG,actual,Retail,KES,68,0.53
2025-06-15,North Eastern,Garissa,Dagahaley (Daadab),3252,0.19,40.29,cereals and tubers,Maize flour (white),134,KG,actual,Retail,KES,101,0.78
2025-06-15,North Eastern,Garissa,Dagahaley (Daadab),3252,0.19,40.29,cereals and tubers,Rice (aromatic),894,KG,actual,Retail,KES,122,0.94
2025-06-15,North Eastern,Garissa,Dagahaley (Daadab),3252,0.19,40.29,milk and dairy,"Milk (cow, pasteurized)",472,L,actual,Retail,KES,142,1.1
2025-06-15,North Eastern,Garissa,Dagahaley (Daadab),3252,0.19,40.29,oil and fats,"Oil (vegetable, fortified)",494,L,actual,Retail,KES,271,2.1
2025-06-15,North Eastern,Garissa,Dagahaley (Daadab),3252,0.19,40.29,pulses and nuts,Cowpeas (dry),901,KG,actual,Retail,KES,129,1
2025-06-15,North Eastern,Garissa,Dagahaley (Daadab),3252,0.19,40.29,vegetables and fruits,Kale,796,KG,actual,Retail,KES,92,0.71
2025-06-15,North Eastern,Garissa,Hagadera (Daadab),3254,0.01,40.37,cereals and tubers,"Maize (white, dry)",440,KG,actual,Retail,KES,58,0.45
2025-06-15,North Eastern,Garissa,Hagadera (Daadab),3254,0.01,40.37,cereals and tubers,Maize flour (white),134,KG,actual,Retail,KES,100,0.77
2025-06-15,North Eastern,Garissa,Hagadera (Daadab),3254,0.01,40.37,cereals and tubers,Rice (aromatic),894,KG,actual,Retail,KES,115,0.89
2025-06-15,North Eastern,Garissa,Hagadera (Daadab),3254,0.01,40.37,milk and dairy,"Milk (cow, pasteurized)",472,L,actual,Retail,KES,155,1.2
2025-06-15,North Eastern,Garissa,Hagadera (Daadab),3254,0.01,40.37,oil and fats,"Oil (vegetable, fortified)",494,L,actual,Retail,KES,262,2.03
2025-06-15,North Eastern,Garissa,Hagadera (Daadab),3254,0.01,40.37,pulses and nuts,Beans,50,KG,actual,Retail,KES,125,0.97
2025-06-15,North Eastern,Garissa,Hagadera (Daadab),3254,0.01,40.37,pulses and nuts,Cowpeas (dry),901,KG,actual,Retail,KES,130,1.01
2025-06-15,North Eastern,Garissa,Hagadera (Daadab),3254,0.01,40.37,vegetables and fruits,Kale,796,KG,actual,Retail,KES,100,0.77
2025-06-15,North Eastern,Garissa,IFO (Daadab),3255,0.11,40.32,cereals and tubers,"Maize (white, dry)",440,KG,actual,Retail,KES,63,0.49
2025-06-15,North Eastern,Garissa,IFO (Daadab),3255,0.11,40.32,cereals and tubers,Maize flour (white),134,KG,actual,Retail,KES,95,0.73
2025-06-15,North Eastern,Garissa,IFO (Daadab),3255,0.11,40.32,cereals and tubers,Rice (aromatic),894,KG,actual,Retail,KES,118,0.91
2025-06-15,North Eastern,Garissa,IFO (Daadab),3255,0.11,40.32,milk and dairy,"Milk (cow, pasteurized)",472,L,actual,Retail,KES,150,1.16
2025-06-15,North Eastern,Garissa,IFO (Daadab),3255,0.11,40.32,oil and fats,"Oil (vegetable, fortified)",494,L,actual,Retail,KES,265,2.05
2025-06-15,North Eastern,Garissa,IFO (Daadab),3255,0.11,40.32,pulses and nuts,Beans,50,KG,actual,Retail,KES,127,0.98
2025-06-15,North Eastern,Garissa,IFO (Daadab),3255,0.11,40.32,pulses and nuts,Cowpeas (dry),901,KG,actual,Retail,KES,145,1.12
2025-06-15,North Eastern,Garissa,IFO (Daadab),3255,0.11,40.32,vegetables and fruits,Kale,796,KG,actual,Retail,KES,83,0.64
2025-06-15,North Eastern,Mandera,Banissa,10398,3.94,40.34,cereals and tubers,"Maize (white, dry)",440,KG,actual,Retail,KES,100,0.77
2025-06-15,North Eastern,Mandera,Banissa,10398,3.94,40.34,cereals and tubers,Maize flour (white),134,KG,actual,Retail,KES,108,0.84
2025-06-15,North Eastern,Mandera,Banissa,10398,3.94,40.34,cereals and tubers,Rice (aromatic),894,KG,actual,Retail,KES,138,1.07
2025-06-15,North Eastern,Mandera,Banissa,10398,3.94,40.34,cereals and tubers,Wheat flour,58,KG,actual,Retail,KES,100,0.77
2025-06-15,North Eastern,Mandera,Banissa,10398,3.94,40.34,milk and dairy,"Milk (cow, pasteurized)",472,L,actual,Retail,KES,213,1.65
2025-06-15,North Eastern,Mandera,Banissa,10398,3.94,40.34,miscellaneous food,Salt,185,200 G,actual,Retail,KES,18,0.14
2025-06-15,North Eastern,Mandera,Banissa,10398,3.94,40.34,miscellaneous food,Sugar,97,KG,actual,Retail,KES,150,1.16
2025-06-15,North Eastern,Mandera,Banissa,10398,3.94,40.34,oil and fats,"Oil (vegetable, fortified)",494,L,actual,Retail,KES,317,2.45
2025-06-15,North Eastern,Mandera,Banissa,10398,3.94,40.34,pulses and nuts,Beans,50,KG,actual,Retail,KES,190,1.47
2025-06-15,North Eastern,Mandera,Banissa,10398,3.94,40.34,pulses and nuts,Cowpeas (dry),901,KG,actual,Retail,KES,263,2.03
2025-06-15,North Eastern,Mandera,Banissa,10398,3.94,40.34,pulses and nuts,Pigeon peas (dry),937,KG,actual,Retail,KES,263,2.03
2025-06-15,North Eastern,Mandera,Banissa,10398,3.94,40.34,vegetables and fruits,Kale,796,KG,actual,Retail,KES,100,0.77
2025-06-15,North Eastern,Mandera,Banissa,10398,3.94,40.34,vegetables and fruits,Spinach,404,KG,actual,Retail,KES,100,0.77
2025-06-15,North Eastern,Mandera,Mandera town,3357,3.94,41.85,cereals and tubers,"Maize (white, dry)",440,KG,actual,Retail,KES,120,0.93
2025-06-15,North Eastern,Mandera,Mandera town,3357,3.94,41.85,cereals and tubers,Maize flour (white),134,KG,actual,Retail,KES,170,1.32
2025-06-15,North Eastern,Mandera,Mandera town,3357,3.94,41.85,cereals and tubers,Rice (aromatic),894,KG,actual,Retail,KES,150,1.16
2025-06-15,North Eastern,Mandera,Mandera town,3357,3.94,41.85,cereals and tubers,Wheat flour,58,KG,actual,Retail,KES,130,1.01
2025-06-15,North Eastern,Mandera,Mandera town,3357,3.94,41.85,milk and dairy,"Milk (cow, pasteurized)",472,L,actual,Retail,KES,140,1.08
2025-06-15,North Eastern,Mandera,Mandera town,3357,3.94,41.85,miscellaneous food,Salt,185,200 G,actual,Retail,KES,20,0.15
2025-06-15,North Eastern,Mandera,Mandera town,3357,3.94,41.85,miscellaneous food,Sugar,97,KG,actual,Retail,KES,120,0.93
2025-06-15,North Eastern,Mandera,Mandera town,3357,3.94,41.85,oil and fats,"Oil (vegetable, fortified)",494,L,actual,Retail,KES,200,1.55
2025-06-15,North Eastern,Mandera,Mandera town,3357,3.94,41.85,pulses and nuts,Beans,50,KG,actual,Retail,KES,250,1.93
2025-06-15,North Eastern,Mandera,Mandera town,3357,3.94,41.85,vegetables and fruits,Kale,796,KG,actual,Retail,KES,90,0.7
2025-06-15,North Eastern,Mandera,Mandera town,3357,3.94,41.85,vegetables and fruits,Spinach,404,KG,actual,Retail,KES,95,0.73
2025-06-15,North Eastern,Mandera,Rhamu,3266,3.93,41.22,cereals and tubers,"Maize (white, dry)",440,KG,actual,Retail,KES,133,1.03
2025-06-15,North Eastern,Mandera,Rhamu,3266,3.93,41.22,cereals and tubers,Maize flour (white),134,KG,actual,Retail,KES,140,1.08
2025-06-15,North Eastern,Mandera,Rhamu,3266,3.93,41.22,cereals and tubers,Rice (aromatic),894,KG,actual,Retail,KES,140,1.08
2025-06-15,North Eastern,Mandera,Rhamu,3266,3.93,41.22,cereals and tubers,Wheat flour,58,KG,actual,Retail,KES,128,0.99
2025-06-15,North Eastern,Mandera,Rhamu,3266,3.93,41.22,milk and dairy,"Milk (cow, pasteurized)",472,L,actual,Retail,KES,280,2.17
2025-06-15,North Eastern,Mandera,Rhamu,3266,3.93,41.22,miscellaneous food,Salt,185,200 G,actual,Retail,KES,23,0.18
2025-06-15,North Eastern,Mandera,Rhamu,3266,3.93,41.22,miscellaneous food,Sugar,97,KG,actual,Retail,KES,140,1.08
2025-06-15,North Eastern,Mandera,Rhamu,3266,3.93,41.22,oil and fats,"Oil (vegetable, fortified)",494,L,actual,Retail,KES,293,2.27
2025-06-15,North Eastern,Mandera,Rhamu,3266,3.93,41.22,pulses and nuts,Cowpeas (dry),901,KG,actual,Retail,KES,300,2.32
2025-06-15,North Eastern,Mandera,Rhamu,3266,3.93,41.22,pulses and nuts,Pigeon peas (dry),937,KG,actual,Retail,KES,400,3.09
2025-06-15,North Eastern,Mandera,Rhamu,3266,3.93,41.22,vegetables and fruits,Kale,796,KG,actual,Retail,KES,107,0.83
2025-06-15,North Eastern,Mandera,Rhamu,3266,3.93,41.22,vegetables and fruits,Spinach,404,KG,actual,Retail,KES,107,0.83
2025-06-15,Nyanza,Kisumu,Kibuye (Kisumu),5671,-0.09,34.77,cereals and tubers,"Maize (white, dry)",440,90 KG,actual,Wholesale,KES,5599.8,43.32
2025-06-15,Nyanza,Kisumu,Kibuye (Kisumu),5671,-0.09,34.77,cereals and tubers,"Potatoes (Irish, white)",891,50 KG,actual,Wholesale,KES,4750,36.75
2025-06-15,Nyanza,Kisumu,Kibuye (Kisumu),5671,-0.09,34.77,vegetables and fruits,Kale,796,50 KG,actual,Wholesale,KES,1816.5,14.05
2025-06-15,Nyanza,Kisumu,Kibuye (Kisumu),5671,-0.09,34.77,vegetables and fruits,Tomatoes,114,64 KG,actual,Wholesale,KES,9325.44,72.14
2025-06-15,Rift Valley,Turkana,Eliye Centre,10458,3.24,36.02,cereals and tubers,"Maize (white, dry)",440,KG,actual,Retail,KES,100,0.77
2025-06-15,Rift Valley,Turkana,Eliye Centre,10458,3.24,36.02,cereals and tubers,Maize flour (white),134,KG,actual,Retail,KES,93,0.72
2025-06-15,Rift Valley,Turkana,Eliye Centre,10458,3.24,36.02,cereals and tubers,Rice (aromatic),894,KG,actual,Retail,KES,140,1.08
2025-06-15,Rift Valley,Turkana,Eliye Centre,10458,3.24,36.02,cereals and tubers,Wheat flour,58,KG,actual,Retail,KES,93,0.72
2025-06-15,Rift Valley,Turkana,Eliye Centre,10458,3.24,36.02,miscellaneous food,Salt,185,200 G,actual,Retail,KES,35,0.27
2025-06-15,Rift Valley,Turkana,Eliye Centre,10458,3.24,36.02,miscellaneous food,Sugar,97,KG,actual,Retail,KES,183,1.42
2025-06-15,Rift Valley,Turkana,Eliye Centre,10458,3.24,36.02,oil and fats,"Oil (vegetable, fortified)",494,L,actual,Retail,KES,293,2.27
2025-06-15,Rift Valley,Turkana,Eliye Centre,10458,3.24,36.02,pulses and nuts,Beans,50,KG,actual,Retail,KES,125,0.97
2025-06-15,Rift Valley,Turkana,Eliye Centre,10458,3.24,36.02,vegetables and fruits,Kale,796,KG,actual,Retail,KES,67,0.52
2025-06-15,Rift Valley,Turkana,Eliye Centre,10458,3.24,36.02,vegetables and fruits,Spinach,404,KG,actual,Retail,KES,80,0.62
2025-06-15,Rift Valley,Turkana,HongKong (Kakuma),3250,3.75,34.84,cereals and tubers,"Maize (white, dry)",440,KG,actual,Retail,KES,77,0.6
2025-06-15,Rift Valley,Turkana,HongKong (Kakuma),3250,3.75,34.84,cereals and tubers,Maize flour (white),134,KG,actual,Retail,KES,90,0.7
2025-06-15,Rift Valley,Turkana,HongKong (Kakuma),3250,3.75,34.84,cereals and tubers,Rice (aromatic),894,KG,actual,Retail,KES,133,1.03
2025-06-15,Rift Valley,Turkana,HongKong (Kakuma),3250,3.75,34.84,milk and dairy,"Milk (cow, pasteurized)",472,L,actual,Retail,KES,180,1.39
2025-06-15,Rift Valley,Turkana,HongKong (Kakuma),3250,3.75,34.84,oil and fats,"Oil (vegetable, fortified)",494,L,actual,Retail,KES,300,2.32
2025-06-15,Rift Valley,Turkana,HongKong (Kakuma),3250,3.75,34.84,pulses and nuts,Beans,50,KG,actual,Retail,KES,157,1.21
2025-06-15,Rift Valley,Turkana,HongKong (Kakuma),3250,3.75,34.84,vegetables and fruits,Kale,796,KG,actual,Retail,KES,97,0.75
2025-06-15,Rift Valley,Turkana,Kakuma 2,3248,3.75,34.82,cereals and tubers,"Maize (white, dry)",440,KG,actual,Retail,KES,62,0.48
2025-06-15,Rift Valley,Turkana,Kakuma 2,3248,3.75,34.82,cereals and tubers,Maize flour (white),134,KG,actual,Retail,KES,90,0.7
2025-06-15,Rift Valley,Turkana,Kakuma 2,3248,3.75,34.82,cereals and tubers,Rice (aromatic),894,KG,actual,Retail,KES,130,1.01
2025-06-15,Rift Valley,Turkana,Kakuma 2,3248,3.75,34.82,milk and dairy,"Milk (cow, pasteurized)",472,L,actual,Retail,KES,140,1.08
2025-06-15,Rift Valley,Turkana,Kakuma 2,3248,3.75,34.82,oil and fats,"Oil (vegetable, fortified)",494,L,actual,Retail,KES,267,2.07
2025-06-15,Rift Valley,Turkana,Kakuma 2,3248,3.75,34.82,pulses and nuts,Beans,50,KG,actual,Retail,KES,140,1.08
2025-06-15,Rift Valley,Turkana,Kakuma 2,3248,3.75,34.82,vegetables and fruits,Kale,796,KG,actual,Retail,KES,93,0.72
2025-06-15,Rift Valley,Turkana,Kakuma 3,3251,3.77,34.82,cereals and tubers,"Maize (white, dry)",440,KG,actual,Retail,KES,75,0.58
2025-06-15,Rift Valley,Turkana,Kakuma 3,3251,3.77,34.82,cereals and tubers,Maize flour (white),134,KG,actual,Retail,KES,90,0.7
2025-06-15,Rift Valley,Turkana,Kakuma 3,3251,3.77,34.82,cereals and tubers,Rice (aromatic),894,KG,actual,Retail,KES,137,1.06
2025-06-15,Rift Valley,Turkana,Kakuma 3,3251,3.77,34.82,milk and dairy,"Milk (cow, pasteurized)",472,L,actual,Retail,KES,173,1.34
2025-06-15,Rift Valley,Turkana,Kakuma 3,3251,3.77,34.82,oil and fats,"Oil (vegetable, fortified)",494,L,actual,Retail,KES,283,2.19
2025-06-15,Rift Valley,Turkana,Kakuma 3,3251,3.77,34.82,pulses and nuts,Beans,50,KG,actual,Retail,KES,147,1.14
2025-06-15,Rift Valley,Turkana,Kakuma 3,3251,3.77,34.82,pulses and nuts,Cowpeas (dry),901,KG,actual,Retail,KES,143,1.11
2025-06-15,Rift Valley,Turkana,Kakuma 3,3251,3.77,34.82,vegetables and fruits,Kale,796,KG,actual,Retail,KES,107,0.83
2025-06-15,Rift Valley,Turkana,Kakuma 4,3249,3.74,34.81,cereals and tubers,"Maize (white, dry)",440,KG,actual,Retail,KES,68,0.53
2025-06-15,Rift Valley,Turkana,Kakuma 4,3249,3.74,34.81,cereals and tubers,Maize flour (white),134,KG,actual,Retail,KES,90,0.7
2025-06-15,Rift Valley,Turkana,Kakuma 4,3249,3.74,34.81,cereals and tubers,Rice (aromatic),894,KG,actual,Retail,KES,113,0.87
2025-06-15,Rift Valley,Turkana,Kakuma 4,3249,3.74,34.81,milk and dairy,"Milk (cow, pasteurized)",472,L,actual,Retail,KES,160,1.24
2025-06-15,Rift Valley,Turkana,Kakuma 4,3249,3.74,34.81,oil and fats,"Oil (vegetable, fortified)",494,L,actual,Retail,KES,300,2.32
2025-06-15,Rift Valley,Turkana,Kakuma 4,3249,3.74,34.81,pulses and nuts,Beans,50,KG,actual,Retail,KES,147,1.14
2025-06-15,Rift Valley,Turkana,Kalobeyei (Village 1),3244,3.77,34.73,cereals and tubers,"Maize (white, dry)",440,KG,actual,Retail,KES,60,0.46
2025-06-15,Rift Valley,Turkana,Kalobeyei (Village 1),3244,3.77,34.73,cereals and tubers,Maize flour (white),134,KG,actual,Retail,KES,90,0.7
2025-06-15,Rift Valley,Turkana,Kalobeyei (Village 1),3244,3.77,34.73,cereals and tubers,Rice (aromatic),894,KG,actual,Retail,KES,107,0.83
2025-06-15,Rift Valley,Turkana,Kalobeyei (Village 1),3244,3.77,34.73,milk and dairy,"Milk (cow, pasteurized)",472,L,actual,Retail,KES,140,1.08
2025-06-15,Rift Valley,Turkana,Kalobeyei (Village 1),3244,3.77,34.73,oil and fats,"Oil (vegetable, fortified)",494,L,actual,Retail,KES,267,2.07
2025-06-15,Rift Valley,Turkana,Kalobeyei (Village 1),3244,3.77,34.73,pulses and nuts,Beans,50,KG,actual,Retail,KES,117,0.91
2025-06-15,Rift Valley,Turkana,Kalobeyei (Village 1),3244,3.77,34.73,vegetables and fruits,Kale,796,KG,actual,Retail,KES,90,0.7
2025-06-15,Rift Valley,Turkana,Kalobeyei (Village 2),3246,3.76,34.75,cereals and tubers,"Maize (white, dry)",440,KG,actual,Retail,KES,73,0.56
2025-06-15,Rift Valley,Turkana,Kalobeyei (Village 2),3246,3.76,34.75,cereals and tubers,Maize flour (white),134,KG,actual,Retail,KES,87,0.67
2025-06-15,Rift Valley,Turkana,Kalobeyei (Village 2),3246,3.76,34.75,cereals and tubers,Rice (aromatic),894,KG,actual,Retail,KES,113,0.87
2025-06-15,Rift Valley,Turkana,Kalobeyei (Village 2),3246,3.76,34.75,milk and dairy,"Milk (cow, pasteurized)",472,L,actual,Retail,KES,147,1.14
2025-06-15,Rift Valley,Turkana,Kalobeyei (Village 2),3246,3.76,34.75,oil and fats,"Oil (vegetable, fortified)",494,L,actual,Retail,KES,300,2.32
2025-06-15,Rift Valley,Turkana,Kalobeyei (Village 2),3246,3.76,34.75,pulses and nuts,Beans,50,KG,actual,Retail,KES,120,0.93
2025-06-15,Rift Valley,Turkana,Kalobeyei (Village 2),3246,3.76,34.75,pulses and nuts,Cowpeas (dry),901,KG,actual,Retail,KES,167,1.29
2025-06-15,Rift Valley,Turkana,Kalobeyei (Village 2),3246,3.76,34.75,vegetables and fruits,Kale,796,KG,actual,Retail,KES,67,0.52
2025-06-15,Rift Valley,Turkana,Kalobeyei (Village 3),3247,3.75,34.76,cereals and tubers,"Maize (white, dry)",440,KG,actual,Retail,KES,80,0.62
2025-06-15,Rift Valley,Turkana,Kalobeyei (Village 3),3247,3.75,34.76,cereals and tubers,Maize flour (white),134,KG,actual,Retail,KES,90,0.7
2025-06-15,Rift Valley,Turkana,Kalobeyei (Village 3),3247,3.75,34.76,cereals and tubers,Rice (aromatic),894,KG,actual,Retail,KES,100,0.77
2025-06-15,Rift Valley,Turkana,Kalobeyei (Village 3),3247,3.75,34.76,milk and dairy,"Milk (cow, pasteurized)",472,L,actual,Retail,KES,160,1.24
2025-06-15,Rift Valley,Turkana,Kalobeyei (Village 3),3247,3.75,34.76,oil and fats,"Oil (vegetable, fortified)",494,L,actual,Retail,KES,300,2.32
2025-06-15,Rift Valley,Turkana,Kalobeyei (Village 3),3247,3.75,34.76,pulses and nuts,Beans,50,KG,actual,Retail,KES,120,0.93
2025-06-15,Rift Valley,Turkana,Kalobeyei (Village 3),3247,3.75,34.76,pulses and nuts,Cowpeas (dry),901,KG,actual,Retail,KES,120,0.93
2025-06-15,Rift Valley,Turkana,Kalobeyei (Village 3),3247,3.75,34.76,vegetables and fruits,Kale,796,KG,actual,Retail,KES,93,0.72
2025-06-15,Rift Valley,Turkana,Kalokol,3258,3.54,35.86,cereals and tubers,"Maize (white, dry)",440,KG,actual,Retail,KES,106,0.82
2025-06-15,Rift Valley,Turkana,Kalokol,3258,3.54,35.86,cereals and tubers,Maize flour (white),134,KG,actual,Retail,KES,101,0.78
2025-06-15,Rift Valley,Turkana,Kalokol,3258,3.54,35.86,cereals and tubers,Rice (aromatic),894,KG,actual,Retail,KES,137,1.06
2025-06-15,Rift Valley,Turkana,Kalokol,3258,3.54,35.86,cereals and tubers,Wheat flour,58,KG,actual,Retail,KES,98,0.76
2025-06-15,Rift Valley,Turkana,Kalokol,3258,3.54,35.86,milk and dairy,"Milk (cow, pasteurized)",472,L,actual,Retail,KES,182,1.41
2025-06-15,Rift Valley,Turkana,Kalokol,3258,3.54,35.86,miscellaneous food,Salt,185,200 G,actual,Retail,KES,20,0.15
2025-06-15,Rift Valley,Turkana,Kalokol,3258,3.54,35.86,miscellaneous food,Sugar,97,KG,actual,Retail,KES,185,1.43
2025-06-15,Rift Valley,Turkana,Kalokol,3258,3.54,35.86,oil and fats,"Oil (vegetable, fortified)",494,L,actual,Retail,KES,303,2.34
2025-06-15,Rift Valley,Turkana,Kalokol,3258,3.54,35.86,pulses and nuts,Cowpeas (dry),901,KG,actual,Retail,KES,100,0.77
2025-06-15,Rift Valley,Turkana,Kalokol,3258,3.54,35.86,vegetables and fruits,Kale,796,KG,actual,Retail,KES,50,0.39
2025-06-15,Rift Valley,Turkana,Kalokol,3258,3.54,35.86,vegetables and fruits,Spinach,404,KG,actual,Retail,KES,60,0.46
2025-06-15,Rift Valley,Turkana,Loturerei,10456,2.93,35.61,cereals and tubers,"Maize (white, dry)",440,KG,actual,Retail,KES,93,0.72
2025-06-15,Rift Valley,Turkana,Loturerei,10456,2.93,35.61,cereals and tubers,Maize flour (white),134,KG,actual,Retail,KES,102,0.79
2025-06-15,Rift Valley,Turkana,Loturerei,10456,2.93,35.61,cereals and tubers,Rice (aromatic),894,KG,actual,Retail,KES,149,1.15
2025-06-15,Rift Valley,Turkana,Loturerei,10456,2.93,35.61,cereals and tubers,Wheat flour,58,KG,actual,Retail,KES,104,0.8
2025-06-15,Rift Valley,Turkana,Loturerei,10456,2.93,35.61,milk and dairy,"Milk (cow, pasteurized)",472,L,actual,Retail,KES,200,1.55
2025-06-15,Rift Valley,Turkana,Loturerei,10456,2.93,35.61,miscellaneous food,Salt,185,200 G,actual,Retail,KES,15,0.12
2025-06-15,Rift Valley,Turkana,Loturerei,10456,2.93,35.61,miscellaneous food,Sugar,97,KG,actual,Retail,KES,204,1.58
2025-06-15,Rift Valley,Turkana,Loturerei,10456,2.93,35.61,oil and fats,"Oil (vegetable, fortified)",494,L,actual,Retail,KES,294,2.27
2025-06-15,Rift Valley,Turkana,Loturerei,10456,2.93,35.61,pulses and nuts,Beans,50,KG,actual,Retail,KES,144,1.11
2025-06-15,Rift Valley,Turkana,Loturerei,10456,2.93,35.61,pulses and nuts,Cowpeas (dry),901,KG,actual,Retail,KES,100,0.77
2025-06-15,Rift Valley,Turkana,Loturerei,10456,2.93,35.61,vegetables and fruits,Kale,796,KG,actual,Retail,KES,50,0.39
2025-06-15,Rift Valley,Turkana,Loturerei,10456,2.93,35.61,vegetables and fruits,Spinach,404,KG,actual,Retail,KES,100,0.77
2025-06-15,Rift Valley,Turkana,Mogadishu (Kakuma),3245,3.72,34.85,cereals and tubers,"Maize (white, dry)",440,KG,actual,Retail,KES,70,0.54
2025-06-15,Rift Valley,Turkana,Mogadishu (Kakuma),3245,3.72,34.85,cereals and tubers,Maize flour (white),134,KG,actual,Retail,KES,93,0.72
2025-06-15,Rift Valley,Turkana,Mogadishu (Kakuma),3245,3.72,34.85,cereals and tubers,Rice (aromatic),894,KG,actual,Retail,KES,100,0.77
2025-06-15,Rift Valley,Turkana,Mogadishu (Kakuma),3245,3.72,34.85,milk and dairy,"Milk (cow, pasteurized)",472,L,actual,Retail,KES,120,0.93
2025-06-15,Rift Valley,Turkana,Mogadishu (Kakuma),3245,3.72,34.85,oil and fats,"Oil (vegetable, fortified)",494,L,actual,Retail,KES,300,2.32
2025-06-15,Rift Valley,Turkana,Mogadishu (Kakuma),3245,3.72,34.85,pulses and nuts,Cowpeas (dry),901,KG,actual,Retail,KES,150,1.16
2025-06-15,Rift Valley,Turkana,Mogadishu (Kakuma),3245,3.72,34.85,vegetables and fruits,Kale,796,KG,actual,Retail,KES,83,0.64
2025-06-15,Rift Valley,Uasin Gishu,Eldoret town (Uasin Gishu),185,0.52,35.28,cereals and tubers,"Maize (white, dry)",440,90 KG,actual,Wholesale,KES,5625,43.51
2025-06-15,Rift Valley,Uasin Gishu,Eldoret town (Uasin Gishu),185,0.52,35.28,cereals and tubers,"Potatoes (Irish, white)",891,50 KG,actual,Wholesale,KES,2416.5,18.69
2025-06-15,Rift Valley,Uasin Gishu,Eldoret town (Uasin Gishu),185,0.52,35.28,pulses and nuts,Beans (rosecoco),897,90 KG,actual,Wholesale,KES,15637.5,120.97
2025-06-15,Rift Valley,Uasin Gishu,Eldoret town (Uasin Gishu),185,0.52,35.28,vegetables and fruits,Cabbage,181,126 KG,actual,Wholesale,KES,3780,29.24
2025-06-15,Rift Valley,Uasin Gishu,Eldoret town (Uasin Gishu),185,0.52,35.28,vegetables and fruits,Kale,796,50 KG,actual,Wholesale,KES,1000,7.74
2025-06-15,Rift Valley,Uasin Gishu,Eldoret town (Uasin Gishu),185,0.52,35.28,vegetables and fruits,Onions (dry),892,13 KG,actual,Wholesale,KES,650,5.03
2025-07-15,Nairobi,Nairobi,Kangemi (Nairobi),4626,-1.27,36.74,cereals and tubers,"Maize (white, dry)",440,90 KG,actual,Wholesale,KES,4749.75,36.76
2025-07-15,Nairobi,Nairobi,Kangemi (Nairobi),4626,-1.27,36.74,cereals and tubers,Rice (aromatic),894,50 KG,actual,Wholesale,KES,7750,59.98
2025-07-15,Nairobi,Nairobi,Kangemi (Nairobi),4626,-1.27,36.74,pulses and nuts,Beans (dolichos),896,90 KG,actual,Wholesale,KES,6875.1,53.21
2025-07-15,Nairobi,Nairobi,Kangemi (Nairobi),4626,-1.27,36.74,pulses and nuts,Beans (rosecoco),897,90 KG,actual,Wholesale,KES,9349.2,72.36
2025-07-15,Nairobi,Nairobi,Kangemi (Nairobi),4626,-1.27,36.74,pulses and nuts,Cowpeas,218,90 KG,actual,Wholesale,KES,6699.6,51.85
2025-07-15,Nairobi,Nairobi,Kangemi (Nairobi),4626,-1.27,36.74,vegetables and fruits,Onions (dry),892,13 KG,actual,Wholesale,KES,1105,8.55
2025-07-15,Nyanza,Kisumu,Kibuye (Kisumu),5671,-0.09,34.77,cereals and tubers,"Maize (white, dry)",440,90 KG,actual,Wholesale,KES,5300.1,41.02
2025-07-15,Nyanza,Kisumu,Kibuye (Kisumu),5671,-0.09,34.77,cereals and tubers,"Potatoes (Irish, white)",891,50 KG,actual,Wholesale,KES,3375,26.12
2025-07-15,Nyanza,Kisumu,Kibuye (Kisumu),5671,-0.09,34.77,vegetables and fruits,Kale,796,50 KG,actual,Wholesale,KES,1750,13.54
2025-07-15,Nyanza,Kisumu,Kibuye (Kisumu),5671,-0.09,34.77,vegetables and fruits,Tomatoes,114,64 KG,actual,Wholesale,KES,7086.08,54.85
2025-08-15,Nairobi,Nairobi,Kangemi (Nairobi),4626,-1.27,36.74,cereals and tubers,"Maize (white, dry)",440,90 KG,actual,Wholesale,KES,4400.1,34.06
2025-08-15,Nairobi,Nairobi,Kangemi (Nairobi),4626,-1.27,36.74,cereals and tubers,"Potatoes (Irish, white)",891,50 KG,actual,Wholesale,KES,2700,20.9
2025-08-15,Nairobi,Nairobi,Kangemi (Nairobi),4626,-1.27,36.74,pulses and nuts,Beans (dolichos),896,90 KG,actual,Wholesale,KES,7875,60.95
2025-08-15,Nairobi,Nairobi,Kangemi (Nairobi),4626,-1.27,36.74,pulses and nuts,Cowpeas,218,90 KG,actual,Wholesale,KES,2100.42,16.26
2025-08-15,Nairobi,Nairobi,Kangemi (Nairobi),4626,-1.27,36.74,vegetables and fruits,Cabbage,181,126 KG,actual,Wholesale,KES,2520,19.5
2025-08-15,Nairobi,Nairobi,Kangemi (Nairobi),4626,-1.27,36.74,vegetables and fruits,Kale,796,50 KG,actual,Wholesale,KES,1500,11.61
2025-08-15,Nairobi,Nairobi,Kangemi (Nairobi),4626,-1.27,36.74,vegetables and fruits,Onions (dry),892,13 KG,actual,Wholesale,KES,1170,9.06
2025-08-15,Nairobi,Nairobi,Kangemi (Nairobi),4626,-1.27,36.74,vegetables and fruits,Tomatoes,114,64 KG,actual,Wholesale,KES,2986.67,23.12
2025-08-15,Nyanza,Kisumu,Kibuye (Kisumu),5671,-0.09,34.77,cereals and tubers,"Maize (white, dry)",440,90 KG,actual,Wholesale,KES,5200.2,40.25
2025-08-15,Nyanza,Kisumu,Kibuye (Kisumu),5671,-0.09,34.77,cereals and tubers,"Potatoes (Irish, white)",891,50 KG,actual,Wholesale,KES,3000,23.22
2025-08-15,Nyanza,Kisumu,Kibuye (Kisumu),5671,-0.09,34.77,vegetables and fruits,Kale,796,50 KG,actual,Wholesale,KES,2083.5,16.13
2025-08-15,Nyanza,Kisumu,Kibuye (Kisumu),5671,-0.09,34.77,vegetables and fruits,Tomatoes,114,64 KG,actual,Wholesale,KES,10056.96,77.84
2025-09-15,Coast,Tana River,Hola town,3359,-1.5,40.03,cereals and tubers,"Maize (white, dry)",440,KG,actual,Retail,KES,95,0.74
2025-09-15,Coast,Tana River,Hola town,3359,-1.5,40.03,cereals and tubers,Maize flour (white),134,KG,actual,Retail,KES,90,0.7
2025-09-15,Coast,Tana River,Hola town,3359,-1.5,40.03,cereals and tubers,Rice (aromatic),894,KG,actual,Retail,KES,130,1.01
2025-09-15,Coast,Tana River,Hola town,3359,-1.5,40.03,cereals and tubers,Wheat flour,58,KG,actual,Retail,KES,100,0.77
2025-09-15,Coast,Tana River,Hola town,3359,-1.5,40.03,miscellaneous food,Salt,185,200 G,actual,Retail,KES,20,0.15
2025-09-15,Coast,Tana River,Hola town,3359,-1.5,40.03,miscellaneous food,Sugar,97,KG,actual,Retail,KES,173,1.34
2025-09-15,Coast,Tana River,Hola town,3359,-1.5,40.03,oil and fats,"Oil (vegetable, fortified)",494,L,actual,Retail,KES,193,1.49
2025-09-15,Coast,Tana River,Hola town,3359,-1.5,40.03,pulses and nuts,Beans,50,KG,actual,Retail,KES,180,1.39
2025-09-15,Eastern,Makueni,Kathonzweni (Makueni),5666,-1.91,37.73,cereals and tubers,"Maize (white, dry)",440,90 KG,actual,Wholesale,KES,4500,34.83
2025-09-15,Eastern,Makueni,Kathonzweni (Makueni),5666,-1.91,37.73,cereals and tubers,"Potatoes (Irish, red)",890,50 KG,actual,Wholesale,KES,2500,19.35
2025-09-15,Eastern,Makueni,Kathonzweni (Makueni),5666,-1.91,37.73,pulses and nuts,Cowpeas,218,90 KG,actual,Wholesale,KES,7200,55.73
2025-09-15,Eastern,Makueni,Kathonzweni (Makueni),5666,-1.91,37.73,vegetables and fruits,Cabbage,181,126 KG,actual,Wholesale,KES,3150,24.38
2025-09-15,Eastern,Makueni,Kathonzweni (Makueni),5666,-1.91,37.73,vegetables and fruits,Kale,796,50 KG,actual,Wholesale,KES,1500,11.61
2025-09-15,Eastern,Makueni,Kathonzweni (Makueni),5666,-1.91,37.73,vegetables and fruits,Onions (dry),892,13 KG,actual,Wholesale,KES,1560,12.07
2025-09-15,Eastern,Makueni,Kathonzweni (Makueni),5666,-1.91,37.73,vegetables and fruits,Tomatoes,114,64 KG,actual,Wholesale,KES,3200,24.77
2025-09-15,North Eastern,Garissa,Dagahaley (Daadab),3252,0.19,40.29,cereals and tubers,"Maize (white, dry)",440,KG,actual,Retail,KES,71,0.55
2025-09-15,North Eastern,Garissa,Dagahaley (Daadab),3252,0.19,40.29,cereals and tubers,Maize flour (white),134,KG,actual,Retail,KES,92,0.71
2025-09-15,North Eastern,Garissa,Dagahaley (Daadab),3252,0.19,40.29,cereals and tubers,Rice (aromatic),894,KG,actual,Retail,KES,106,0.82
2025-09-15,North Eastern,Garissa,Dagahaley (Daadab),3252,0.19,40.29,milk and dairy,"Milk (cow, pasteurized)",472,L,actual,Retail,KES,176,1.36
2025-09-15,North Eastern,Garissa,Dagahaley (Daadab),3252,0.19,40.29,oil and fats,"Oil (vegetable, fortified)",494,L,actual,Retail,KES,274,2.12
2025-09-15,North Eastern,Garissa,Dagahaley (Daadab),3252,0.19,40.29,pulses and nuts,Beans,50,KG,actual,Retail,KES,121,0.94
2025-09-15,North Eastern,Garissa,Dagahaley (Daadab),3252,0.19,40.29,pulses and nuts,Cowpeas (dry),901,KG,actual,Retail,KES,103,0.8
2025-09-15,North Eastern,Garissa,Dagahaley (Daadab),3252,0.19,40.29,vegetables and fruits,Kale,796,KG,actual,Retail,KES,100,0.77
2025-09-15,North Eastern,Garissa,Hagadera (Daadab),3254,0.01,40.37,cereals and tubers,"Maize (white, dry)",440,KG,actual,Retail,KES,63,0.49
2025-09-15,North Eastern,Garissa,Hagadera (Daadab),3254,0.01,40.37,cereals and tubers,Maize flour (white),134,KG,actual,Retail,KES,91,0.7
2025-09-15,North Eastern,Garissa,Hagadera (Daadab),3254,0.01,40.37,cereals and tubers,Rice (aromatic),894,KG,actual,Retail,KES,109,0.84
2025-09-15,North Eastern,Garissa,Hagadera (Daadab),3254,0.01,40.37,milk and dairy,"Milk (cow, pasteurized)",472,L,actual,Retail,KES,150,1.16
2025-09-15,North Eastern,Garissa,Hagadera (Daadab),3254,0.01,40.37,oil and fats,"Oil (vegetable, fortified)",494,L,actual,Retail,KES,300,2.32
2025-09-15,North Eastern,Garissa,Hagadera (Daadab),3254,0.01,40.37,pulses and nuts,Beans,50,KG,actual,Retail,KES,114,0.88
2025-09-15,North Eastern,Garissa,Hagadera (Daadab),3254,0.01,40.37,pulses and nuts,Cowpeas (dry),901,KG,actual,Retail,KES,120,0.93
2025-09-15,North Eastern,Garissa,Hagadera (Daadab),3254,0.01,40.37,vegetables and fruits,Kale,796,KG,actual,Retail,KES,69,0.53
2025-09-15,North Eastern,Garissa,IFO (Daadab),3255,0.11,40.32,cereals and tubers,"Maize (white, dry)",440,KG,actual,Retail,KES,61,0.47
2025-09-15,North Eastern,Garissa,IFO (Daadab),3255,0.11,40.32,cereals and tubers,Maize flour (white),134,KG,actual,Retail,KES,100,0.77
2025-09-15,North Eastern,Garissa,IFO (Daadab),3255,0.11,40.32,cereals and tubers,Rice (aromatic),894,KG,actual,Retail,KES,115,0.89
2025-09-15,North Eastern,Garissa,IFO (Daadab),3255,0.11,40.32,milk and dairy,"Milk (cow, pasteurized)",472,L,actual,Retail,KES,153,1.18
2025-09-15,North Eastern,Garissa,IFO (Daadab),3255,0.11,40.32,oil and fats,"Oil (vegetable, fortified)",494,L,actual,Retail,KES,261,2.02
2025-09-15,North Eastern,Garissa,IFO (Daadab),3255,0.11,40.32,pulses and nuts,Cowpeas (dry),901,KG,actual,Retail,KES,138,1.07
2025-09-15,North Eastern,Garissa,IFO (Daadab),3255,0.11,40.32,vegetables and fruits,Kale,796,KG,actual,Retail,KES,97,0.75
2025-09-15,North Eastern,Mandera,Mandera,189,3.94,41.86,cereals and tubers,"Maize (white, dry)",440,KG,actual,Retail,KES,117,0.91
2025-09-15,North Eastern,Mandera,Mandera,189,3.94,41.86,cereals and tubers,Maize flour (white),134,KG,actual,Retail,KES,100,0.77
2025-09-15,North Eastern,Mandera,Mandera,189,3.94,41.86,cereals and tubers,Rice (aromatic),894,KG,actual,Retail,KES,120,0.93
2025-09-15,North Eastern,Mandera,Mandera,189,3.94,41.86,cereals and tubers,Wheat flour,58,KG,actual,Retail,KES,103,0.8
2025-09-15,North Eastern,Mandera,Mandera,189,3.94,41.86,milk and dairy,"Milk (cow, pasteurized)",472,L,actual,Retail,KES,200,1.55
2025-09-15,North Eastern,Mandera,Mandera,189,3.94,41.86,miscellaneous food,Salt,185,200 G,actual,Retail,KES,30,0.23
2025-09-15,North Eastern,Mandera,Mandera,189,3.94,41.86,miscellaneous food,Sugar,97,KG,actual,Retail,KES,115,0.89
2025-09-15,North Eastern,Mandera,Mandera,189,3.94,41.86,oil and fats,"Oil (vegetable, fortified)",494,L,actual,Retail,KES,305,2.36
2025-09-15,North Eastern,Mandera,Mandera,189,3.94,41.86,pulses and nuts,Beans,50,KG,actual,Retail,KES,150,1.16
2025-09-15,North Eastern,Mandera,Mandera,189,3.94,41.86,vegetables and fruits,Kale,796,KG,actual,Retail,KES,90,0.7
2025-09-15,North Eastern,Mandera,Mandera,189,3.94,41.86,vegetables and fruits,Spinach,404,KG,actual,Retail,KES,65,0.5
2025-09-15,North Eastern,Mandera,Mandera town,3357,3.94,41.85,cereals and tubers,Maize flour (white),134,KG,actual,Retail,KES,120,0.93
2025-09-15,North Eastern,Mandera,Mandera town,3357,3.94,41.85,cereals and tubers,Rice (aromatic),894,KG,actual,Retail,KES,150,1.16
2025-09-15,North Eastern,Mandera,Mandera town,3357,3.94,41.85,cereals and tubers,Wheat flour,58,KG,actual,Retail,KES,100,0.77
2025-09-15,North Eastern,Mandera,Mandera town,3357,3.94,41.85,miscellaneous food,Salt,185,200 G,actual,Retail,KES,16,0.12
2025-09-15,North Eastern,Mandera,Mandera town,3357,3.94,41.85,miscellaneous food,Sugar,97,KG,actual,Retail,KES,154,1.19
2025-09-15,North Eastern,Mandera,Mandera town,3357,3.94,41.85,oil and fats,"Oil (vegetable, fortified)",494,L,actual,Retail,KES,250,1.93
2025-09-15,North Eastern,Mandera,Mandera town,3357,3.94,41.85,vegetables and fruits,Kale,796,KG,actual,Retail,KES,50,0.39
2025-09-15,North Eastern,Mandera,Mandera town,3357,3.94,41.85,vegetables and fruits,Spinach,404,KG,actual,Retail,KES,83,0.64
2025-09-15,North Eastern,Mandera,Rhamu,3266,3.93,41.22,cereals and tubers,"Maize (white, dry)",440,KG,actual,Retail,KES,100,0.77
2025-09-15,North Eastern,Mandera,Rhamu,3266,3.93,41.22,cereals and tubers,Maize flour (white),134,KG,actual,Retail,KES,130,1.01
2025-09-15,North Eastern,Mandera,Rhamu,3266,3.93,41.22,cereals and tubers,Rice (aromatic),894,KG,actual,Retail,KES,155,1.2
2025-09-15,North Eastern,Mandera,Rhamu,3266,3.93,41.22,cereals and tubers,Wheat flour,58,KG,actual,Retail,KES,125,0.97
2025-09-15,North Eastern,Mandera,Rhamu,3266,3.93,41.22,miscellaneous food,Salt,185,200 G,actual,Retail,KES,10,0.077
2025-09-15,North Eastern,Mandera,Rhamu,3266,3.93,41.22,miscellaneous food,Sugar,97,KG,actual,Retail,KES,120,0.93
2025-09-15,North Eastern,Mandera,Rhamu,3266,3.93,41.22,oil and fats,"Oil (vegetable, fortified)",494,L,actual,Retail,KES,250,1.93
2025-09-15,North Eastern,Mandera,Rhamu,3266,3.93,41.22,pulses and nuts,Beans,50,KG,actual,Retail,KES,138,1.07
2025-09-15,North Eastern,Mandera,Rhamu,3266,3.93,41.22,pulses and nuts,Cowpeas (dry),901,KG,actual,Retail,KES,100,0.77
2025-09-15,North Eastern,Wajir,Eldas,6645,2.49,39.57,cereals and tubers,"Maize (white, dry)",440,KG,actual,Retail,KES,95,0.74
2025-09-15,North Eastern,Wajir,Eldas,6645,2.49,39.57,cereals and tubers,Maize flour (white),134,KG,actual,Retail,KES,80,0.62
2025-09-15,North Eastern,Wajir,Eldas,6645,2.49,39.57,cereals and tubers,Rice (aromatic),894,KG,actual,Retail,KES,125,0.97
2025-09-15,North Eastern,Wajir,Eldas,6645,2.49,39.57,cereals and tubers,Wheat flour,58,KG,actual,Retail,KES,50,0.39
2025-09-15,North Eastern,Wajir,Eldas,6645,2.49,39.57,milk and dairy,"Milk (cow, pasteurized)",472,L,actual,Retail,KES,200,1.55
2025-09-15,North Eastern,Wajir,Eldas,6645,2.49,39.57,miscellaneous food,Salt,185,200 G,actual,Retail,KES,13,0.1
2025-09-15,North Eastern,Wajir,Eldas,6645,2.49,39.57,miscellaneous food,Sugar,97,KG,actual,Retail,KES,145,1.12
2025-09-15,North Eastern,Wajir,Eldas,6645,2.49,39.57,oil and fats,"Oil (vegetable, fortified)",494,L,actual,Retail,KES,305,2.36
2025-09-15,North Eastern,Wajir,Eldas,6645,2.49,39.57,pulses and nuts,Beans,50,KG,actual,Retail,KES,150,1.16
2025-09-15,North Eastern,Wajir,Eldas,6645,2.49,39.57,pulses and nuts,Cowpeas (dry),901,KG,actual,Retail,KES,220,1.7
2025-09-15,North Eastern,Wajir,Eldas,6645,2.49,39.57,pulses and nuts,Pigeon peas (dry),937,KG,actual,Retail,KES,200,1.55
2025-09-15,North Eastern,Wajir,Eldas,6645,2.49,39.57,vegetables and fruits,Kale,796,KG,actual,Retail,KES,100,0.77
2025-09-15,North Eastern,Wajir,Eldas,6645,2.49,39.57,vegetables and fruits,Spinach,404,KG,actual,Retail,KES,100,0.77
2025-09-15,North Eastern,Wajir,Griftu,6644,2,39.75,cereals and tubers,"Maize (white, dry)",440,KG,actual,Retail,KES,63,0.49
2025-09-15,North Eastern,Wajir,Griftu,6644,2,39.75,cereals and tubers,Maize flour (white),134,KG,actual,Retail,KES,100,0.77
2025-09-15,North Eastern,Wajir,Griftu,6644,2,39.75,cereals and tubers,Rice (aromatic),894,KG,actual,Retail,KES,150,1.16
2025-09-15,North Eastern,Wajir,Griftu,6644,2,39.75,cereals and tubers,Wheat flour,58,KG,actual,Retail,KES,100,0.77
2025-09-15,North Eastern,Wajir,Griftu,6644,2,39.75,milk and dairy,"Milk (cow, pasteurized)",472,L,actual,Retail,KES,160,1.24
2025-09-15,North Eastern,Wajir,Griftu,6644,2,39.75,miscellaneous food,Salt,185,200 G,actual,Retail,KES,22,0.17
2025-09-15,North Eastern,Wajir,Griftu,6644,2,39.75,miscellaneous food,Sugar,97,KG,actual,Retail,KES,140,1.08
2025-09-15,North Eastern,Wajir,Griftu,6644,2,39.75,oil and fats,"Oil (vegetable, fortified)",494,L,actual,Retail,KES,387,3
2025-09-15,North Eastern,Wajir,Griftu,6644,2,39.75,pulses and nuts,Beans,50,KG,actual,Retail,KES,157,1.22
2025-09-15,North Eastern,Wajir,Griftu,6644,2,39.75,pulses and nuts,Cowpeas (dry),901,KG,actual,Retail,KES,157,1.22
2025-09-15,Nyanza,Kisumu,Kibuye (Kisumu),5671,-0.09,34.77,cereals and tubers,"Maize (white, dry)",440,90 KG,actual,Wholesale,KES,4400.1,34.06
2025-09-15,Nyanza,Kisumu,Kibuye (Kisumu),5671,-0.09,34.77,cereals and tubers,"Potatoes (Irish, white)",891,50 KG,actual,Wholesale,KES,3500,27.09
2025-09-15,Nyanza,Kisumu,Kibuye (Kisumu),5671,-0.09,34.77,vegetables and fruits,Kale,796,50 KG,actual,Wholesale,KES,1555.5,12.04
2025-09-15,Nyanza,Kisumu,Kibuye (Kisumu),5671,-0.09,34.77,vegetables and fruits,Tomatoes,114,64 KG,actual,Wholesale,KES,10056.96,77.84
2025-09-15,Rift Valley,Samburu,Loosuk,4532,1.02,36.58,cereals and tubers,Maize flour (white),134,KG,actual,Retail,KES,70,0.54
2025-09-15,Rift Valley,Samburu,Loosuk,4532,1.02,36.58,cereals and tubers,Rice (aromatic),894,KG,actual,Retail,KES,130,1.01
2025-09-15,Rift Valley,Samburu,Loosuk,4532,1.02,36.58,cereals and tubers,Wheat flour,58,KG,actual,Retail,KES,120,0.93
2025-09-15,Rift Valley,Samburu,Loosuk,4532,1.02,36.58,milk and dairy,"Milk (cow, pasteurized)",472,L,actual,Retail,KES,120,0.93
2025-09-15,Rift Valley,Samburu,Loosuk,4532,1.02,36.58,miscellaneous food,Salt,185,200 G,actual,Retail,KES,15,0.12
2025-09-15,Rift Valley,Samburu,Loosuk,4532,1.02,36.58,miscellaneous food,Sugar,97,KG,actual,Retail,KES,180,1.39
2025-09-15,Rift Valley,Samburu,Loosuk,4532,1.02,36.58,oil and fats,"Oil (vegetable, fortified)",494,L,actual,Retail,KES,300,2.32
2025-09-15,Rift Valley,Samburu,Loosuk,4532,1.02,36.58,pulses and nuts,Beans,50,KG,actual,Retail,KES,150,1.16
2025-09-15,Rift Valley,Samburu,Loosuk,4532,1.02,36.58,vegetables and fruits,Spinach,404,KG,actual,Retail,KES,60,0.46
2025-09-15,Rift Valley,Samburu,Suguta,4535,0.83,36.69,cereals and tubers,Maize flour (white),134,KG,actual,Retail,KES,70,0.54
2025-09-15,Rift Valley,Samburu,Suguta,4535,0.83,36.69,miscellaneous food,Sugar,97,KG,actual,Retail,KES,170,1.32
2025-09-15,Rift Valley,Samburu,Suguta,4535,0.83,36.69,pulses and nuts,Beans,50,KG,actual,Retail,KES,200,1.55
2025-09-15,Rift Valley,Turkana,Ethiopia (Kakuma),3253,3.72,34.85,cereals and tubers,"Maize (white, dry)",440,KG,actual,Retail,KES,77,0.6
2025-09-15,Rift Valley,Turkana,Ethiopia (Kakuma),3253,3.72,34.85,cereals and tubers,Maize flour (white),134,KG,actual,Retail,KES,80,0.62
2025-09-15,Rift Valley,Turkana,Ethiopia (Kakuma),3253,3.72,34.85,cereals and tubers,Rice (aromatic),894,KG,actual,Retail,KES,143,1.11
2025-09-15,Rift Valley,Turkana,Ethiopia (Kakuma),3253,3.72,34.85,oil and fats,"Oil (vegetable, fortified)",494,L,actual,Retail,KES,292,2.26
2025-09-15,Rift Valley,Turkana,Ethiopia (Kakuma),3253,3.72,34.85,pulses and nuts,Beans,50,KG,actual,Retail,KES,150,1.16
2025-09-15,Rift Valley,Turkana,Ethiopia (Kakuma),3253,3.72,34.85,vegetables and fruits,Kale,796,KG,actual,Retail,KES,100,0.77
2025-09-15,Rift Valley,Turkana,HongKong (Kakuma),3250,3.75,34.84,cereals and tubers,Maize flour (white),134,KG,actual,Retail,KES,90,0.7
2025-09-15,Rift Valley,Turkana,HongKong (Kakuma),3250,3.75,34.84,cereals and tubers,Rice (aromatic),894,KG,actual,Retail,KES,160,1.24
2025-09-15,Rift Valley,Turkana,HongKong (Kakuma),3250,3.75,34.84,cereals and tubers,Wheat flour,58,KG,actual,Retail,KES,90,0.7
2025-09-15,Rift Valley,Turkana,HongKong (Kakuma),3250,3.75,34.84,miscellaneous food,Sugar,97,KG,actual,Retail,KES,180,1.39
2025-09-15,Rift Valley,Turkana,HongKong (Kakuma),3250,3.75,34.84,oil and fats,"Oil (vegetable, fortified)",494,L,actual,Retail,KES,300,2.32
2025-09-15,Rift Valley,Turkana,HongKong (Kakuma),3250,3.75,34.84,pulses and nuts,Beans,50,KG,actual,Retail,KES,158,1.22
2025-09-15,Rift Valley,Turkana,Kaikor,6890,4.52,35.42,cereals and tubers,"Maize (white, dry)",440,KG,actual,Retail,KES,140,1.08
2025-09-15,Rift Valley,Turkana,Kaikor,6890,4.52,35.42,cereals and tubers,Maize flour (white),134,KG,actual,Retail,KES,100,0.77
2025-09-15,Rift Valley,Turkana,Kaikor,6890,4.52,35.42,cereals and tubers,Rice (aromatic),894,KG,actual,Retail,KES,140,1.08
2025-09-15,Rift Valley,Turkana,Kaikor,6890,4.52,35.42,cereals and tubers,Wheat flour,58,KG,actual,Retail,KES,120,0.93
2025-09-15,Rift Valley,Turkana,Kaikor,6890,4.52,35.42,milk and dairy,"Milk (cow, pasteurized)",472,L,actual,Retail,KES,100,0.77
2025-09-15,Rift Valley,Turkana,Kaikor,6890,4.52,35.42,miscellaneous food,Salt,185,200 G,actual,Retail,KES,20,0.15
2025-09-15,Rift Valley,Turkana,Kaikor,6890,4.52,35.42,miscellaneous food,Sugar,97,KG,actual,Retail,KES,200,1.55
2025-09-15,Rift Valley,Turkana,Kaikor,6890,4.52,35.42,oil and fats,"Oil (vegetable, fortified)",494,L,actual,Retail,KES,350,2.71
2025-09-15,Rift Valley,Turkana,Kaikor,6890,4.52,35.42,pulses and nuts,Beans,50,KG,actual,Retail,KES,140,1.08
2025-09-15,Rift Valley,Turkana,Kakuma 2,3248,3.75,34.82,cereals and tubers,"Maize (white, dry)",440,KG,actual,Retail,KES,70,0.54
2025-09-15,Rift Valley,Turkana,Kakuma 2,3248,3.75,34.82,cereals and tubers,Maize flour (white),134,KG,actual,Retail,KES,84,0.65
2025-09-15,Rift Valley,Turkana,Kakuma 2,3248,3.75,34.82,cereals and tubers,Rice (aromatic),894,KG,actual,Retail,KES,131,1.01
2025-09-15,Rift Valley,Turkana,Kakuma 2,3248,3.75,34.82,oil and fats,"Oil (vegetable, fortified)",494,L,actual,Retail,KES,273,2.11
2025-09-15,Rift Valley,Turkana,Kakuma 2,3248,3.75,34.82,pulses and nuts,Beans,50,KG,actual,Retail,KES,122,0.94
2025-09-15,Rift Valley,Turkana,Kakuma 3,3251,3.77,34.82,cereals and tubers,"Maize (white, dry)",440,KG,actual,Retail,KES,60,0.46
2025-09-15,Rift Valley,Turkana,Kakuma 3,3251,3.77,34.82,cereals and tubers,Maize flour (white),134,KG,actual,Retail,KES,80,0.62
2025-09-15,Rift Valley,Turkana,Kakuma 3,3251,3.77,34.82,cereals and tubers,Rice (aromatic),894,KG,actual,Retail,KES,150,1.16
2025-09-15,Rift Valley,Turkana,Kakuma 3,3251,3.77,34.82,milk and dairy,"Milk (cow, pasteurized)",472,L,actual,Retail,KES,63,0.49
2025-09-15,Rift Valley,Turkana,Kakuma 3,3251,3.77,34.82,oil and fats,"Oil (vegetable, fortified)",494,L,actual,Retail,KES,277,2.14
2025-09-15,Rift Valley,Turkana,Kakuma 3,3251,3.77,34.82,pulses and nuts,Beans,50,KG,actual,Retail,KES,143,1.11
2025-09-15,Rift Valley,Turkana,Kakuma 3,3251,3.77,34.82,pulses and nuts,Cowpeas (dry),901,KG,actual,Retail,KES,115,0.89
2025-09-15,Rift Valley,Turkana,Kakuma 3,3251,3.77,34.82,vegetables and fruits,Kale,796,KG,actual,Retail,KES,60,0.46
2025-09-15,Rift Valley,Turkana,Kakuma 4,3249,3.74,34.81,cereals and tubers,"Maize (white, dry)",440,KG,actual,Retail,KES,72,0.56
2025-09-15,Rift Valley,Turkana,Kakuma 4,3249,3.74,34.81,cereals and tubers,Maize flour (white),134,KG,actual,Retail,KES,84,0.65
2025-09-15,Rift Valley,Turkana,Kakuma 4,3249,3.74,34.81,cereals and tubers,Rice (aromatic),894,KG,actual,Retail,KES,114,0.88
2025-09-15,Rift Valley,Turkana,Kakuma 4,3249,3.74,34.81,cereals and tubers,Wheat flour,58,KG,actual,Retail,KES,90,0.7
2025-09-15,Rift Valley,Turkana,Kakuma 4,3249,3.74,34.81,milk and dairy,"Milk (cow, pasteurized)",472,L,actual,Retail,KES,157,1.22
2025-09-15,Rift Valley,Turkana,Kakuma 4,3249,3.74,34.81,miscellaneous food,Salt,185,200 G,actual,Retail,KES,20,0.15
2025-09-15,Rift Valley,Turkana,Kakuma 4,3249,3.74,34.81,miscellaneous food,Sugar,97,KG,actual,Retail,KES,181,1.4
2025-09-15,Rift Valley,Turkana,Kakuma 4,3249,3.74,34.81,oil and fats,"Oil (vegetable, fortified)",494,L,actual,Retail,KES,290,2.24
2025-09-15,Rift Valley,Turkana,Kakuma 4,3249,3.74,34.81,pulses and nuts,Cowpeas (dry),901,KG,actual,Retail,KES,98,0.76
2025-09-15,Rift Valley,Turkana,Kakuma 4,3249,3.74,34.81,vegetables and fruits,Kale,796,KG,actual,Retail,KES,144,1.11
2025-09-15,Rift Valley,Turkana,Kaleng,6887,4.37,35.55,cereals and tubers,Maize flour (white),134,KG,actual,Retail,KES,100,0.77
2025-09-15,Rift Valley,Turkana,Kaleng,6887,4.37,35.55,cereals and tubers,Rice (aromatic),894,KG,actual,Retail,KES,117,0.91
2025-09-15,Rift Valley,Turkana,Kaleng,6887,4.37,35.55,milk and dairy,"Milk (cow, pasteurized)",472,L,actual,Retail,KES,200,1.55
2025-09-15,Rift Valley,Turkana,Kaleng,6887,4.37,35.55,miscellaneous food,Salt,185,200 G,actual,Retail,KES,20,0.15
2025-09-15,Rift Valley,Turkana,Kaleng,6887,4.37,35.55,oil and fats,"Oil (vegetable, fortified)",494,L,actual,Retail,KES,300,2.32
2025-09-15,Rift Valley,Turkana,Kaleng,6887,4.37,35.55,pulses and nuts,Beans,50,KG,actual,Retail,KES,126,0.98
2025-09-15,Rift Valley,Turkana,Kaleng,6887,4.37,35.55,vegetables and fruits,Kale,796,KG,actual,Retail,KES,50,0.39
2025-09-15,Rift Valley,Turkana,Kaleng,6887,4.37,35.55,vegetables and fruits,Spinach,404,KG,actual,Retail,KES,100,0.77
2025-09-15,Rift Valley,Turkana,Kalobeyei (Village 1),3244,3.77,34.73,cereals and tubers,"Maize (white, dry)",440,KG,actual,Retail,KES,55,0.43
2025-09-15,Rift Valley,Turkana,Kalobeyei (Village 1),3244,3.77,34.73,cereals and tubers,Maize flour (white),134,KG,actual,Retail,KES,87,0.67
2025-09-15,Rift Valley,Turkana,Kalobeyei (Village 1),3244,3.77,34.73,cereals and tubers,Rice (aromatic),894,KG,actual,Retail,KES,111,0.86
2025-09-15,Rift Valley,Turkana,Kalobeyei (Village 1),3244,3.77,34.73,milk and dairy,"Milk (cow, pasteurized)",472,L,actual,Retail,KES,99,0.77
2025-09-15,Rift Valley,Turkana,Kalobeyei (Village 1),3244,3.77,34.73,oil and fats,"Oil (vegetable, fortified)",494,L,actual,Retail,KES,236,1.83
2025-09-15,Rift Valley,Turkana,Kalobeyei (Village 1),3244,3.77,34.73,pulses and nuts,Beans,50,KG,actual,Retail,KES,124,0.96
2025-09-15,Rift Valley,Turkana,Kalobeyei (Village 1),3244,3.77,34.73,pulses and nuts,Cowpeas (dry),901,KG,actual,Retail,KES,147,1.14
2025-09-15,Rift Valley,Turkana,Kalobeyei (Village 2),3246,3.76,34.75,cereals and tubers,"Maize (white, dry)",440,KG,actual,Retail,KES,50,0.39
2025-09-15,Rift Valley,Turkana,Kalobeyei (Village 2),3246,3.76,34.75,cereals and tubers,Maize flour (white),134,KG,actual,Retail,KES,83,0.64
2025-09-15,Rift Valley,Turkana,Kalobeyei (Village 2),3246,3.76,34.75,cereals and tubers,Rice (aromatic),894,KG,actual,Retail,KES,113,0.87
2025-09-15,Rift Valley,Turkana,Kalobeyei (Village 2),3246,3.76,34.75,milk and dairy,"Milk (cow, pasteurized)",472,L,actual,Retail,KES,160,1.24
2025-09-15,Rift Valley,Turkana,Kalobeyei (Village 2),3246,3.76,34.75,oil and fats,"Oil (vegetable, fortified)",494,L,actual,Retail,KES,267,2.07
2025-09-15,Rift Valley,Turkana,Kalobeyei (Village 2),3246,3.76,34.75,pulses and nuts,Beans,50,KG,actual,Retail,KES,120,0.93
2025-09-15,Rift Valley,Turkana,Kalobeyei (Village 2),3246,3.76,34.75,pulses and nuts,Cowpeas (dry),901,KG,actual,Retail,KES,157,1.22
2025-09-15,Rift Valley,Turkana,Kalobeyei (Village 2),3246,3.76,34.75,vegetables and fruits,Kale,796,KG,actual,Retail,KES,67,0.52
2025-09-15,Rift Valley,Turkana,Kalobeyei (Village 3),3247,3.75,34.76,cereals and tubers,"Maize (white, dry)",440,KG,actual,Retail,KES,62,0.48
2025-09-15,Rift Valley,Turkana,Kalobeyei (Village 3),3247,3.75,34.76,cereals and tubers,Maize flour (white),134,KG,actual,Retail,KES,80,0.62
2025-09-15,Rift Valley,Turkana,Kalobeyei (Village 3),3247,3.75,34.76,cereals and tubers,Rice (aromatic),894,KG,actual,Retail,KES,107,0.83
2025-09-15,Rift Valley,Turkana,Kalobeyei (Village 3),3247,3.75,34.76,milk and dairy,"Milk (cow, pasteurized)",472,L,actual,Retail,KES,153,1.18
2025-09-15,Rift Valley,Turkana,Kalobeyei (Village 3),3247,3.75,34.76,oil and fats,"Oil (vegetable, fortified)",494,L,actual,Retail,KES,293,2.27
2025-09-15,Rift Valley,Turkana,Kalobeyei (Village 3),3247,3.75,34.76,pulses and nuts,Beans,50,KG,actual,Retail,KES,107,0.83
2025-09-15,Rift Valley,Turkana,Kalobeyei (Village 3),3247,3.75,34.76,pulses and nuts,Cowpeas (dry),901,KG,actual,Retail,KES,130,1.01
2025-09-15,Rift Valley,Turkana,Kalobeyei (Village 3),3247,3.75,34.76,vegetables and fruits,Kale,796,KG,actual,Retail,KES,83,0.64
2025-09-15,Rift Valley,Turkana,Katilia,6898,2.14,36.14,cereals and tubers,"Maize (white, dry)",440,KG,actual,Retail,KES,98,0.76
2025-09-15,Rift Valley,Turkana,Katilia,6898,2.14,36.14,cereals and tubers,Maize flour (white),134,KG,actual,Retail,KES,110,0.85
2025-09-15,Rift Valley,Turkana,Katilia,6898,2.14,36.14,cereals and tubers,Rice (aromatic),894,KG,actual,Retail,KES,147,1.14
2025-09-15,Rift Valley,Turkana,Katilia,6898,2.14,36.14,cereals and tubers,Wheat flour,58,KG,actual,Retail,KES,104,0.8
2025-09-15,Rift Valley,Turkana,Katilia,6898,2.14,36.14,pulses and nuts,Beans,50,KG,actual,Retail,KES,164,1.27
2025-09-15,Rift Valley,Turkana,Katilia,6898,2.14,36.14,pulses and nuts,Cowpeas (dry),901,KG,actual,Retail,KES,100,0.77
2025-09-15,Rift Valley,Turkana,Katilia,6898,2.14,36.14,vegetables and fruits,Kale,796,KG,actual,Retail,KES,100,0.77
2025-09-15,Rift Valley,Turkana,Kibish,6904,4.57,35.31,cereals and tubers,"Maize (white, dry)",440,KG,actual,Retail,KES,84,0.65
2025-09-15,Rift Valley,Turkana,Kibish,6904,4.57,35.31,cereals and tubers,Maize flour (white),134,KG,actual,Retail,KES,119,0.92
2025-09-15,Rift Valley,Turkana,Kibish,6904,4.57,35.31,cereals and tubers,Rice (aromatic),894,KG,actual,Retail,KES,140,1.08
2025-09-15,Rift Valley,Turkana,Kibish,6904,4.57,35.31,cereals and tubers,Wheat flour,58,KG,actual,Retail,KES,140,1.08
2025-09-15,Rift Valley,Turkana,Kibish,6904,4.57,35.31,milk and dairy,"Milk (cow, pasteurized)",472,L,actual,Retail,KES,120,0.93
2025-09-15,Rift Valley,Turkana,Kibish,6904,4.57,35.31,miscellaneous food,Salt,185,200 G,actual,Retail,KES,25,0.19
2025-09-15,Rift Valley,Turkana,Kibish,6904,4.57,35.31,miscellaneous food,Sugar,97,KG,actual,Retail,KES,200,1.55
2025-09-15,Rift Valley,Turkana,Kibish,6904,4.57,35.31,oil and fats,"Oil (vegetable, fortified)",494,L,actual,Retail,KES,300,2.32
2025-09-15,Rift Valley,Turkana,Kibish,6904,4.57,35.31,pulses and nuts,Beans,50,KG,actual,Retail,KES,141,1.09
2025-09-15,Rift Valley,Turkana,Kibish,6904,4.57,35.31,pulses and nuts,Cowpeas (dry),901,KG,actual,Retail,KES,130,1.01
2025-09-15,Rift Valley,Turkana,Kibish,6904,4.57,35.31,vegetables and fruits,Kale,796,KG,actual,Retail,KES,100,0.77
2025-09-15,Rift Valley,Turkana,Kibish,6904,4.57,35.31,vegetables and fruits,Spinach,404,KG,actual,Retail,KES,100,0.77
2025-09-15,Rift Valley,Turkana,Letea,6903,3.52,35.75,cereals and tubers,"Maize (white, dry)",440,KG,actual,Retail,KES,100,0.77
2025-09-15,Rift Valley,Turkana,Letea,6903,3.52,35.75,cereals and tubers,Maize flour (white),134,KG,actual,Retail,KES,110,0.85
2025-09-15,Rift Valley,Turkana,Letea,6903,3.52,35.75,cereals and tubers,Wheat flour,58,KG,actual,Retail,KES,100,0.77
2025-09-15,Rift Valley,Turkana,Letea,6903,3.52,35.75,pulses and nuts,Beans,50,KG,actual,Retail,KES,120,0.93
2025-09-15,Rift Valley,Turkana,Lokori,6897,1.95,36.03,cereals and tubers,"Maize (white, dry)",440,KG,actual,Retail,KES,91,0.7
2025-09-15,Rift Valley,Turkana,Lokori,6897,1.95,36.03,cereals and tubers,Maize flour (white),134,KG,actual,Retail,KES,95,0.74
2025-09-15,Rift Valley,Turkana,Lokori,6897,1.95,36.03,cereals and tubers,Rice (aromatic),894,KG,actual,Retail,KES,140,1.08
2025-09-15,Rift Valley,Turkana,Lokori,6897,1.95,36.03,cereals and tubers,Wheat flour,58,KG,actual,Retail,KES,100,0.77
2025-09-15,Rift Valley,Turkana,Lokori,6897,1.95,36.03,milk and dairy,"Milk (cow, pasteurized)",472,L,actual,Retail,KES,200,1.55
2025-09-15,Rift Valley,Turkana,Lokori,6897,1.95,36.03,miscellaneous food,Salt,185,200 G,actual,Retail,KES,10,0.077
2025-09-15,Rift Valley,Turkana,Lokori,6897,1.95,36.03,miscellaneous food,Sugar,97,KG,actual,Retail,KES,177,1.37
2025-09-15,Rift Valley,Turkana,Lokori,6897,1.95,36.03,oil and fats,"Oil (vegetable, fortified)",494,L,actual,Retail,KES,313,2.42
2025-09-15,Rift Valley,Turkana,Lokori,6897,1.95,36.03,pulses and nuts,Beans,50,KG,actual,Retail,KES,151,1.17
2025-09-15,Rift Valley,Turkana,Lokori,6897,1.95,36.03,vegetables and fruits,Kale,796,KG,actual,Retail,KES,100,0.77
2025-09-15,Rift Valley,Turkana,Lokori,6897,1.95,36.03,vegetables and fruits,Spinach,404,KG,actual,Retail,KES,97,0.75
2025-09-15,Rift Valley,Turkana,Lorugum,6894,2.88,35.25,cereals and tubers,"Maize (white, dry)",440,KG,actual,Retail,KES,150,1.16
2025-09-15,Rift Valley,Turkana,Lorugum,6894,2.88,35.25,cereals and tubers,Maize flour (white),134,KG,actual,Retail,KES,100,0.77
2025-09-15,Rift Valley,Turkana,Lorugum,6894,2.88,35.25,pulses and nuts,Beans,50,KG,actual,Retail,KES,150,1.16
2025-10-15,Eastern,Makueni,Kathonzweni (Makueni),5666,-1.91,37.73,cereals and tubers,"Maize (white, dry)",440,90 KG,actual,Wholesale,KES,4500,34.84
2025-10-15,Eastern,Makueni,Kathonzweni (Makueni),5666,-1.91,37.73,cereals and tubers,"Potatoes (Irish, red)",890,50 KG,actual,Wholesale,KES,2500,19.36
2025-10-15,Eastern,Makueni,Kathonzweni (Makueni),5666,-1.91,37.73,pulses and nuts,Cowpeas,218,90 KG,actual,Wholesale,KES,7200,55.75
2025-10-15,Eastern,Makueni,Kathonzweni (Makueni),5666,-1.91,37.73,vegetables and fruits,Cabbage,181,126 KG,actual,Wholesale,KES,3150,24.39
2025-10-15,Eastern,Makueni,Kathonzweni (Makueni),5666,-1.91,37.73,vegetables and fruits,Kale,796,50 KG,actual,Wholesale,KES,1500,11.61
2025-10-15,Eastern,Makueni,Kathonzweni (Makueni),5666,-1.91,37.73,vegetables and fruits,Onions (dry),892,13 KG,actual,Wholesale,KES,910,7.05
2025-10-15,Eastern,Makueni,Kathonzweni (Makueni),5666,-1.91,37.73,vegetables and fruits,Tomatoes,114,64 KG,actual,Wholesale,KES,3200,24.78
2025-10-15,Nairobi,Nairobi,Kangemi (Nairobi),4626,-1.27,36.74,cereals and tubers,"Maize (white, dry)",440,90 KG,actual,Wholesale,KES,4175,32.33
2025-10-15,Nairobi,Nairobi,Kangemi (Nairobi),4626,-1.27,36.74,cereals and tubers,"Potatoes (Irish, white)",891,50 KG,actual,Wholesale,KES,2625,20.33
2025-10-15,Nairobi,Nairobi,Kangemi (Nairobi),4626,-1.27,36.74,cereals and tubers,Rice (aromatic),894,50 KG,actual,Wholesale,KES,7250,56.14
2025-10-15,Nairobi,Nairobi,Kangemi (Nairobi),4626,-1.27,36.74,pulses and nuts,Beans (dolichos),896,90 KG,actual,Wholesale,KES,5700,44.13
2025-10-15,Nairobi,Nairobi,Kangemi (Nairobi),4626,-1.27,36.74,pulses and nuts,Beans (rosecoco),897,90 KG,actual,Wholesale,KES,10300,79.75
2025-10-15,Nairobi,Nairobi,Kangemi (Nairobi),4626,-1.27,36.74,pulses and nuts,Cowpeas,218,90 KG,actual,Wholesale,KES,7667,59.37
2025-10-15,Nairobi,Nairobi,Kangemi (Nairobi),4626,-1.27,36.74,vegetables and fruits,Onions (dry),892,13 KG,actual,Wholesale,KES,1040,8.05
2025-10-15,Nairobi,Nairobi,Kangemi (Nairobi),4626,-1.27,36.74,vegetables and fruits,Tomatoes,114,64 KG,actual,Wholesale,KES,2880,22.3
2025-11-15,Nyanza,Kisumu,Kibuye (Kisumu),5671,-0.09,34.77,cereals and tubers,"Maize (white, dry)",440,90 KG,actual,Wholesale,KES,4000,30.93
2025-11-15,Nyanza,Kisumu,Kibuye (Kisumu),5671,-0.09,34.77,cereals and tubers,"Potatoes (Irish, white)",891,50 KG,actual,Wholesale,KES,4300,33.25
2025-11-15,Nyanza,Kisumu,Kibuye (Kisumu),5671,-0.09,34.77,vegetables and fruits,Tomatoes,114,64 KG,actual,Wholesale,KES,8114.5,62.74
2025-12-15,Coast,Tana River,Masalani,10366,-1.7,40.17,cereals and tubers,"Maize (white, dry)",440,KG,actual,Retail,KES,95,0.74
2025-12-15,Coast,Tana River,Masalani,10366,-1.7,40.17,cereals and tubers,Rice (aromatic),894,KG,actual,Retail,KES,129,1
2025-12-15,Coast,Tana River,Masalani,10366,-1.7,40.17,cereals and tubers,Wheat flour,58,KG,actual,Retail,KES,99,0.77
2025-12-15,Coast,Tana River,Masalani,10366,-1.7,40.17,miscellaneous food,Salt,185,200 G,actual,Retail,KES,20,0.16
2025-12-15,Coast,Tana River,Masalani,10366,-1.7,40.17,miscellaneous food,Sugar,97,KG,actual,Retail,KES,131,1.02
2025-12-15,Coast,Tana River,Masalani,10366,-1.7,40.17,oil and fats,"Oil (vegetable, fortified)",494,L,actual,Retail,KES,249,1.93
2025-12-15,Coast,Tana River,Masalani,10366,-1.7,40.17,pulses and nuts,Beans,50,KG,actual,Retail,KES,125,0.97
2025-12-15,Coast,Tana River,Masalani,10366,-1.7,40.17,pulses and nuts,Cowpeas (dry),901,KG,actual,Retail,KES,152,1.18
2025-12-15,Coast,Tana River,Masalani,10366,-1.7,40.17,pulses and nuts,Pigeon peas (dry),937,KG,actual,Retail,KES,153,1.19
2025-12-15,Coast,Tana River,Masalani,10366,-1.7,40.17,vegetables and fruits,Kale,796,KG,actual,Retail,KES,60,0.47
2025-12-15,Coast,Tana River,Masalani,10366,-1.7,40.17,vegetables and fruits,Spinach,404,KG,actual,Retail,KES,80,0.62
2025-12-15,Eastern,Isiolo,Isiolo town,3262,0.35,37.58,cereals and tubers,"Maize (white, dry)",440,KG,actual,Retail,KES,80,0.62
2025-12-15,Eastern,Isiolo,Isiolo town,3262,0.35,37.58,cereals and tubers,Maize flour (white),134,KG,actual,Retail,KES,95,0.74
2025-12-15,Eastern,Isiolo,Isiolo town,3262,0.35,37.58,cereals and tubers,Rice (aromatic),894,KG,actual,Retail,KES,125,0.97
2025-12-15,Eastern,Isiolo,Isiolo town,3262,0.35,37.58,cereals and tubers,Wheat flour,58,KG,actual,Retail,KES,110,0.85
2025-12-15,Eastern,Isiolo,Isiolo town,3262,0.35,37.58,milk and dairy,"Milk (cow, pasteurized)",472,L,actual,Retail,KES,120,0.93
2025-12-15,Eastern,Isiolo,Isiolo town,3262,0.35,37.58,miscellaneous food,Salt,185,200 G,actual,Retail,KES,30,0.23
2025-12-15,Eastern,Isiolo,Isiolo town,3262,0.35,37.58,miscellaneous food,Sugar,97,KG,actual,Retail,KES,160,1.24
2025-12-15,Eastern,Isiolo,Isiolo town,3262,0.35,37.58,oil and fats,"Oil (vegetable, fortified)",494,L,actual,Retail,KES,300,2.33
2025-12-15,Eastern,Isiolo,Isiolo town,3262,0.35,37.58,pulses and nuts,Cowpeas (dry),901,KG,actual,Retail,KES,150,1.16
2025-12-15,Eastern,Isiolo,Isiolo town,3262,0.35,37.58,pulses and nuts,Pigeon peas (dry),937,KG,actual,Retail,KES,120,0.93
2025-12-15,Eastern,Isiolo,Isiolo town,3262,0.35,37.58,vegetables and fruits,Kale,796,KG,actual,Retail,KES,50,0.39
2025-12-15,Eastern,Isiolo,Isiolo town,3262,0.35,37.58,vegetables and fruits,Spinach,404,KG,actual,Retail,KES,50,0.39
2025-12-15,Eastern,Isiolo,Merti CENTER,10378,1.07,38.67,cereals and tubers,"Maize (white, dry)",440,KG,actual,Retail,KES,85,0.66
2025-12-15,Eastern,Isiolo,Merti CENTER,10378,1.07,38.67,cereals and tubers,Maize flour (white),134,KG,actual,Retail,KES,95,0.74
2025-12-15,Eastern,Isiolo,Merti CENTER,10378,1.07,38.67,cereals and tubers,Rice (aromatic),894,KG,actual,Retail,KES,117,0.91
2025-12-15,Eastern,Isiolo,Merti CENTER,10378,1.07,38.67,cereals and tubers,Wheat flour,58,KG,actual,Retail,KES,80,0.62
2025-12-15,Eastern,Isiolo,Merti CENTER,10378,1.07,38.67,milk and dairy,"Milk (cow, pasteurized)",472,L,actual,Retail,KES,153,1.19
2025-12-15,Eastern,Isiolo,Merti CENTER,10378,1.07,38.67,miscellaneous food,Salt,185,200 G,actual,Retail,KES,22,0.17
2025-12-15,Eastern,Isiolo,Merti CENTER,10378,1.07,38.67,miscellaneous food,Sugar,97,KG,actual,Retail,KES,155,1.2
2025-12-15,Eastern,Isiolo,Merti CENTER,10378,1.07,38.67,oil and fats,"Oil (vegetable, fortified)",494,L,actual,Retail,KES,173,1.34
2025-12-15,Eastern,Isiolo,Merti CENTER,10378,1.07,38.67,pulses and nuts,Beans,50,KG,actual,Retail,KES,88,0.68
2025-12-15,Eastern,Isiolo,Merti CENTER,10378,1.07,38.67,pulses and nuts,Cowpeas (dry),901,KG,actual,Retail,KES,102,0.79
2025-12-15,Eastern,Isiolo,Merti CENTER,10378,1.07,38.67,pulses and nuts,Pigeon peas (dry),937,KG,actual,Retail,KES,87,0.67
2025-12-15,Eastern,Isiolo,Merti CENTER,10378,1.07,38.67,vegetables and fruits,Kale,796,KG,actual,Retail,KES,100,0.78
2025-12-15,Eastern,Isiolo,Merti CENTER,10378,1.07,38.67,vegetables and fruits,Spinach,404,KG,actual,Retail,KES,104,0.81
2025-12-15,Eastern,Isiolo,Modogashe,10371,0.73,39.17,cereals and tubers,"Maize (white, dry)",440,KG,actual,Retail,KES,77,0.6
2025-12-15,Eastern,Isiolo,Modogashe,10371,0.73,39.17,cereals and tubers,Maize flour (white),134,KG,actual,Retail,KES,96,0.74
2025-12-15,Eastern,Isiolo,Modogashe,10371,0.73,39.17,cereals and tubers,Rice (aromatic),894,KG,actual,Retail,KES,183,1.42
2025-12-15,Eastern,Isiolo,Modogashe,10371,0.73,39.17,cereals and tubers,Wheat flour,58,KG,actual,Retail,KES,99,0.77
2025-12-15,Eastern,Isiolo,Modogashe,10371,0.73,39.17,miscellaneous food,Salt,185,200 G,actual,Retail,KES,12,0.093
2025-12-15,Eastern,Isiolo,Modogashe,10371,0.73,39.17,miscellaneous food,Sugar,97,KG,actual,Retail,KES,131,1.02
2025-12-15,Eastern,Isiolo,Modogashe,10371,0.73,39.17,oil and fats,"Oil (vegetable, fortified)",494,L,actual,Retail,KES,300,2.33
2025-12-15,Eastern,Isiolo,Modogashe,10371,0.73,39.17,pulses and nuts,Beans,50,KG,actual,Retail,KES,143,1.11
2025-12-15,Eastern,Isiolo,Modogashe,10371,0.73,39.17,pulses and nuts,Cowpeas (dry),901,KG,actual,Retail,KES,150,1.16
2025-12-15,Eastern,Isiolo,Modogashe,10371,0.73,39.17,pulses and nuts,Pigeon peas (dry),937,KG,actual,Retail,KES,150,1.16
2025-12-15,Eastern,Isiolo,Modogashe,10371,0.73,39.17,vegetables and fruits,Kale,796,KG,actual,Retail,KES,67,0.52
2025-12-15,Eastern,Isiolo,Modogashe,10371,0.73,39.17,vegetables and fruits,Spinach,404,KG,actual,Retail,KES,67,0.52
2025-12-15,Eastern,Moyale,Moyale town,3269,3.51,39.05,cereals and tubers,"Maize (white, dry)",440,KG,actual,Retail,KES,77,0.6
2025-12-15,Eastern,Moyale,Moyale town,3269,3.51,39.05,cereals and tubers,Maize flour (white),134,KG,actual,Retail,KES,100,0.78
2025-12-15,Eastern,Moyale,Moyale town,3269,3.51,39.05,cereals and tubers,Rice (aromatic),894,KG,actual,Retail,KES,113,0.88
2025-12-15,Eastern,Moyale,Moyale town,3269,3.51,39.05,cereals and tubers,Wheat flour,58,KG,actual,Retail,KES,100,0.78
2025-12-15,Eastern,Moyale,Moyale town,3269,3.51,39.05,milk and dairy,"Milk (cow, pasteurized)",472,L,actual,Retail,KES,100,0.78
2025-12-15,Eastern,Moyale,Moyale town,3269,3.51,39.05,miscellaneous food,Salt,185,200 G,actual,Retail,KES,17,0.13
2025-12-15,Eastern,Moyale,Moyale town,3269,3.51,39.05,miscellaneous food,Sugar,97,KG,actual,Retail,KES,127,0.98
2025-12-15,Eastern,Moyale,Moyale town,3269,3.51,39.05,oil and fats,"Oil (vegetable, fortified)",494,L,actual,Retail,KES,237,1.84
2025-12-15,Eastern,Moyale,Moyale town,3269,3.51,39.05,pulses and nuts,Cowpeas (dry),901,KG,actual,Retail,KES,160,1.24
2025-12-15,Eastern,Moyale,Moyale town,3269,3.51,39.05,pulses and nuts,Pigeon peas (dry),937,KG,actual,Retail,KES,170,1.32
2025-12-15,Eastern,Moyale,Moyale town,3269,3.51,39.05,vegetables and fruits,Kale,796,KG,actual,Retail,KES,100,0.78
2025-12-15,Eastern,Moyale,Moyale town,3269,3.51,39.05,vegetables and fruits,Spinach,404,KG,actual,Retail,KES,100,0.78
2025-12-15,Eastern,Moyale,Sololo,6229,3.56,38.65,cereals and tubers,"Maize (white, dry)",440,KG,actual,Retail,KES,120,0.93
2025-12-15,Eastern,Moyale,Sololo,6229,3.56,38.65,cereals and tubers,Maize flour (white),134,KG,actual,Retail,KES,123,0.95
2025-12-15,Eastern,Moyale,Sololo,6229,3.56,38.65,cereals and tubers,Rice (aromatic),894,KG,actual,Retail,KES,133,1.03
2025-12-15,Eastern,Moyale,Sololo,6229,3.56,38.65,cereals and tubers,Wheat flour,58,KG,actual,Retail,KES,107,0.83
2025-12-15,Eastern,Moyale,Sololo,6229,3.56,38.65,milk and dairy,"Milk (cow, pasteurized)",472,L,actual,Retail,KES,114,0.88
2025-12-15,Eastern,Moyale,Sololo,6229,3.56,38.65,miscellaneous food,Salt,185,200 G,actual,Retail,KES,14,0.11
2025-12-15,Eastern,Moyale,Sololo,6229,3.56,38.65,miscellaneous food,Sugar,97,KG,actual,Retail,KES,140,1.09
2025-12-15,Eastern,Moyale,Sololo,6229,3.56,38.65,oil and fats,"Oil (vegetable, fortified)",494,L,actual,Retail,KES,333,2.58
2025-12-15,Eastern,Moyale,Sololo,6229,3.56,38.65,pulses and nuts,Beans,50,KG,actual,Retail,KES,107,0.83
2025-12-15,Eastern,Moyale,Sololo,6229,3.56,38.65,pulses and nuts,Cowpeas (dry),901,KG,actual,Retail,KES,150,1.16
2025-12-15,Eastern,Moyale,Sololo,6229,3.56,38.65,pulses and nuts,Pigeon peas (dry),937,KG,actual,Retail,KES,250,1.94
2025-12-15,Eastern,Moyale,Sololo,6229,3.56,38.65,vegetables and fruits,Kale,796,KG,actual,Retail,KES,65,0.5
2025-12-15,Eastern,Moyale,Sololo,6229,3.56,38.65,vegetables and fruits,Spinach,404,KG,actual,Retail,KES,90,0.7
2025-12-15,North Eastern,Garissa,Dagahaley (Daadab),3252,0.19,40.29,cereals and tubers,"Maize (white, dry)",440,KG,actual,Retail,KES,60,0.47
2025-12-15,North Eastern,Garissa,Dagahaley (Daadab),3252,0.19,40.29,cereals and tubers,Maize flour (white),134,KG,actual,Retail,KES,93,0.72
2025-12-15,North Eastern,Garissa,Dagahaley (Daadab),3252,0.19,40.29,cereals and tubers,Rice (aromatic),894,KG,actual,Retail,KES,100,0.78
2025-12-15,North Eastern,Garissa,Dagahaley (Daadab),3252,0.19,40.29,milk and dairy,"Milk (cow, pasteurized)",472,L,actual,Retail,KES,210,1.63
2025-12-15,North Eastern,Garissa,Dagahaley (Daadab),3252,0.19,40.29,oil and fats,"Oil (vegetable, fortified)",494,L,actual,Retail,KES,224,1.74
2025-12-15,North Eastern,Garissa,Dagahaley (Daadab),3252,0.19,40.29,pulses and nuts,Beans,50,KG,actual,Retail,KES,110,0.85
2025-12-15,North Eastern,Garissa,Dagahaley (Daadab),3252,0.19,40.29,pulses and nuts,Cowpeas (dry),901,KG,actual,Retail,KES,120,0.93
2025-12-15,North Eastern,Garissa,Dagahaley (Daadab),3252,0.19,40.29,vegetables and fruits,Kale,796,KG,actual,Retail,KES,100,0.78
2025-12-15,North Eastern,Garissa,Garissa,1855,-0.46,39.65,milk and dairy,"Milk (cow, pasteurized)",472,L,actual,Retail,KES,200,1.55
2025-12-15,North Eastern,Garissa,Garissa,1855,-0.46,39.65,miscellaneous food,Salt,185,200 G,actual,Retail,KES,20,0.16
2025-12-15,North Eastern,Garissa,Garissa,1855,-0.46,39.65,miscellaneous food,Sugar,97,KG,actual,Retail,KES,120,0.93
2025-12-15,North Eastern,Garissa,Garissa,1855,-0.46,39.65,oil and fats,"Oil (vegetable, fortified)",494,L,actual,Retail,KES,150,1.16
2025-12-15,North Eastern,Garissa,Hagadera (Daadab),3254,0.01,40.37,cereals and tubers,"Maize (white, dry)",440,KG,actual,Retail,KES,60,0.47
2025-12-15,North Eastern,Garissa,Hagadera (Daadab),3254,0.01,40.37,cereals and tubers,Maize flour (white),134,KG,actual,Retail,KES,92,0.71
2025-12-15,North Eastern,Garissa,Hagadera (Daadab),3254,0.01,40.37,cereals and tubers,Rice (aromatic),894,KG,actual,Retail,KES,100,0.78
2025-12-15,North Eastern,Garissa,Hagadera (Daadab),3254,0.01,40.37,cereals and tubers,Wheat flour,58,KG,actual,Retail,KES,98,0.76
2025-12-15,North Eastern,Garissa,Hagadera (Daadab),3254,0.01,40.37,milk and dairy,"Milk (cow, pasteurized)",472,L,actual,Retail,KES,150,1.16
2025-12-15,North Eastern,Garissa,Hagadera (Daadab),3254,0.01,40.37,miscellaneous food,Salt,185,200 G,actual,Retail,KES,13,0.1
2025-12-15,North Eastern,Garissa,Hagadera (Daadab),3254,0.01,40.37,miscellaneous food,Sugar,97,KG,actual,Retail,KES,120,0.93
2025-12-15,North Eastern,Garissa,Hagadera (Daadab),3254,0.01,40.37,oil and fats,"Oil (vegetable, fortified)",494,L,actual,Retail,KES,282,2.19
2025-12-15,North Eastern,Garissa,Hagadera (Daadab),3254,0.01,40.37,pulses and nuts,Cowpeas (dry),901,KG,actual,Retail,KES,124,0.96
2025-12-15,North Eastern,Garissa,Hagadera (Daadab),3254,0.01,40.37,vegetables and fruits,Kale,796,KG,actual,Retail,KES,100,0.78
2025-12-15,North Eastern,Garissa,IFO (Daadab),3255,0.11,40.32,cereals and tubers,"Maize (white, dry)",440,KG,actual,Retail,KES,60,0.47
2025-12-15,North Eastern,Garissa,IFO (Daadab),3255,0.11,40.32,cereals and tubers,Maize flour (white),134,KG,actual,Retail,KES,92,0.71
2025-12-15,North Eastern,Garissa,IFO (Daadab),3255,0.11,40.32,cereals and tubers,Rice (aromatic),894,KG,actual,Retail,KES,102,0.79
2025-12-15,North Eastern,Garissa,IFO (Daadab),3255,0.11,40.32,milk and dairy,"Milk (cow, pasteurized)",472,L,actual,Retail,KES,180,1.4
2025-12-15,North Eastern,Garissa,IFO (Daadab),3255,0.11,40.32,oil and fats,"Oil (vegetable, fortified)",494,L,actual,Retail,KES,252,1.95
2025-12-15,North Eastern,Garissa,IFO (Daadab),3255,0.11,40.32,pulses and nuts,Cowpeas (dry),901,KG,actual,Retail,KES,120,0.93
2025-12-15,North Eastern,Garissa,IFO (Daadab),3255,0.11,40.32,vegetables and fruits,Kale,796,KG,actual,Retail,KES,62,0.48
2025-12-15,North Eastern,Garissa,Jarajara,10352,-0.04,39.01,miscellaneous food,Salt,185,200 G,actual,Retail,KES,20,0.16
2025-12-15,North Eastern,Garissa,Jarajara,10352,-0.04,39.01,miscellaneous food,Sugar,97,KG,actual,Retail,KES,120,0.93
2025-12-15,North Eastern,Garissa,Jarajara,10352,-0.04,39.01,oil and fats,"Oil (vegetable, fortified)",494,L,actual,Retail,KES,100,0.78
2025-12-15,North Eastern,Mandera,Banissa,10398,3.94,40.34,cereals and tubers,"Maize (white, dry)",440,KG,actual,Retail,KES,125,0.97
2025-12-15,North Eastern,Mandera,Banissa,10398,3.94,40.34,cereals and tubers,Maize flour (white),134,KG,actual,Retail,KES,100,0.78
2025-12-15,North Eastern,Mandera,Banissa,10398,3.94,40.34,cereals and tubers,Rice (aromatic),894,KG,actual,Retail,KES,146,1.13
2025-12-15,North Eastern,Mandera,Banissa,10398,3.94,40.34,cereals and tubers,Wheat flour,58,KG,actual,Retail,KES,100,0.78
2025-12-15,North Eastern,Mandera,Banissa,10398,3.94,40.34,miscellaneous food,Salt,185,200 G,actual,Retail,KES,27,0.21
2025-12-15,North Eastern,Mandera,Banissa,10398,3.94,40.34,miscellaneous food,Sugar,97,KG,actual,Retail,KES,130,1.01
2025-12-15,North Eastern,Mandera,Banissa,10398,3.94,40.34,oil and fats,"Oil (vegetable, fortified)",494,L,actual,Retail,KES,117,0.91
2025-12-15,North Eastern,Mandera,Banissa,10398,3.94,40.34,pulses and nuts,Beans,50,KG,actual,Retail,KES,200,1.55
2025-12-15,North Eastern,Mandera,Banissa,10398,3.94,40.34,vegetables and fruits,Kale,796,KG,actual,Retail,KES,100,0.78
2025-12-15,North Eastern,Mandera,Banissa,10398,3.94,40.34,vegetables and fruits,Spinach,404,KG,actual,Retail,KES,83,0.64
2025-12-15,North Eastern,Mandera,El Wak,3263,2.81,40.93,cereals and tubers,"Maize (white, dry)",440,KG,actual,Retail,KES,80,0.62
2025-12-15,North Eastern,Mandera,El Wak,3263,2.81,40.93,cereals and tubers,Maize flour (white),134,KG,actual,Retail,KES,100,0.78
2025-12-15,North Eastern,Mandera,El Wak,3263,2.81,40.93,cereals and tubers,Rice (aromatic),894,KG,actual,Retail,KES,100,0.78
2025-12-15,North Eastern,Mandera,El Wak,3263,2.81,40.93,cereals and tubers,Wheat flour,58,KG,actual,Retail,KES,100,0.78
2025-12-15,North Eastern,Mandera,El Wak,3263,2.81,40.93,milk and dairy,"Milk (cow, pasteurized)",472,L,actual,Retail,KES,200,1.55
2025-12-15,North Eastern,Mandera,El Wak,3263,2.81,40.93,miscellaneous food,Salt,185,200 G,actual,Retail,KES,20,0.16
2025-12-15,North Eastern,Mandera,El Wak,3263,2.81,40.93,miscellaneous food,Sugar,97,KG,actual,Retail,KES,135,1.05
2025-12-15,North Eastern,Mandera,El Wak,3263,2.81,40.93,oil and fats,"Oil (vegetable, fortified)",494,L,actual,Retail,KES,250,1.94
2025-12-15,North Eastern,Mandera,El Wak,3263,2.81,40.93,vegetables and fruits,Kale,796,KG,actual,Retail,KES,100,0.78
2025-12-15,North Eastern,Mandera,El Wak,3263,2.81,40.93,vegetables and fruits,Spinach,404,KG,actual,Retail,KES,100,0.78
2025-12-15,North Eastern,Mandera,Mandera,189,3.94,41.86,cereals and tubers,"Maize (white, dry)",440,KG,actual,Retail,KES,100,0.78
2025-12-15,North Eastern,Mandera,Mandera,189,3.94,41.86,cereals and tubers,Maize flour (white),134,KG,actual,Retail,KES,110,0.85
2025-12-15,North Eastern,Mandera,Mandera,189,3.94,41.86,cereals and tubers,Rice (aromatic),894,KG,actual,Retail,KES,190,1.47
2025-12-15,North Eastern,Mandera,Mandera,189,3.94,41.86,cereals and tubers,Wheat flour,58,KG,actual,Retail,KES,110,0.85
2025-12-15,North Eastern,Mandera,Mandera,189,3.94,41.86,miscellaneous food,Salt,185,200 G,actual,Retail,KES,20,0.16
2025-12-15,North Eastern,Mandera,Mandera,189,3.94,41.86,miscellaneous food,Sugar,97,KG,actual,Retail,KES,120,0.93
2025-12-15,North Eastern,Mandera,Mandera,189,3.94,41.86,oil and fats,"Oil (vegetable, fortified)",494,L,actual,Retail,KES,325,2.52
2025-12-15,North Eastern,Mandera,Mandera,189,3.94,41.86,pulses and nuts,Beans,50,KG,actual,Retail,KES,200,1.55
2025-12-15,North Eastern,Mandera,Mandera,189,3.94,41.86,pulses and nuts,Cowpeas (dry),901,KG,actual,Retail,KES,150,1.16
2025-12-15,North Eastern,Mandera,Mandera,189,3.94,41.86,vegetables and fruits,Kale,796,KG,actual,Retail,KES,50,0.39
2025-12-15,North Eastern,Mandera,Rhamu,3266,3.93,41.22,cereals and tubers,Rice (aromatic),894,KG,actual,Retail,KES,130,1.01
2025-12-15,North Eastern,Mandera,Rhamu,3266,3.93,41.22,cereals and tubers,Wheat flour,58,KG,actual,Retail,KES,100,0.78
2025-12-15,North Eastern,Mandera,Rhamu,3266,3.93,41.22,miscellaneous food,Salt,185,200 G,actual,Retail,KES,20,0.16
2025-12-15,North Eastern,Mandera,Rhamu,3266,3.93,41.22,miscellaneous food,Sugar,97,KG,actual,Retail,KES,120,0.93
2025-12-15,North Eastern,Mandera,Rhamu,3266,3.93,41.22,oil and fats,"Oil (vegetable, fortified)",494,L,actual,Retail,KES,300,2.33
2025-12-15,North Eastern,Mandera,Takaba (Mandera),3267,3.39,40.23,cereals and tubers,"Maize (white, dry)",440,KG,actual,Retail,KES,70,0.54
2025-12-15,North Eastern,Mandera,Takaba (Mandera),3267,3.39,40.23,cereals and tubers,Maize flour (white),134,KG,actual,Retail,KES,100,0.78
2025-12-15,North Eastern,Mandera,Takaba (Mandera),3267,3.39,40.23,cereals and tubers,Rice (aromatic),894,KG,actual,Retail,KES,100,0.78
2025-12-15,North Eastern,Mandera,Takaba (Mandera),3267,3.39,40.23,cereals and tubers,Wheat flour,58,KG,actual,Retail,KES,100,0.78
2025-12-15,North Eastern,Mandera,Takaba (Mandera),3267,3.39,40.23,milk and dairy,"Milk (cow, pasteurized)",472,L,actual,Retail,KES,200,1.55
2025-12-15,North Eastern,Mandera,Takaba (Mandera),3267,3.39,40.23,miscellaneous food,Salt,185,200 G,actual,Retail,KES,12,0.093
2025-12-15,North Eastern,Mandera,Takaba (Mandera),3267,3.39,40.23,miscellaneous food,Sugar,97,KG,actual,Retail,KES,120,0.93
2025-12-15,North Eastern,Mandera,Takaba (Mandera),3267,3.39,40.23,oil and fats,"Oil (vegetable, fortified)",494,L,actual,Retail,KES,250,1.94
2025-12-15,North Eastern,Mandera,Takaba (Mandera),3267,3.39,40.23,vegetables and fruits,Kale,796,KG,actual,Retail,KES,120,0.93
2025-12-15,North Eastern,Mandera,Wargadud,10397,3.18,40.87,cereals and tubers,"Maize (white, dry)",440,KG,actual,Retail,KES,50,0.39
2025-12-15,North Eastern,Mandera,Wargadud,10397,3.18,40.87,cereals and tubers,Maize flour (white),134,KG,actual,Retail,KES,100,0.78
2025-12-15,North Eastern,Mandera,Wargadud,10397,3.18,40.87,cereals and tubers,Rice (aromatic),894,KG,actual,Retail,KES,137,1.06
2025-12-15,North Eastern,Mandera,Wargadud,10397,3.18,40.87,cereals and tubers,Wheat flour,58,KG,actual,Retail,KES,120,0.93
2025-12-15,North Eastern,Mandera,Wargadud,10397,3.18,40.87,miscellaneous food,Salt,185,200 G,actual,Retail,KES,20,0.16
2025-12-15,North Eastern,Mandera,Wargadud,10397,3.18,40.87,miscellaneous food,Sugar,97,KG,actual,Retail,KES,147,1.14
2025-12-15,North Eastern,Mandera,Wargadud,10397,3.18,40.87,pulses and nuts,Beans,50,KG,actual,Retail,KES,180,1.4
2025-12-15,North Eastern,Wajir,Griftu,6644,2,39.75,cereals and tubers,"Maize (white, dry)",440,KG,actual,Retail,KES,60,0.47
2025-12-15,North Eastern,Wajir,Griftu,6644,2,39.75,cereals and tubers,Maize flour (white),134,KG,actual,Retail,KES,100,0.78
2025-12-15,North Eastern,Wajir,Griftu,6644,2,39.75,cereals and tubers,Rice (aromatic),894,KG,actual,Retail,KES,126,0.98
2025-12-15,North Eastern,Wajir,Griftu,6644,2,39.75,cereals and tubers,Wheat flour,58,KG,actual,Retail,KES,107,0.83
2025-12-15,North Eastern,Wajir,Griftu,6644,2,39.75,miscellaneous food,Salt,185,200 G,actual,Retail,KES,17,0.13
2025-12-15,North Eastern,Wajir,Griftu,6644,2,39.75,miscellaneous food,Sugar,97,KG,actual,Retail,KES,120,0.93
2025-12-15,North Eastern,Wajir,Griftu,6644,2,39.75,oil and fats,"Oil (vegetable, fortified)",494,L,actual,Retail,KES,298,2.31
2025-12-15,North Eastern,Wajir,Griftu,6644,2,39.75,pulses and nuts,Cowpeas (dry),901,KG,actual,Retail,KES,160,1.24
2025-12-15,North Eastern,Wajir,Hadado,6656,1.53,39.43,cereals and tubers,Maize flour (white),134,KG,actual,Retail,KES,80,0.62
2025-12-15,North Eastern,Wajir,Hadado,6656,1.53,39.43,cereals and tubers,Rice (aromatic),894,KG,actual,Retail,KES,113,0.88
2025-12-15,North Eastern,Wajir,Hadado,6656,1.53,39.43,cereals and tubers,Wheat flour,58,KG,actual,Retail,KES,113,0.88
2025-12-15,North Eastern,Wajir,Hadado,6656,1.53,39.43,miscellaneous food,Salt,185,200 G,actual,Retail,KES,20,0.16
2025-12-15,North Eastern,Wajir,Tarbaj,6647,2.21,40.12,cereals and tubers,"Maize (white, dry)",440,KG,actual,Retail,KES,72,0.56
2025-12-15,North Eastern,Wajir,Tarbaj,6647,2.21,40.12,cereals and tubers,Maize flour (white),134,KG,actual,Retail,KES,70,0.54
2025-12-15,North Eastern,Wajir,Tarbaj,6647,2.21,40.12,cereals and tubers,Rice (aromatic),894,KG,actual,Retail,KES,140,1.09
2025-12-15,North Eastern,Wajir,Tarbaj,6647,2.21,40.12,cereals and tubers,Wheat flour,58,KG,actual,Retail,KES,76,0.59
2025-12-15,North Eastern,Wajir,Tarbaj,6647,2.21,40.12,miscellaneous food,Salt,185,200 G,actual,Retail,KES,21,0.16
2025-12-15,North Eastern,Wajir,Tarbaj,6647,2.21,40.12,miscellaneous food,Sugar,97,KG,actual,Retail,KES,150,1.16
2025-12-15,North Eastern,Wajir,Tarbaj,6647,2.21,40.12,oil and fats,"Oil (vegetable, fortified)",494,L,actual,Retail,KES,160,1.24
2025-12-15,North Eastern,Wajir,Tarbaj,6647,2.21,40.12,pulses and nuts,Beans,50,KG,actual,Retail,KES,128,0.99
2025-12-15,North Eastern,Wajir,Tarbaj,6647,2.21,40.12,pulses and nuts,Cowpeas (dry),901,KG,actual,Retail,KES,85,0.66
2025-12-15,North Eastern,Wajir,Tarbaj,6647,2.21,40.12,vegetables and fruits,Kale,796,KG,actual,Retail,KES,50,0.39
2025-12-15,North Eastern,Wajir,Tarbaj,6647,2.21,40.12,vegetables and fruits,Spinach,404,KG,actual,Retail,KES,87,0.67
2025-12-15,Nyanza,Kisumu,Kibuye (Kisumu),5671,-0.09,34.77,cereals and tubers,"Maize (white, dry)",440,90 KG,actual,Wholesale,KES,4533,35.14
2025-12-15,Nyanza,Kisumu,Kibuye (Kisumu),5671,-0.09,34.77,cereals and tubers,"Potatoes (Irish, white)",891,50 KG,actual,Wholesale,KES,3850,29.84
2025-12-15,Nyanza,Kisumu,Kibuye (Kisumu),5671,-0.09,34.77,vegetables and fruits,Tomatoes,114,64 KG,actual,Wholesale,KES,5180.8,40.16
2025-12-15,Rift Valley,Turkana,Ethiopia (Kakuma),3253,3.72,34.85,cereals and tubers,"Maize (white, dry)",440,KG,actual,Retail,KES,75,0.58
2025-12-15,Rift Valley,Turkana,Ethiopia (Kakuma),3253,3.72,34.85,cereals and tubers,Maize flour (white),134,KG,actual,Retail,KES,80,0.62
2025-12-15,Rift Valley,Turkana,Ethiopia (Kakuma),3253,3.72,34.85,cereals and tubers,Rice (aromatic),894,KG,actual,Retail,KES,100,0.78
2025-12-15,Rift Valley,Turkana,Ethiopia (Kakuma),3253,3.72,34.85,cereals and tubers,Wheat flour,58,KG,actual,Retail,KES,97,0.75
2025-12-15,Rift Valley,Turkana,Ethiopia (Kakuma),3253,3.72,34.85,miscellaneous food,Salt,185,200 G,actual,Retail,KES,20,0.16
2025-12-15,Rift Valley,Turkana,Ethiopia (Kakuma),3253,3.72,34.85,miscellaneous food,Sugar,97,KG,actual,Retail,KES,153,1.19
2025-12-15,Rift Valley,Turkana,HongKong (Kakuma),3250,3.75,34.84,cereals and tubers,"Maize (white, dry)",440,KG,actual,Retail,KES,58,0.45
2025-12-15,Rift Valley,Turkana,HongKong (Kakuma),3250,3.75,34.84,cereals and tubers,Maize flour (white),134,KG,actual,Retail,KES,80,0.62
2025-12-15,Rift Valley,Turkana,HongKong (Kakuma),3250,3.75,34.84,cereals and tubers,Rice (aromatic),894,KG,actual,Retail,KES,110,0.85
2025-12-15,Rift Valley,Turkana,HongKong (Kakuma),3250,3.75,34.84,cereals and tubers,Wheat flour,58,KG,actual,Retail,KES,90,0.7
2025-12-15,Rift Valley,Turkana,HongKong (Kakuma),3250,3.75,34.84,milk and dairy,"Milk (cow, pasteurized)",472,L,actual,Retail,KES,170,1.32
2025-12-15,Rift Valley,Turkana,HongKong (Kakuma),3250,3.75,34.84,miscellaneous food,Salt,185,200 G,actual,Retail,KES,23,0.18
2025-12-15,Rift Valley,Turkana,HongKong (Kakuma),3250,3.75,34.84,miscellaneous food,Sugar,97,KG,actual,Retail,KES,167,1.29
2025-12-15,Rift Valley,Turkana,HongKong (Kakuma),3250,3.75,34.84,oil and fats,"Oil (vegetable, fortified)",494,L,actual,Retail,KES,300,2.33
2025-12-15,Rift Valley,Turkana,HongKong (Kakuma),3250,3.75,34.84,vegetables and fruits,Kale,796,KG,actual,Retail,KES,93,0.72
2025-12-15,Rift Valley,Turkana,Kakuma 2,3248,3.75,34.82,cereals and tubers,"Maize (white, dry)",440,KG,actual,Retail,KES,63,0.49
2025-12-15,Rift Valley,Turkana,Kakuma 2,3248,3.75,34.82,cereals and tubers,Maize flour (white),134,KG,actual,Retail,KES,81,0.63
2025-12-15,Rift Valley,Turkana,Kakuma 2,3248,3.75,34.82,cereals and tubers,Rice (aromatic),894,KG,actual,Retail,KES,146,1.13
2025-12-15,Rift Valley,Turkana,Kakuma 2,3248,3.75,34.82,cereals and tubers,Wheat flour,58,KG,actual,Retail,KES,87,0.67
2025-12-15,Rift Valley,Turkana,Kakuma 2,3248,3.75,34.82,milk and dairy,"Milk (cow, pasteurized)",472,L,actual,Retail,KES,160,1.24
2025-12-15,Rift Valley,Turkana,Kakuma 2,3248,3.75,34.82,miscellaneous food,Salt,185,200 G,actual,Retail,KES,15,0.12
2025-12-15,Rift Valley,Turkana,Kakuma 2,3248,3.75,34.82,miscellaneous food,Sugar,97,KG,actual,Retail,KES,167,1.29
2025-12-15,Rift Valley,Turkana,Kakuma 2,3248,3.75,34.82,oil and fats,"Oil (vegetable, fortified)",494,L,actual,Retail,KES,286,2.22
2025-12-15,Rift Valley,Turkana,Kakuma 2,3248,3.75,34.82,pulses and nuts,Beans,50,KG,actual,Retail,KES,120,0.93
2025-12-15,Rift Valley,Turkana,Kakuma 2,3248,3.75,34.82,pulses and nuts,Cowpeas (dry),901,KG,actual,Retail,KES,150,1.16
2025-12-15,Rift Valley,Turkana,Kakuma 2,3248,3.75,34.82,vegetables and fruits,Kale,796,KG,actual,Retail,KES,130,1.01
2025-12-15,Rift Valley,Turkana,Kakuma 3,3251,3.77,34.82,cereals and tubers,"Maize (white, dry)",440,KG,actual,Retail,KES,50,0.39
2025-12-15,Rift Valley,Turkana,Kakuma 3,3251,3.77,34.82,cereals and tubers,Maize flour (white),134,KG,actual,Retail,KES,80,0.62
2025-12-15,Rift Valley,Turkana,Kakuma 3,3251,3.77,34.82,cereals and tubers,Rice (aromatic),894,KG,actual,Retail,KES,130,1.01
2025-12-15,Rift Valley,Turkana,Kakuma 3,3251,3.77,34.82,cereals and tubers,Wheat flour,58,KG,actual,Retail,KES,93,0.72
2025-12-15,Rift Valley,Turkana,Kakuma 3,3251,3.77,34.82,milk and dairy,"Milk (cow, pasteurized)",472,L,actual,Retail,KES,160,1.24
2025-12-15,Rift Valley,Turkana,Kakuma 3,3251,3.77,34.82,miscellaneous food,Salt,185,200 G,actual,Retail,KES,20,0.16
2025-12-15,Rift Valley,Turkana,Kakuma 3,3251,3.77,34.82,miscellaneous food,Sugar,97,KG,actual,Retail,KES,160,1.24
2025-12-15,Rift Valley,Turkana,Kakuma 3,3251,3.77,34.82,oil and fats,"Oil (vegetable, fortified)",494,L,actual,Retail,KES,250,1.94
2025-12-15,Rift Valley,Turkana,Kakuma 3,3251,3.77,34.82,pulses and nuts,Cowpeas (dry),901,KG,actual,Retail,KES,157,1.22
2025-12-15,Rift Valley,Turkana,Kakuma 3,3251,3.77,34.82,vegetables and fruits,Kale,796,KG,actual,Retail,KES,100,0.78
2025-12-15,Rift Valley,Turkana,Kakuma 4,3249,3.74,34.81,cereals and tubers,"Maize (white, dry)",440,KG,actual,Retail,KES,67,0.52
2025-12-15,Rift Valley,Turkana,Kakuma 4,3249,3.74,34.81,cereals and tubers,Maize flour (white),134,KG,actual,Retail,KES,73,0.57
2025-12-15,Rift Valley,Turkana,Kakuma 4,3249,3.74,34.81,cereals and tubers,Rice (aromatic),894,KG,actual,Retail,KES,103,0.8
2025-12-15,Rift Valley,Turkana,Kakuma 4,3249,3.74,34.81,cereals and tubers,Wheat flour,58,KG,actual,Retail,KES,90,0.7
2025-12-15,Rift Valley,Turkana,Kakuma 4,3249,3.74,34.81,milk and dairy,"Milk (cow, pasteurized)",472,L,actual,Retail,KES,200,1.55
2025-12-15,Rift Valley,Turkana,Kakuma 4,3249,3.74,34.81,miscellaneous food,Salt,185,200 G,actual,Retail,KES,18,0.14
2025-12-15,Rift Valley,Turkana,Kakuma 4,3249,3.74,34.81,miscellaneous food,Sugar,97,KG,actual,Retail,KES,167,1.29
2025-12-15,Rift Valley,Turkana,Kakuma 4,3249,3.74,34.81,oil and fats,"Oil (vegetable, fortified)",494,L,actual,Retail,KES,293,2.27
2025-12-15,Rift Valley,Turkana,Kakuma 4,3249,3.74,34.81,pulses and nuts,Cowpeas (dry),901,KG,actual,Retail,KES,80,0.62
2025-12-15,Rift Valley,Turkana,Kakuma 4,3249,3.74,34.81,vegetables and fruits,Kale,796,KG,actual,Retail,KES,118,0.91
2025-12-15,Rift Valley,Turkana,Kakuma town,3256,3.71,34.86,cereals and tubers,"Maize (white, dry)",440,KG,actual,Retail,KES,60,0.47
2025-12-15,Rift Valley,Turkana,Kakuma town,3256,3.71,34.86,cereals and tubers,Maize flour (white),134,KG,actual,Retail,KES,70,0.54
2025-12-15,Rift Valley,Turkana,Kakuma town,3256,3.71,34.86,cereals and tubers,Rice (aromatic),894,KG,actual,Retail,KES,100,0.78
2025-12-15,Rift Valley,Turkana,Kakuma town,3256,3.71,34.86,cereals and tubers,Wheat flour,58,KG,actual,Retail,KES,100,0.78
2025-12-15,Rift Valley,Turkana,Kakuma town,3256,3.71,34.86,milk and dairy,"Milk (cow, pasteurized)",472,L,actual,Retail,KES,257,1.99
2025-12-15,Rift Valley,Turkana,Kakuma town,3256,3.71,34.86,miscellaneous food,Salt,185,200 G,actual,Retail,KES,16,0.12
2025-12-15,Rift Valley,Turkana,Kakuma town,3256,3.71,34.86,miscellaneous food,Sugar,97,KG,actual,Retail,KES,165,1.28
2025-12-15,Rift Valley,Turkana,Kakuma town,3256,3.71,34.86,oil and fats,"Oil (vegetable, fortified)",494,L,actual,Retail,KES,258,2
2025-12-15,Rift Valley,Turkana,Kakuma town,3256,3.71,34.86,vegetables and fruits,Kale,796,KG,actual,Retail,KES,50,0.39
2025-12-15,Rift Valley,Turkana,Kakuma town,3256,3.71,34.86,vegetables and fruits,Spinach,404,KG,actual,Retail,KES,50,0.39
2025-12-15,Rift Valley,Turkana,Kalobeyei (Village 1),3244,3.77,34.73,cereals and tubers,"Maize (white, dry)",440,KG,actual,Retail,KES,53,0.41
2025-12-15,Rift Valley,Turkana,Kalobeyei (Village 1),3244,3.77,34.73,cereals and tubers,Maize flour (white),134,KG,actual,Retail,KES,83,0.64
2025-12-15,Rift Valley,Turkana,Kalobeyei (Village 1),3244,3.77,34.73,cereals and tubers,Rice (aromatic),894,KG,actual,Retail,KES,100,0.78
2025-12-15,Rift Valley,Turkana,Kalobeyei (Village 1),3244,3.77,34.73,cereals and tubers,Wheat flour,58,KG,actual,Retail,KES,90,0.7
2025-12-15,Rift Valley,Turkana,Kalobeyei (Village 1),3244,3.77,34.73,milk and dairy,"Milk (cow, pasteurized)",472,L,actual,Retail,KES,160,1.24
2025-12-15,Rift Valley,Turkana,Kalobeyei (Village 1),3244,3.77,34.73,miscellaneous food,Salt,185,200 G,actual,Retail,KES,15,0.12
2025-12-15,Rift Valley,Turkana,Kalobeyei (Village 1),3244,3.77,34.73,miscellaneous food,Sugar,97,KG,actual,Retail,KES,160,1.24
2025-12-15,Rift Valley,Turkana,Kalobeyei (Village 1),3244,3.77,34.73,oil and fats,"Oil (vegetable, fortified)",494,L,actual,Retail,KES,267,2.07
2025-12-15,Rift Valley,Turkana,Kalobeyei (Village 1),3244,3.77,34.73,pulses and nuts,Beans,50,KG,actual,Retail,KES,100,0.78
2025-12-15,Rift Valley,Turkana,Kalobeyei (Village 1),3244,3.77,34.73,pulses and nuts,Cowpeas (dry),901,KG,actual,Retail,KES,165,1.28
2025-12-15,Rift Valley,Turkana,Kalobeyei (Village 1),3244,3.77,34.73,vegetables and fruits,Kale,796,KG,actual,Retail,KES,90,0.7
2025-12-15,Rift Valley,Turkana,Kalobeyei (Village 2),3246,3.76,34.75,cereals and tubers,"Maize (white, dry)",440,KG,actual,Retail,KES,53,0.41
2025-12-15,Rift Valley,Turkana,Kalobeyei (Village 2),3246,3.76,34.75,cereals and tubers,Maize flour (white),134,KG,actual,Retail,KES,80,0.62
2025-12-15,Rift Valley,Turkana,Kalobeyei (Village 2),3246,3.76,34.75,cereals and tubers,Rice (aromatic),894,KG,actual,Retail,KES,100,0.78
2025-12-15,Rift Valley,Turkana,Kalobeyei (Village 2),3246,3.76,34.75,cereals and tubers,Wheat flour,58,KG,actual,Retail,KES,93,0.72
2025-12-15,Rift Valley,Turkana,Kalobeyei (Village 2),3246,3.76,34.75,milk and dairy,"Milk (cow, pasteurized)",472,L,actual,Retail,KES,120,0.93
2025-12-15,Rift Valley,Turkana,Kalobeyei (Village 2),3246,3.76,34.75,miscellaneous food,Sugar,97,KG,actual,Retail,KES,153,1.19
2025-12-15,Rift Valley,Turkana,Kalobeyei (Village 2),3246,3.76,34.75,oil and fats,"Oil (vegetable, fortified)",494,L,actual,Retail,KES,267,2.07
2025-12-15,Rift Valley,Turkana,Kalobeyei (Village 2),3246,3.76,34.75,pulses and nuts,Beans,50,KG,actual,Retail,KES,100,0.78
2025-12-15,Rift Valley,Turkana,Kalobeyei (Village 2),3246,3.76,34.75,pulses and nuts,Cowpeas (dry),901,KG,actual,Retail,KES,143,1.11
2025-12-15,Rift Valley,Turkana,Kalobeyei (Village 3),3247,3.75,34.76,cereals and tubers,"Maize (white, dry)",440,KG,actual,Retail,KES,60,0.47
2025-12-15,Rift Valley,Turkana,Kalobeyei (Village 3),3247,3.75,34.76,cereals and tubers,Maize flour (white),134,KG,actual,Retail,KES,80,0.62
2025-12-15,Rift Valley,Turkana,Kalobeyei (Village 3),3247,3.75,34.76,cereals and tubers,Rice (aromatic),894,KG,actual,Retail,KES,100,0.78
2025-12-15,Rift Valley,Turkana,Kalobeyei (Village 3),3247,3.75,34.76,cereals and tubers,Wheat flour,58,KG,actual,Retail,KES,97,0.75
2025-12-15,Rift Valley,Turkana,Kalobeyei (Village 3),3247,3.75,34.76,milk and dairy,"Milk (cow, pasteurized)",472,L,actual,Retail,KES,137,1.06
2025-12-15,Rift Valley,Turkana,Kalobeyei (Village 3),3247,3.75,34.76,miscellaneous food,Salt,185,200 G,actual,Retail,KES,15,0.12
2025-12-15,Rift Valley,Turkana,Kalobeyei (Village 3),3247,3.75,34.76,miscellaneous food,Sugar,97,KG,actual,Retail,KES,157,1.22
2025-12-15,Rift Valley,Turkana,Kalobeyei (Village 3),3247,3.75,34.76,oil and fats,"Oil (vegetable, fortified)",494,L,actual,Retail,KES,283,2.19
2025-12-15,Rift Valley,Turkana,Kalobeyei (Village 3),3247,3.75,34.76,pulses and nuts,Beans,50,KG,actual,Retail,KES,107,0.83
2025-12-15,Rift Valley,Turkana,Kalobeyei (Village 3),3247,3.75,34.76,pulses and nuts,Cowpeas (dry),901,KG,actual,Retail,KES,155,1.2
2025-12-15,Rift Valley,Turkana,Kalobeyei (Village 3),3247,3.75,34.76,vegetables and fruits,Kale,796,KG,actual,Retail,KES,100,0.78
2025-12-15,Rift Valley,Turkana,Katilia,6898,2.14,36.14,miscellaneous food,Salt,185,200 G,actual,Retail,KES,30,0.23
2025-12-15,Rift Valley,Turkana,Katilia,6898,2.14,36.14,miscellaneous food,Sugar,97,KG,actual,Retail,KES,150,1.16
2025-12-15,Rift Valley,Turkana,Katilia,6898,2.14,36.14,oil and fats,"Oil (vegetable, fortified)",494,L,actual,Retail,KES,300,2.33
2025-12-15,Rift Valley,Turkana,Katilia,6898,2.14,36.14,vegetables and fruits,Kale,796,KG,actual,Retail,KES,50,0.39
2025-12-15,Rift Valley,Turkana,Lodwar town,3360,3.12,35.6,cereals and tubers,"Maize (white, dry)",440,KG,actual,Retail,KES,93,0.72
2025-12-15,Rift Valley,Turkana,Lodwar town,3360,3.12,35.6,cereals and tubers,Maize flour (white),134,KG,actual,Retail,KES,110,0.85
2025-12-15,Rift Valley,Turkana,Lodwar town,3360,3.12,35.6,cereals and tubers,Rice (aromatic),894,KG,actual,Retail,KES,120,0.93
2025-12-15,Rift Valley,Turkana,Lodwar town,3360,3.12,35.6,cereals and tubers,Wheat flour,58,KG,actual,Retail,KES,115,0.89
2025-12-15,Rift Valley,Turkana,Lodwar town,3360,3.12,35.6,milk and dairy,"Milk (cow, pasteurized)",472,L,actual,Retail,KES,100,0.78
2025-12-15,Rift Valley,Turkana,Lodwar town,3360,3.12,35.6,miscellaneous food,Salt,185,200 G,actual,Retail,KES,16,0.12
2025-12-15,Rift Valley,Turkana,Lodwar town,3360,3.12,35.6,miscellaneous food,Sugar,97,KG,actual,Retail,KES,198,1.53
2025-12-15,Rift Valley,Turkana,Lodwar town,3360,3.12,35.6,oil and fats,"Oil (vegetable, fortified)",494,L,actual,Retail,KES,256,1.98
2025-12-15,Rift Valley,Turkana,Lodwar town,3360,3.12,35.6,pulses and nuts,Beans,50,KG,actual,Retail,KES,147,1.14
2025-12-15,Rift Valley,Turkana,Lodwar town,3360,3.12,35.6,vegetables and fruits,Kale,796,KG,actual,Retail,KES,90,0.7
2025-12-15,Rift Valley,Turkana,Lodwar town,3360,3.12,35.6,vegetables and fruits,Spinach,404,KG,actual,Retail,KES,100,0.78
2026-01-15,Nairobi,Nairobi,Kangemi (Nairobi),4626,-1.27,36.74,cereals and tubers,"Maize (white, dry)",440,90 KG,actual,Wholesale,KES,4350.6,33.74
2026-01-15,Nairobi,Nairobi,Kangemi (Nairobi),4626,-1.27,36.74,cereals and tubers,Rice (aromatic),894,50 KG,actual,Wholesale,KES,7875,61.07
2026-01-15,Nairobi,Nairobi,Kangemi (Nairobi),4626,-1.27,36.74,pulses and nuts,Beans (dolichos),896,90 KG,actual,Wholesale,KES,8051,62.44
2026-01-15,Nairobi,Nairobi,Kangemi (Nairobi),4626,-1.27,36.74,pulses and nuts,Beans (rosecoco),897,90 KG,actual,Wholesale,KES,9800,76
2026-01-15,Nairobi,Nairobi,Kangemi (Nairobi),4626,-1.27,36.74,vegetables and fruits,Tomatoes,114,64 KG,actual,Wholesale,KES,3938.56,30.54
2026-01-15,Nyanza,Kisumu,Kibuye (Kisumu),5671,-0.09,34.77,cereals and tubers,"Maize (white, dry)",440,90 KG,actual,Wholesale,KES,4400.1,34.12
2026-01-15,Nyanza,Kisumu,Kibuye (Kisumu),5671,-0.09,34.77,cereals and tubers,"Potatoes (Irish, white)",891,50 KG,actual,Wholesale,KES,4750,36.84
2026-01-15,Nyanza,Kisumu,Kibuye (Kisumu),5671,-0.09,34.77,vegetables and fruits,Tomatoes,114,64 KG,actual,Wholesale,KES,5943.04,46.09
2026-02-15,Nairobi,Nairobi,Kangemi (Nairobi),4626,-1.27,36.74,cereals and tubers,"Maize (white, dry)",440,90 KG,actual,Wholesale,KES,4599.9,35.66
2026-02-15,Nairobi,Nairobi,Kangemi (Nairobi),4626,-1.27,36.74,cereals and tubers,Rice (aromatic),894,50 KG,actual,Wholesale,KES,7250,56.2
2026-02-15,Nairobi,Nairobi,Kangemi (Nairobi),4626,-1.27,36.74,pulses and nuts,Beans (dolichos),896,90 KG,actual,Wholesale,KES,10250.1,79.46
2026-02-15,Nairobi,Nairobi,Kangemi (Nairobi),4626,-1.27,36.74,pulses and nuts,Beans (rosecoco),897,90 KG,actual,Wholesale,KES,11600,89.92
2026-02-15,Nairobi,Nairobi,Kangemi (Nairobi),4626,-1.27,36.74,pulses and nuts,Cowpeas,218,90 KG,actual,Wholesale,KES,9800,75.97
2026-02-15,Nairobi,Nairobi,Kangemi (Nairobi),4626,-1.27,36.74,vegetables and fruits,Onions (dry),892,13 KG,actual,Wholesale,KES,2535,19.65
2026-02-15,Nairobi,Nairobi,Kangemi (Nairobi),4626,-1.27,36.74,vegetables and fruits,Tomatoes,114,64 KG,actual,Wholesale,KES,4430.72,34.35
2026-02-15,Nyanza,Kisumu,Kibuye (Kisumu),5671,-0.09,34.77,cereals and tubers,"Maize (white, dry)",440,90 KG,actual,Wholesale,KES,5200.2,40.31
2026-02-15,Nyanza,Kisumu,Kibuye (Kisumu),5671,-0.09,34.77,cereals and tubers,"Potatoes (Irish, white)",891,50 KG,actual,Wholesale,KES,5750,44.57
2026-02-15,Nyanza,Kisumu,Kibuye (Kisumu),5671,-0.09,34.77,vegetables and fruits,Tomatoes,114,64 KG,actual,Wholesale,KES,6971.52,54.04
2026-03-15,Coast,Kilifi,Dzikunze,10389,-3.25,39.75,milk and dairy,"Milk (cow, pasteurized)",472,L,actual,Retail,KES,140,1.08
2026-03-15,Coast,Kilifi,Dzikunze,10389,-3.25,39.75,miscellaneous food,Salt,185,200 G,actual,Retail,KES,13,0.1
2026-03-15,Coast,Kilifi,Dzikunze,10389,-3.25,39.75,oil and fats,"Oil (vegetable, fortified)",494,L,actual,Retail,KES,260,2.01
2026-03-15,Coast,Kilifi,Matanomanne,10392,-3.4,39.78,milk and dairy,"Milk (cow, pasteurized)",472,L,actual,Retail,KES,148,1.14
2026-03-15,Coast,Kilifi,Matanomanne,10392,-3.4,39.78,miscellaneous food,Salt,185,200 G,actual,Retail,KES,10,0.077
2026-03-15,Coast,Kilifi,Matanomanne,10392,-3.4,39.78,oil and fats,"Oil (vegetable, fortified)",494,L,actual,Retail,KES,255,1.97
2026-03-15,Coast,Tana River,Bangale,10438,-0.72,39.02,milk and dairy,"Milk (cow, pasteurized)",472,L,actual,Retail,KES,93,0.72
2026-03-15,Coast,Tana River,Bangale,10438,-0.72,39.02,miscellaneous food,Salt,185,200 G,actual,Retail,KES,10,0.077
2026-03-15,Coast,Tana River,Bangale,10438,-0.72,39.02,oil and fats,"Oil (vegetable, fortified)",494,L,actual,Retail,KES,294,2.27
2026-03-15,Coast,Tana River,Boka,10440,-0.34,38.78,milk and dairy,"Milk (cow, pasteurized)",472,L,actual,Retail,KES,100,0.77
2026-03-15,Coast,Tana River,Boka,10440,-0.34,38.78,miscellaneous food,Salt,185,200 G,actual,Retail,KES,11,0.085
2026-03-15,Coast,Tana River,Boka,10440,-0.34,38.78,oil and fats,"Oil (vegetable, fortified)",494,L,actual,Retail,KES,265,2.05
2026-03-15,Coast,Tana River,Bura,10442,-1.19,39.84,milk and dairy,"Milk (cow, pasteurized)",472,L,actual,Retail,KES,171,1.32
2026-03-15,Coast,Tana River,Bura,10442,-1.19,39.84,miscellaneous food,Salt,185,200 G,actual,Retail,KES,15.5,0.12
2026-03-15,Coast,Tana River,Bura,10442,-1.19,39.84,oil and fats,"Oil (vegetable, fortified)",494,L,actual,Retail,KES,303,2.34
2026-03-15,Coast,Tana River,Charidende,10443,-0.78,39.67,milk and dairy,"Milk (cow, pasteurized)",472,L,actual,Retail,KES,110,0.85
2026-03-15,Coast,Tana River,Charidende,10443,-0.78,39.67,miscellaneous food,Salt,185,200 G,actual,Retail,KES,10,0.077
2026-03-15,Coast,Tana River,Charidende,10443,-0.78,39.67,oil and fats,"Oil (vegetable, fortified)",494,L,actual,Retail,KES,290,2.24
2026-03-15,Coast,Tana River,Garsen,10448,-2.27,40.11,milk and dairy,"Milk (cow, pasteurized)",472,L,actual,Retail,KES,140,1.08
2026-03-15,Coast,Tana River,Garsen,10448,-2.27,40.11,miscellaneous food,Salt,185,200 G,actual,Retail,KES,20,0.15
2026-03-15,Coast,Tana River,Garsen,10448,-2.27,40.11,oil and fats,"Oil (vegetable, fortified)",494,L,actual,Retail,KES,163,1.26
2026-03-15,Coast,Tana River,Hola town,3359,-1.5,40.03,milk and dairy,"Milk (cow, pasteurized)",472,L,actual,Retail,KES,233,1.8
2026-03-15,Coast,Tana River,Hola town,3359,-1.5,40.03,miscellaneous food,Salt,185,200 G,actual,Retail,KES,11,0.085
2026-03-15,Coast,Tana River,Hola town,3359,-1.5,40.03,oil and fats,"Oil (vegetable, fortified)",494,L,actual,Retail,KES,295,2.28
2026-03-15,Coast,Tana River,Kipini,10450,-2.53,40.53,milk and dairy,"Milk (cow, pasteurized)",472,L,actual,Retail,KES,140,1.08
2026-03-15,Coast,Tana River,Kipini,10450,-2.53,40.53,miscellaneous food,Salt,185,200 G,actual,Retail,KES,20,0.15
2026-03-15,Coast,Tana River,Kipini,10450,-2.53,40.53,oil and fats,"Oil (vegetable, fortified)",494,L,actual,Retail,KES,240,1.86
2026-03-15,Coast,Tana River,Makere,10445,-1.33,40.01,miscellaneous food,Salt,185,200 G,actual,Retail,KES,10,0.077
2026-03-15,Coast,Tana River,Makere,10445,-1.33,40.01,oil and fats,"Oil (vegetable, fortified)",494,L,actual,Retail,KES,283,2.19
2026-03-15,Coast,Tana River,Masalani,10366,-1.7,40.17,milk and dairy,"Milk (cow, pasteurized)",472,L,actual,Retail,KES,193,1.49
2026-03-15,Coast,Tana River,Masalani,10366,-1.7,40.17,miscellaneous food,Salt,185,200 G,actual,Retail,KES,17,0.13
2026-03-15,Coast,Tana River,Masalani,10366,-1.7,40.17,oil and fats,"Oil (vegetable, fortified)",494,L,actual,Retail,KES,303,2.34
2026-03-15,Coast,Tana River,Minjila,10449,-2.32,40.11,milk and dairy,"Milk (cow, pasteurized)",472,L,actual,Retail,KES,140,1.08
2026-03-15,Coast,Tana River,Minjila,10449,-2.32,40.11,miscellaneous food,Salt,185,200 G,actual,Retail,KES,20,0.15
2026-03-15,Coast,Tana River,Minjila,10449,-2.32,40.11,oil and fats,"Oil (vegetable, fortified)",494,L,actual,Retail,KES,300,2.32
2026-03-15,Coast,Tana River,Saka Town,10353,-0.14,39.33,miscellaneous food,Salt,185,200 G,actual,Retail,KES,16,0.12
2026-03-15,Coast,Tana River,Saka Town,10353,-0.14,39.33,oil and fats,"Oil (vegetable, fortified)",494,L,actual,Retail,KES,300,2.32
2026-03-15,Coast,Tana River,Tarasaa,10451,-2.44,40.17,milk and dairy,"Milk (cow, pasteurized)",472,L,actual,Retail,KES,160,1.24
2026-03-15,Coast,Tana River,Tarasaa,10451,-2.44,40.17,miscellaneous food,Salt,185,200 G,actual,Retail,KES,20,0.15
2026-03-15,Coast,Tana River,Tarasaa,10451,-2.44,40.17,oil and fats,"Oil (vegetable, fortified)",494,L,actual,Retail,KES,231.5,1.79
2026-03-15,Eastern,Isiolo,Benane,10368,0.5,38.66,miscellaneous food,Salt,185,200 G,actual,Retail,KES,20,0.15
2026-03-15,Eastern,Isiolo,Benane,10368,0.5,38.66,oil and fats,"Oil (vegetable, fortified)",494,L,actual,Retail,KES,300,2.32
2026-03-15,Eastern,Isiolo,Garbatulla,10384,0.53,38.51,milk and dairy,"Milk (cow, pasteurized)",472,L,actual,Retail,KES,140,1.08
2026-03-15,Eastern,Isiolo,Garbatulla,10384,0.53,38.51,miscellaneous food,Salt,185,200 G,actual,Retail,KES,15,0.12
2026-03-15,Eastern,Isiolo,Garbatulla,10384,0.53,38.51,oil and fats,"Oil (vegetable, fortified)",494,L,actual,Retail,KES,290,2.24
2026-03-15,Eastern,Isiolo,Isiolo town,3262,0.35,37.58,milk and dairy,"Milk (cow, pasteurized)",472,L,actual,Retail,KES,130,1.01
2026-03-15,Eastern,Isiolo,Isiolo town,3262,0.35,37.58,miscellaneous food,Salt,185,200 G,actual,Retail,KES,16,0.12
2026-03-15,Eastern,Isiolo,Isiolo town,3262,0.35,37.58,oil and fats,"Oil (vegetable, fortified)",494,L,actual,Retail,KES,259,2
2026-03-15,Eastern,Isiolo,Kipsing CENTER,10376,0.6,37.25,milk and dairy,"Milk (cow, pasteurized)",472,L,actual,Retail,KES,133,1.03
2026-03-15,Eastern,Isiolo,Kipsing CENTER,10376,0.6,37.25,miscellaneous food,Salt,185,200 G,actual,Retail,KES,13,0.1
2026-03-15,Eastern,Isiolo,Kipsing CENTER,10376,0.6,37.25,oil and fats,"Oil (vegetable, fortified)",494,L,actual,Retail,KES,300,2.32
2026-03-15,Eastern,Isiolo,Merti CENTER,10378,1.07,38.67,milk and dairy,"Milk (cow, pasteurized)",472,L,actual,Retail,KES,160,1.24
2026-03-15,Eastern,Isiolo,Merti CENTER,10378,1.07,38.67,miscellaneous food,Salt,185,200 G,actual,Retail,KES,18,0.14
2026-03-15,Eastern,Isiolo,Merti CENTER,10378,1.07,38.67,oil and fats,"Oil (vegetable, fortified)",494,L,actual,Retail,KES,270,2.09
2026-03-15,Eastern,Isiolo,Modogashe,10371,0.73,39.17,miscellaneous food,Salt,185,200 G,actual,Retail,KES,20,0.15
2026-03-15,Eastern,Isiolo,Modogashe,10371,0.73,39.17,oil and fats,"Oil (vegetable, fortified)",494,L,actual,Retail,KES,350,2.71
2026-03-15,Eastern,Isiolo,Oldonyiro,10380,0.62,36.99,milk and dairy,"Milk (cow, pasteurized)",472,L,actual,Retail,KES,130,1.01
2026-03-15,Eastern,Isiolo,Oldonyiro,10380,0.62,36.99,miscellaneous food,Salt,185,200 G,actual,Retail,KES,15,0.12
2026-03-15,Eastern,Isiolo,Oldonyiro,10380,0.62,36.99,oil and fats,"Oil (vegetable, fortified)",494,L,actual,Retail,KES,300,2.32
2026-03-15,Eastern,Marsabit,Kargi South Horr,10401,2.1,36.92,milk and dairy,"Milk (cow, pasteurized)",472,L,actual,Retail,KES,123,0.95
2026-03-15,Eastern,Marsabit,Kargi South Horr,10401,2.1,36.92,miscellaneous food,Salt,185,200 G,actual,Retail,KES,16,0.12
2026-03-15,Eastern,Marsabit,Kargi South Horr,10401,2.1,36.92,oil and fats,"Oil (vegetable, fortified)",494,L,actual,Retail,KES,280,2.17
2026-03-15,Eastern,Marsabit,Loyangalani,6226,2.76,36.72,milk and dairy,"Milk (cow, pasteurized)",472,L,actual,Retail,KES,134,1.04
2026-03-15,Eastern,Marsabit,Loyangalani,6226,2.76,36.72,miscellaneous food,Salt,185,200 G,actual,Retail,KES,15,0.12
2026-03-15,Eastern,Marsabit,Loyangalani,6226,2.76,36.72,oil and fats,"Oil (vegetable, fortified)",494,L,actual,Retail,KES,309,2.39
2026-03-15,Eastern,Meru North,Kiwanja,10372,0.44,37.6,milk and dairy,"Milk (cow, pasteurized)",472,L,actual,Retail,KES,120,0.93
2026-03-15,Eastern,Meru North,Kiwanja,10372,0.44,37.6,miscellaneous food,Salt,185,200 G,actual,Retail,KES,12,0.093
2026-03-15,Eastern,Meru North,Kiwanja,10372,0.44,37.6,oil and fats,"Oil (vegetable, fortified)",494,L,actual,Retail,KES,300,2.32
2026-03-15,Eastern,Meru North,Ngaremara,10379,0.5,37.64,milk and dairy,"Milk (cow, pasteurized)",472,L,actual,Retail,KES,107,0.83
2026-03-15,Eastern,Meru North,Ngaremara,10379,0.5,37.64,miscellaneous food,Salt,185,200 G,actual,Retail,KES,12,0.093
2026-03-15,Eastern,Meru North,Ngaremara,10379,0.5,37.64,oil and fats,"Oil (vegetable, fortified)",494,L,actual,Retail,KES,300,2.32
2026-03-15,Eastern,Moyale,Dambala Fachana,10407,3.51,38.75,miscellaneous food,Salt,185,200 G,actual,Retail,KES,9,0.07
2026-03-15,Eastern,Moyale,Dambala Fachana,10407,3.51,38.75,oil and fats,"Oil (vegetable, fortified)",494,L,actual,Retail,KES,325,2.51
2026-03-15,Eastern,Moyale,Moyale town,3269,3.51,39.05,milk and dairy,"Milk (cow, pasteurized)",472,L,actual,Retail,KES,250,1.93
2026-03-15,Eastern,Moyale,Moyale town,3269,3.51,39.05,miscellaneous food,Salt,185,200 G,actual,Retail,KES,15,0.12
2026-03-15,Eastern,Moyale,Moyale town,3269,3.51,39.05,oil and fats,"Oil (vegetable, fortified)",494,L,actual,Retail,KES,250,1.93
2026-03-15,Eastern,Moyale,Sololo,6229,3.56,38.65,miscellaneous food,Salt,185,200 G,actual,Retail,KES,14,0.11
2026-03-15,Eastern,Moyale,Sololo,6229,3.56,38.65,oil and fats,"Oil (vegetable, fortified)",494,L,actual,Retail,KES,278,2.15
2026-03-15,Nairobi,Nairobi,Kangemi (Nairobi),4626,-1.27,36.74,cereals and tubers,"Maize (white, dry)",440,90 KG,actual,Wholesale,KES,4500,34.8
2026-03-15,Nairobi,Nairobi,Kangemi (Nairobi),4626,-1.27,36.74,cereals and tubers,Rice (aromatic),894,50 KG,actual,Wholesale,KES,9000,69.6
2026-03-15,Nairobi,Nairobi,Kangemi (Nairobi),4626,-1.27,36.74,pulses and nuts,Beans (dolichos),896,90 KG,actual,Wholesale,KES,13500,104.39
2026-03-15,Nairobi,Nairobi,Kangemi (Nairobi),4626,-1.27,36.74,vegetables and fruits,Onions (dry),892,13 KG,actual,Wholesale,KES,1040,8.04
2026-03-15,Nairobi,Nairobi,Kangemi (Nairobi),4626,-1.27,36.74,vegetables and fruits,Tomatoes,114,64 KG,actual,Wholesale,KES,3108.48,24.04
2026-03-15,North Eastern,Garissa,Alinjugur,10362,-0.03,40.46,milk and dairy,"Milk (cow, pasteurized)",472,L,actual,Retail,KES,170,1.31
2026-03-15,North Eastern,Garissa,Baraki,10367,0.65,39.58,miscellaneous food,Salt,185,200 G,actual,Retail,KES,20,0.15
2026-03-15,North Eastern,Garissa,Baraki,10367,0.65,39.58,oil and fats,"Oil (vegetable, fortified)",494,L,actual,Retail,KES,333,2.58
2026-03-15,North Eastern,Garissa,Dadaab town,3243,0.06,40.31,milk and dairy,"Milk (cow, pasteurized)",472,L,actual,Retail,KES,100,0.77
2026-03-15,North Eastern,Garissa,Dadaab town,3243,0.06,40.31,oil and fats,"Oil (vegetable, fortified)",494,L,actual,Retail,KES,350,2.71
2026-03-15,North Eastern,Garissa,Dagahaley (Daadab),3252,0.19,40.29,milk and dairy,"Milk (cow, pasteurized)",472,L,actual,Retail,KES,163,1.26
2026-03-15,North Eastern,Garissa,Dagahaley (Daadab),3252,0.19,40.29,oil and fats,"Oil (vegetable, fortified)",494,L,actual,Retail,KES,274,2.12
2026-03-15,North Eastern,Garissa,Dertu,10358,0.28,39.8,milk and dairy,"Milk (cow, pasteurized)",472,L,actual,Retail,KES,200,1.55
2026-03-15,North Eastern,Garissa,Dertu,10358,0.28,39.8,miscellaneous food,Salt,185,200 G,actual,Retail,KES,23,0.18
2026-03-15,North Eastern,Garissa,Dertu,10358,0.28,39.8,oil and fats,"Oil (vegetable, fortified)",494,L,actual,Retail,KES,290,2.24
2026-03-15,North Eastern,Garissa,Garissa,1855,-0.46,39.65,miscellaneous food,Salt,185,200 G,actual,Retail,KES,15,0.12
2026-03-15,North Eastern,Garissa,Garissa,1855,-0.46,39.65,oil and fats,"Oil (vegetable, fortified)",494,L,actual,Retail,KES,290,2.24
2026-03-15,North Eastern,Garissa,Hagadera (Daadab),3254,0.01,40.37,milk and dairy,"Milk (cow, pasteurized)",472,L,actual,Retail,KES,150,1.16
2026-03-15,North Eastern,Garissa,Hagadera (Daadab),3254,0.01,40.37,oil and fats,"Oil (vegetable, fortified)",494,L,actual,Retail,KES,278,2.15
2026-03-15,North Eastern,Garissa,IFO (Daadab),3255,0.11,40.32,milk and dairy,"Milk (cow, pasteurized)",472,L,actual,Retail,KES,165,1.28
2026-03-15,North Eastern,Garissa,IFO (Daadab),3255,0.11,40.32,oil and fats,"Oil (vegetable, fortified)",494,L,actual,Retail,KES,250,1.93
2026-03-15,North Eastern,Garissa,Jarajara,10352,-0.04,39.01,miscellaneous food,Salt,185,200 G,actual,Retail,KES,10,0.077
2026-03-15,North Eastern,Garissa,Jarajara,10352,-0.04,39.01,oil and fats,"Oil (vegetable, fortified)",494,L,actual,Retail,KES,317,2.45
2026-03-15,North Eastern,Garissa,Maalamin,10370,0.38,39.35,miscellaneous food,Salt,185,200 G,actual,Retail,KES,20,0.15
2026-03-15,North Eastern,Garissa,Maalamin,10370,0.38,39.35,oil and fats,"Oil (vegetable, fortified)",494,L,actual,Retail,KES,300,2.32
2026-03-15,North Eastern,Garissa,Nanigi,10361,-0.85,39.87,milk and dairy,"Milk (cow, pasteurized)",472,L,actual,Retail,KES,176,1.36
2026-03-15,North Eastern,Garissa,Nanigi,10361,-0.85,39.87,miscellaneous food,Salt,185,200 G,actual,Retail,KES,17,0.13
2026-03-15,North Eastern,Garissa,Nanigi,10361,-0.85,39.87,oil and fats,"Oil (vegetable, fortified)",494,L,actual,Retail,KES,328,2.54
2026-03-15,North Eastern,Ijara,Kotile,10365,-1.97,40.21,milk and dairy,"Milk (cow, pasteurized)",472,L,actual,Retail,KES,120,0.93
2026-03-15,North Eastern,Ijara,Kotile,10365,-1.97,40.21,miscellaneous food,Salt,185,200 G,actual,Retail,KES,22,0.17
2026-03-15,North Eastern,Ijara,Kotile,10365,-1.97,40.21,oil and fats,"Oil (vegetable, fortified)",494,L,actual,Retail,KES,352,2.72
2026-03-15,North Eastern,Mandera,Mandera town,3357,3.94,41.85,miscellaneous food,Salt,185,200 G,actual,Retail,KES,22,0.17
2026-03-15,North Eastern,Mandera,Mandera town,3357,3.94,41.85,oil and fats,"Oil (vegetable, fortified)",494,L,actual,Retail,KES,250,1.93
2026-03-15,North Eastern,Wajir,Eldas,6645,2.49,39.57,milk and dairy,"Milk (cow, pasteurized)",472,L,actual,Retail,KES,160,1.24
2026-03-15,North Eastern,Wajir,Eldas,6645,2.49,39.57,miscellaneous food,Salt,185,200 G,actual,Retail,KES,20,0.15
2026-03-15,North Eastern,Wajir,Eldas,6645,2.49,39.57,oil and fats,"Oil (vegetable, fortified)",494,L,actual,Retail,KES,325,2.51
2026-03-15,North Eastern,Wajir,Habaswein,6651,1.02,39.49,miscellaneous food,Salt,185,200 G,actual,Retail,KES,10,0.077
2026-03-15,North Eastern,Wajir,Habaswein,6651,1.02,39.49,oil and fats,"Oil (vegetable, fortified)",494,L,actual,Retail,KES,300,2.32
2026-03-15,North Eastern,Wajir,Hadado,6656,1.53,39.43,milk and dairy,"Milk (cow, pasteurized)",472,L,actual,Retail,KES,167,1.29
2026-03-15,North Eastern,Wajir,Hadado,6656,1.53,39.43,miscellaneous food,Salt,185,200 G,actual,Retail,KES,19,0.15
2026-03-15,North Eastern,Wajir,Hadado,6656,1.53,39.43,oil and fats,"Oil (vegetable, fortified)",494,L,actual,Retail,KES,325,2.51
2026-03-15,Nyanza,Kisumu,Kibuye (Kisumu),5671,-0.09,34.77,cereals and tubers,"Maize (white, dry)",440,90 KG,actual,Wholesale,KES,5200.2,40.21
2026-03-15,Nyanza,Kisumu,Kibuye (Kisumu),5671,-0.09,34.77,cereals and tubers,"Potatoes (Irish, white)",891,50 KG,actual,Wholesale,KES,5600,43.3
2026-03-15,Nyanza,Kisumu,Kibuye (Kisumu),5671,-0.09,34.77,vegetables and fruits,Tomatoes,114,64 KG,actual,Wholesale,KES,9325.82,72.12
2026-03-15,Rift Valley,Samburu,Archers Post,10421,0.64,37.67,milk and dairy,"Milk (cow, pasteurized)",472,L,actual,Retail,KES,120,0.93
2026-03-15,Rift Valley,Samburu,Archers Post,10421,0.64,37.67,miscellaneous food,Salt,185,200 G,actual,Retail,KES,15,0.12
2026-03-15,Rift Valley,Samburu,Archers Post,10421,0.64,37.67,oil and fats,"Oil (vegetable, fortified)",494,L,actual,Retail,KES,266,2.06
2026-03-15,Rift Valley,Samburu,Baragoi,10426,1.65,37.03,milk and dairy,"Milk (cow, pasteurized)",472,L,actual,Retail,KES,123,0.95
2026-03-15,Rift Valley,Samburu,Baragoi,10426,1.65,37.03,miscellaneous food,Salt,185,200 G,actual,Retail,KES,16,0.12
2026-03-15,Rift Valley,Samburu,Baragoi,10426,1.65,37.03,oil and fats,"Oil (vegetable, fortified)",494,L,actual,Retail,KES,300,2.32
2026-03-15,Rift Valley,Samburu,Kisima,4526,0.95,36.77,milk and dairy,"Milk (cow, pasteurized)",472,L,actual,Retail,KES,125,0.97
2026-03-15,Rift Valley,Samburu,Kisima,4526,0.95,36.77,miscellaneous food,Salt,185,200 G,actual,Retail,KES,14,0.11
2026-03-15,Rift Valley,Samburu,Lolkuniyani,4531,1.06,37.23,milk and dairy,"Milk (cow, pasteurized)",472,L,actual,Retail,KES,120,0.93
2026-03-15,Rift Valley,Samburu,Lolkuniyani,4531,1.06,37.23,miscellaneous food,Salt,185,200 G,actual,Retail,KES,15,0.12
2026-03-15,Rift Valley,Samburu,Loosuk,4532,1.02,36.58,milk and dairy,"Milk (cow, pasteurized)",472,L,actual,Retail,KES,117,0.9
2026-03-15,Rift Valley,Samburu,Loosuk,4532,1.02,36.58,miscellaneous food,Salt,185,200 G,actual,Retail,KES,14,0.11
2026-03-15,Rift Valley,Samburu,Loosuk,4532,1.02,36.58,oil and fats,"Oil (vegetable, fortified)",494,L,actual,Retail,KES,283,2.19
2026-03-15,Rift Valley,Samburu,Maralal,4533,1.1,36.7,milk and dairy,"Milk (cow, pasteurized)",472,L,actual,Retail,KES,104,0.8
2026-03-15,Rift Valley,Samburu,Maralal,4533,1.1,36.7,miscellaneous food,Salt,185,200 G,actual,Retail,KES,16,0.12
2026-03-15,Rift Valley,Samburu,Tuum,10433,2.15,36.77,milk and dairy,"Milk (cow, pasteurized)",472,L,actual,Retail,KES,153,1.18
2026-03-15,Rift Valley,Samburu,Tuum,10433,2.15,36.77,miscellaneous food,Salt,185,200 G,actual,Retail,KES,18,0.14
2026-03-15,Rift Valley,Samburu,Tuum,10433,2.15,36.77,oil and fats,"Oil (vegetable, fortified)",494,L,actual,Retail,KES,300,2.32
2026-03-15,Rift Valley,Samburu,Wamba,4536,0.98,37.32,milk and dairy,"Milk (cow, pasteurized)",472,L,actual,Retail,KES,120,0.93
2026-03-15,Rift Valley,Samburu,Wamba,4536,0.98,37.32,miscellaneous food,Salt,185,200 G,actual,Retail,KES,10,0.077
2026-03-15,Rift Valley,Samburu,Wamba,4536,0.98,37.32,oil and fats,"Oil (vegetable, fortified)",494,L,actual,Retail,KES,300,2.32
2026-03-15,Rift Valley,Turkana,Ethiopia (Kakuma),3253,3.72,34.85,milk and dairy,"Milk (cow, pasteurized)",472,L,actual,Retail,KES,85,0.66
2026-03-15,Rift Valley,Turkana,Ethiopia (Kakuma),3253,3.72,34.85,oil and fats,"Oil (vegetable, fortified)",494,L,actual,Retail,KES,288,2.23
2026-03-15,Rift Valley,Turkana,HongKong (Kakuma),3250,3.75,34.84,milk and dairy,"Milk (cow, pasteurized)",472,L,actual,Retail,KES,87,0.67
2026-03-15,Rift Valley,Turkana,HongKong (Kakuma),3250,3.75,34.84,oil and fats,"Oil (vegetable, fortified)",494,L,actual,Retail,KES,275,2.13
2026-03-15,Rift Valley,Turkana,Kakuma 2,3248,3.75,34.82,milk and dairy,"Milk (cow, pasteurized)",472,L,actual,Retail,KES,127,0.98
2026-03-15,Rift Valley,Turkana,Kakuma 2,3248,3.75,34.82,oil and fats,"Oil (vegetable, fortified)",494,L,actual,Retail,KES,277,2.14
2026-03-15,Rift Valley,Turkana,Kakuma 3,3251,3.77,34.82,milk and dairy,"Milk (cow, pasteurized)",472,L,actual,Retail,KES,77,0.6
2026-03-15,Rift Valley,Turkana,Kakuma 3,3251,3.77,34.82,oil and fats,"Oil (vegetable, fortified)",494,L,actual,Retail,KES,296,2.29
2026-03-15,Rift Valley,Turkana,Kakuma 4,3249,3.74,34.81,oil and fats,"Oil (vegetable, fortified)",494,L,actual,Retail,KES,278,2.15
2026-03-15,Rift Valley,Turkana,Kalemgorok,10465,2.14,35.5,miscellaneous food,Salt,185,200 G,actual,Retail,KES,15,0.12
2026-03-15,Rift Valley,Turkana,Kalemgorok,10465,2.14,35.5,oil and fats,"Oil (vegetable, fortified)",494,L,actual,Retail,KES,250,1.93
2026-03-15,Rift Valley,Turkana,Kalobeyei (Village 1),3244,3.77,34.73,milk and dairy,"Milk (cow, pasteurized)",472,L,actual,Retail,KES,96,0.74
2026-03-15,Rift Valley,Turkana,Kalobeyei (Village 1),3244,3.77,34.73,oil and fats,"Oil (vegetable, fortified)",494,L,actual,Retail,KES,290,2.24
2026-03-15,Rift Valley,Turkana,Kalobeyei (Village 2),3246,3.76,34.75,milk and dairy,"Milk (cow, pasteurized)",472,L,actual,Retail,KES,80,0.62
2026-03-15,Rift Valley,Turkana,Kalobeyei (Village 2),3246,3.76,34.75,oil and fats,"Oil (vegetable, fortified)",494,L,actual,Retail,KES,285,2.2
2026-03-15,Rift Valley,Turkana,Kalobeyei (Village 3),3247,3.75,34.76,milk and dairy,"Milk (cow, pasteurized)",472,L,actual,Retail,KES,93,0.72
2026-03-15,Rift Valley,Turkana,Kalobeyei (Village 3),3247,3.75,34.76,oil and fats,"Oil (vegetable, fortified)",494,L,actual,Retail,KES,275,2.13
2026-03-15,Rift Valley,Turkana,Kang'akipur,10466,2.38,36.04,milk and dairy,"Milk (cow, pasteurized)",472,L,actual,Retail,KES,197,1.52
2026-03-15,Rift Valley,Turkana,Kang'akipur,10466,2.38,36.04,miscellaneous food,Salt,185,200 G,actual,Retail,KES,21,0.16
2026-03-15,Rift Valley,Turkana,Kang'akipur,10466,2.38,36.04,oil and fats,"Oil (vegetable, fortified)",494,L,actual,Retail,KES,247,1.91
2026-03-15,Rift Valley,Turkana,Kasuroi,10467,2.48,35.66,milk and dairy,"Milk (cow, pasteurized)",472,L,actual,Retail,KES,218,1.69
2026-03-15,Rift Valley,Turkana,Kasuroi,10467,2.48,35.66,miscellaneous food,Salt,185,200 G,actual,Retail,KES,19,0.15
2026-03-15,Rift Valley,Turkana,Kasuroi,10467,2.48,35.66,oil and fats,"Oil (vegetable, fortified)",494,L,actual,Retail,KES,308,2.38
2026-03-15,Rift Valley,Turkana,Lokichar (Turkana),5894,2.38,35.65,milk and dairy,"Milk (cow, pasteurized)",472,L,actual,Retail,KES,100,0.77
2026-03-15,Rift Valley,Turkana,Lokichar (Turkana),5894,2.38,35.65,miscellaneous food,Salt,185,200 G,actual,Retail,KES,15,0.12
2026-03-15,Rift Valley,Turkana,Lokichar (Turkana),5894,2.38,35.65,oil and fats,"Oil (vegetable, fortified)",494,L,actual,Retail,KES,300,2.32
2026-04-15,Eastern,Makueni,Kathonzweni (Makueni),5666,-1.91,37.73,cereals and tubers,"Maize (white, dry)",440,90 KG,actual,Wholesale,KES,4500,34.83
2026-04-15,Eastern,Makueni,Kathonzweni (Makueni),5666,-1.91,37.73,cereals and tubers,"Potatoes (Irish, red)",890,50 KG,actual,Wholesale,KES,3000,23.22
2026-04-15,Eastern,Makueni,Kathonzweni (Makueni),5666,-1.91,37.73,pulses and nuts,Beans (rosecoco),897,90 KG,actual,Wholesale,KES,10125,78.37
2026-04-15,Eastern,Makueni,Kathonzweni (Makueni),5666,-1.91,37.73,pulses and nuts,Cowpeas,218,90 KG,actual,Wholesale,KES,7950,61.53
2026-04-15,Eastern,Makueni,Kathonzweni (Makueni),5666,-1.91,37.73,vegetables and fruits,Cabbage,181,126 KG,actual,Wholesale,KES,3178.14,24.6
2026-04-15,Eastern,Makueni,Kathonzweni (Makueni),5666,-1.91,37.73,vegetables and fruits,Kale,796,50 KG,actual,Wholesale,KES,1666.67,12.9
2026-04-15,Eastern,Makueni,Kathonzweni (Makueni),5666,-1.91,37.73,vegetables and fruits,Onions (dry),892,13 KG,actual,Wholesale,KES,1646.67,12.75
2026-04-15,Eastern,Makueni,Kathonzweni (Makueni),5666,-1.91,37.73,vegetables and fruits,Tomatoes,114,64 KG,actual,Wholesale,KES,4266.67,33.02
2026-04-15,Nyanza,Kisumu,Kibuye (Kisumu),5671,-0.09,34.77,cereals and tubers,"Maize (white, dry)",440,90 KG,actual,Wholesale,KES,5250.15,40.64
2026-04-15,Nyanza,Kisumu,Kibuye (Kisumu),5671,-0.09,34.77,cereals and tubers,"Potatoes (Irish, white)",891,50 KG,actual,Wholesale,KES,5500,42.57
2026-04-15,Nyanza,Kisumu,Kibuye (Kisumu),5671,-0.09,34.77,vegetables and fruits,Tomatoes,114,64 KG,actual,Wholesale,KES,11428.48,88.46
2024-09-15,North Eastern,Garissa,Dagahaley (Daadab),3252,0.19,40.29,cereals and tubers,Wheat flour,58,KG,"actual,aggregate",Retail,KES,96.55,0.75
2024-09-15,North Eastern,Garissa,Dagahaley (Daadab),3252,0.19,40.29,miscellaneous food,Salt,185,200 G,"actual,aggregate",Retail,KES,10,0.078
2024-09-15,North Eastern,Garissa,Dagahaley (Daadab),3252,0.19,40.29,miscellaneous food,Sugar,97,KG,"actual,aggregate",Retail,KES,119.31,0.93
2024-09-15,North Eastern,Garissa,Hagadera (Daadab),3254,0.01,40.37,cereals and tubers,Wheat flour,58,KG,"actual,aggregate",Retail,KES,99.91,0.78
2024-09-15,North Eastern,Garissa,Hagadera (Daadab),3254,0.01,40.37,miscellaneous food,Salt,185,200 G,"actual,aggregate",Retail,KES,10,0.078
2024-09-15,North Eastern,Garissa,Hagadera (Daadab),3254,0.01,40.37,miscellaneous food,Sugar,97,KG,"actual,aggregate",Retail,KES,133.34,1.04
2024-09-15,North Eastern,Garissa,IFO (Daadab),3255,0.11,40.32,cereals and tubers,Wheat flour,58,KG,"actual,aggregate",Retail,KES,99.97,0.78
2024-09-15,North Eastern,Garissa,IFO (Daadab),3255,0.11,40.32,miscellaneous food,Salt,185,200 G,"actual,aggregate",Retail,KES,10,0.078
2024-09-15,North Eastern,Garissa,IFO (Daadab),3255,0.11,40.32,miscellaneous food,Sugar,97,KG,"actual,aggregate",Retail,KES,123.08,0.96
2024-09-15,Rift Valley,Turkana,Ethiopia (Kakuma),3253,3.72,34.85,cereals and tubers,Wheat flour,58,KG,"actual,aggregate",Retail,KES,86.5,0.67
2024-09-15,Rift Valley,Turkana,Ethiopia (Kakuma),3253,3.72,34.85,miscellaneous food,Salt,185,200 G,"actual,aggregate",Retail,KES,10,0.078
2024-09-15,Rift Valley,Turkana,Ethiopia (Kakuma),3253,3.72,34.85,miscellaneous food,Sugar,97,KG,"actual,aggregate",Retail,KES,136.5,1.06
2024-09-15,Rift Valley,Turkana,HongKong (Kakuma),3250,3.75,34.84,cereals and tubers,Wheat flour,58,KG,"actual,aggregate",Retail,KES,91.5,0.71
2024-09-15,Rift Valley,Turkana,HongKong (Kakuma),3250,3.75,34.84,miscellaneous food,Salt,185,200 G,"actual,aggregate",Retail,KES,11.25,0.087
2024-09-15,Rift Valley,Turkana,HongKong (Kakuma),3250,3.75,34.84,miscellaneous food,Sugar,97,KG,"actual,aggregate",Retail,KES,151.5,1.18
2024-09-15,Rift Valley,Turkana,Kakuma 2,3248,3.75,34.82,cereals and tubers,Wheat flour,58,KG,"actual,aggregate",Retail,KES,86,0.67
2024-09-15,Rift Valley,Turkana,Kakuma 2,3248,3.75,34.82,miscellaneous food,Salt,185,200 G,"actual,aggregate",Retail,KES,11,0.085
2024-09-15,Rift Valley,Turkana,Kakuma 2,3248,3.75,34.82,miscellaneous food,Sugar,97,KG,"actual,aggregate",Retail,KES,135,1.05
2024-09-15,Rift Valley,Turkana,Kakuma 3,3251,3.77,34.82,cereals and tubers,Wheat flour,58,KG,"actual,aggregate",Retail,KES,85.5,0.66
2024-09-15,Rift Valley,Turkana,Kakuma 3,3251,3.77,34.82,miscellaneous food,Salt,185,200 G,"actual,aggregate",Retail,KES,10.5,0.082
2024-09-15,Rift Valley,Turkana,Kakuma 3,3251,3.77,34.82,miscellaneous food,Sugar,97,KG,"actual,aggregate",Retail,KES,134,1.04
2024-09-15,Rift Valley,Turkana,Kakuma 4,3249,3.74,34.81,cereals and tubers,Wheat flour,58,KG,"actual,aggregate",Retail,KES,92.75,0.72
2024-09-15,Rift Valley,Turkana,Kakuma 4,3249,3.74,34.81,miscellaneous food,Salt,185,200 G,"actual,aggregate",Retail,KES,13.88,0.11
2024-09-15,Rift Valley,Turkana,Kakuma 4,3249,3.74,34.81,miscellaneous food,Sugar,97,KG,"actual,aggregate",Retail,KES,145,1.13
2024-09-15,Rift Valley,Turkana,Kalobeyei (Village 1),3244,3.77,34.73,cereals and tubers,Wheat flour,58,KG,"actual,aggregate",Retail,KES,92.5,0.72
2024-09-15,Rift Valley,Turkana,Kalobeyei (Village 1),3244,3.77,34.73,miscellaneous food,Salt,185,200 G,"actual,aggregate",Retail,KES,10,0.078
2024-09-15,Rift Valley,Turkana,Kalobeyei (Village 1),3244,3.77,34.73,miscellaneous food,Sugar,97,KG,"actual,aggregate",Retail,KES,134,1.04
2024-09-15,Rift Valley,Turkana,Kalobeyei (Village 2),3246,3.76,34.75,cereals and tubers,Wheat flour,58,KG,"actual,aggregate",Retail,KES,83.5,0.65
2024-09-15,Rift Valley,Turkana,Kalobeyei (Village 2),3246,3.76,34.75,miscellaneous food,Salt,185,200 G,"actual,aggregate",Retail,KES,11.25,0.087
2024-09-15,Rift Valley,Turkana,Kalobeyei (Village 2),3246,3.76,34.75,miscellaneous food,Sugar,97,KG,"actual,aggregate",Retail,KES,143.5,1.11
2024-09-15,Rift Valley,Turkana,Kalobeyei (Village 3),3247,3.75,34.76,cereals and tubers,Wheat flour,58,KG,"actual,aggregate",Retail,KES,75,0.58
2024-09-15,Rift Valley,Turkana,Kalobeyei (Village 3),3247,3.75,34.76,miscellaneous food,Salt,185,200 G,"actual,aggregate",Retail,KES,10,0.078
2024-09-15,Rift Valley,Turkana,Kalobeyei (Village 3),3247,3.75,34.76,miscellaneous food,Sugar,97,KG,"actual,aggregate",Retail,KES,125,0.97
2024-09-15,Rift Valley,Turkana,Mogadishu (Kakuma),3245,3.72,34.85,cereals and tubers,Wheat flour,58,KG,"actual,aggregate",Retail,KES,95,0.74
2024-09-15,Rift Valley,Turkana,Mogadishu (Kakuma),3245,3.72,34.85,miscellaneous food,Salt,185,200 G,"actual,aggregate",Retail,KES,10,0.078
2024-09-15,Rift Valley,Turkana,Mogadishu (Kakuma),3245,3.72,34.85,miscellaneous food,Sugar,97,KG,"actual,aggregate",Retail,KES,140,1.09
2024-12-15,North Eastern,Garissa,Dagahaley (Daadab),3252,0.19,40.29,cereals and tubers,Wheat flour,58,KG,"actual,aggregate",Retail,KES,99.67,0.77
2024-12-15,North Eastern,Garissa,Dagahaley (Daadab),3252,0.19,40.29,miscellaneous food,Salt,185,200 G,"actual,aggregate",Retail,KES,10,0.078
2024-12-15,North Eastern,Garissa,Dagahaley (Daadab),3252,0.19,40.29,miscellaneous food,Sugar,97,KG,"actual,aggregate",Retail,KES,120.22,0.93
2024-12-15,North Eastern,Garissa,Hagadera (Daadab),3254,0.01,40.37,cereals and tubers,Wheat flour,58,KG,"actual,aggregate",Retail,KES,99.62,0.77
2024-12-15,North Eastern,Garissa,Hagadera (Daadab),3254,0.01,40.37,miscellaneous food,Salt,185,200 G,"actual,aggregate",Retail,KES,10,0.078
2024-12-15,North Eastern,Garissa,Hagadera (Daadab),3254,0.01,40.37,miscellaneous food,Sugar,97,KG,"actual,aggregate",Retail,KES,121.28,0.94
2024-12-15,North Eastern,Garissa,IFO (Daadab),3255,0.11,40.32,cereals and tubers,Wheat flour,58,KG,"actual,aggregate",Retail,KES,100.01,0.78
2024-12-15,North Eastern,Garissa,IFO (Daadab),3255,0.11,40.32,miscellaneous food,Salt,185,200 G,"actual,aggregate",Retail,KES,10,0.078
2024-12-15,North Eastern,Garissa,IFO (Daadab),3255,0.11,40.32,miscellaneous food,Sugar,97,KG,"actual,aggregate",Retail,KES,120.93,0.94
2024-12-15,Rift Valley,Turkana,Ethiopia (Kakuma),3253,3.72,34.85,cereals and tubers,Wheat flour,58,KG,"actual,aggregate",Retail,KES,93,0.72
2024-12-15,Rift Valley,Turkana,Ethiopia (Kakuma),3253,3.72,34.85,miscellaneous food,Salt,185,200 G,"actual,aggregate",Retail,KES,10,0.078
2024-12-15,Rift Valley,Turkana,Ethiopia (Kakuma),3253,3.72,34.85,miscellaneous food,Sugar,97,KG,"actual,aggregate",Retail,KES,156,1.21
2024-12-15,Rift Valley,Turkana,HongKong (Kakuma),3250,3.75,34.84,cereals and tubers,Wheat flour,58,KG,"actual,aggregate",Retail,KES,91.46,0.71
2024-12-15,Rift Valley,Turkana,HongKong (Kakuma),3250,3.75,34.84,miscellaneous food,Salt,185,200 G,"actual,aggregate",Retail,KES,10,0.078
2024-12-15,Rift Valley,Turkana,HongKong (Kakuma),3250,3.75,34.84,miscellaneous food,Sugar,97,KG,"actual,aggregate",Retail,KES,150.31,1.17
2024-12-15,Rift Valley,Turkana,Kakuma 2,3248,3.75,34.82,cereals and tubers,Wheat flour,58,KG,"actual,aggregate",Retail,KES,90,0.7
2024-12-15,Rift Valley,Turkana,Kakuma 2,3248,3.75,34.82,miscellaneous food,Salt,185,200 G,"actual,aggregate",Retail,KES,10,0.078
2024-12-15,Rift Valley,Turkana,Kakuma 2,3248,3.75,34.82,miscellaneous food,Sugar,97,KG,"actual,aggregate",Retail,KES,149,1.15
2024-12-15,Rift Valley,Turkana,Kakuma 3,3251,3.77,34.82,cereals and tubers,Wheat flour,58,KG,"actual,aggregate",Retail,KES,86.67,0.67
2024-12-15,Rift Valley,Turkana,Kakuma 3,3251,3.77,34.82,miscellaneous food,Salt,185,200 G,"actual,aggregate",Retail,KES,10,0.078
2024-12-15,Rift Valley,Turkana,Kakuma 3,3251,3.77,34.82,miscellaneous food,Sugar,97,KG,"actual,aggregate",Retail,KES,149.83,1.16
2024-12-15,Rift Valley,Turkana,Kakuma 4,3249,3.74,34.81,cereals and tubers,Wheat flour,58,KG,"actual,aggregate",Retail,KES,84.83,0.66
2024-12-15,Rift Valley,Turkana,Kakuma 4,3249,3.74,34.81,miscellaneous food,Salt,185,200 G,"actual,aggregate",Retail,KES,15.83,0.12
2024-12-15,Rift Valley,Turkana,Kakuma 4,3249,3.74,34.81,miscellaneous food,Sugar,97,KG,"actual,aggregate",Retail,KES,158.33,1.23
2024-12-15,Rift Valley,Turkana,Kalobeyei (Village 1),3244,3.77,34.73,miscellaneous food,Sugar,97,KG,"actual,aggregate",Retail,KES,149.75,1.16
2024-12-15,Rift Valley,Turkana,Kalobeyei (Village 2),3246,3.76,34.75,cereals and tubers,Wheat flour,58,KG,"actual,aggregate",Retail,KES,94.17,0.73
2024-12-15,Rift Valley,Turkana,Kalobeyei (Village 2),3246,3.76,34.75,miscellaneous food,Sugar,97,KG,"actual,aggregate",Retail,KES,149.17,1.16
2024-12-15,Rift Valley,Turkana,Kalobeyei (Village 3),3247,3.75,34.76,cereals and tubers,Wheat flour,58,KG,"actual,aggregate",Retail,KES,84.83,0.66
2024-12-15,Rift Valley,Turkana,Kalobeyei (Village 3),3247,3.75,34.76,miscellaneous food,Salt,185,200 G,"actual,aggregate",Retail,KES,10,0.078
2024-12-15,Rift Valley,Turkana,Kalobeyei (Village 3),3247,3.75,34.76,miscellaneous food,Sugar,97,KG,"actual,aggregate",Retail,KES,141.83,1.1
2025-03-15,North Eastern,Garissa,Dagahaley (Daadab),3252,0.19,40.29,cereals and tubers,Wheat flour,58,KG,"actual,aggregate",Retail,KES,96.72,0.75
2025-03-15,North Eastern,Garissa,Dagahaley (Daadab),3252,0.19,40.29,miscellaneous food,Salt,185,200 G,"actual,aggregate",Retail,KES,10,0.077
2025-03-15,North Eastern,Garissa,Dagahaley (Daadab),3252,0.19,40.29,miscellaneous food,Sugar,97,KG,"actual,aggregate",Retail,KES,128.56,1
2025-03-15,North Eastern,Garissa,Hagadera (Daadab),3254,0.01,40.37,cereals and tubers,Wheat flour,58,KG,"actual,aggregate",Retail,KES,99.56,0.77
2025-03-15,North Eastern,Garissa,Hagadera (Daadab),3254,0.01,40.37,miscellaneous food,Salt,185,200 G,"actual,aggregate",Retail,KES,10,0.077
2025-03-15,North Eastern,Garissa,Hagadera (Daadab),3254,0.01,40.37,miscellaneous food,Sugar,97,KG,"actual,aggregate",Retail,KES,129.68,1
2025-03-15,North Eastern,Garissa,IFO (Daadab),3255,0.11,40.32,cereals and tubers,Wheat flour,58,KG,"actual,aggregate",Retail,KES,99.96,0.77
2025-03-15,North Eastern,Garissa,IFO (Daadab),3255,0.11,40.32,miscellaneous food,Salt,185,200 G,"actual,aggregate",Retail,KES,10,0.077
2025-03-15,North Eastern,Garissa,IFO (Daadab),3255,0.11,40.32,miscellaneous food,Sugar,97,KG,"actual,aggregate",Retail,KES,121.53,0.94
2025-03-15,Rift Valley,Turkana,HongKong (Kakuma),3250,3.75,34.84,cereals and tubers,Wheat flour,58,KG,"actual,aggregate",Retail,KES,85.83,0.66
2025-03-15,Rift Valley,Turkana,HongKong (Kakuma),3250,3.75,34.84,miscellaneous food,Salt,185,200 G,"actual,aggregate",Retail,KES,10,0.077
2025-03-15,Rift Valley,Turkana,HongKong (Kakuma),3250,3.75,34.84,miscellaneous food,Sugar,97,KG,"actual,aggregate",Retail,KES,169.83,1.32
2025-03-15,Rift Valley,Turkana,Kakuma 2,3248,3.75,34.82,cereals and tubers,Wheat flour,58,KG,"actual,aggregate",Retail,KES,85.17,0.66
2025-03-15,Rift Valley,Turkana,Kakuma 2,3248,3.75,34.82,miscellaneous food,Salt,185,200 G,"actual,aggregate",Retail,KES,10,0.077
2025-03-15,Rift Valley,Turkana,Kakuma 2,3248,3.75,34.82,miscellaneous food,Sugar,97,KG,"actual,aggregate",Retail,KES,161.83,1.25
2025-03-15,Rift Valley,Turkana,Kakuma 3,3251,3.77,34.82,cereals and tubers,Wheat flour,58,KG,"actual,aggregate",Retail,KES,85.83,0.66
2025-03-15,Rift Valley,Turkana,Kakuma 3,3251,3.77,34.82,miscellaneous food,Salt,185,200 G,"actual,aggregate",Retail,KES,10,0.077
2025-03-15,Rift Valley,Turkana,Kakuma 3,3251,3.77,34.82,miscellaneous food,Sugar,97,KG,"actual,aggregate",Retail,KES,163.17,1.26
2025-03-15,Rift Valley,Turkana,Kakuma 4,3249,3.74,34.81,cereals and tubers,Wheat flour,58,KG,"actual,aggregate",Retail,KES,85,0.66
2025-03-15,Rift Valley,Turkana,Kakuma 4,3249,3.74,34.81,miscellaneous food,Salt,185,200 G,"actual,aggregate",Retail,KES,11.62,0.09
2025-03-15,Rift Valley,Turkana,Kakuma 4,3249,3.74,34.81,miscellaneous food,Sugar,97,KG,"actual,aggregate",Retail,KES,162.75,1.26
2025-03-15,Rift Valley,Turkana,Kalobeyei (Village 1),3244,3.77,34.73,cereals and tubers,Wheat flour,58,KG,"actual,aggregate",Retail,KES,91.83,0.71
2025-03-15,Rift Valley,Turkana,Kalobeyei (Village 1),3244,3.77,34.73,miscellaneous food,Salt,185,200 G,"actual,aggregate",Retail,KES,10,0.077
2025-03-15,Rift Valley,Turkana,Kalobeyei (Village 1),3244,3.77,34.73,miscellaneous food,Sugar,97,KG,"actual,aggregate",Retail,KES,158.33,1.23
2025-03-15,Rift Valley,Turkana,Kalobeyei (Village 2),3246,3.76,34.75,cereals and tubers,Wheat flour,58,KG,"actual,aggregate",Retail,KES,83.5,0.65
2025-03-15,Rift Valley,Turkana,Kalobeyei (Village 2),3246,3.76,34.75,miscellaneous food,Sugar,97,KG,"actual,aggregate",Retail,KES,151.5,1.17
2025-03-15,Rift Valley,Turkana,Kalobeyei (Village 3),3247,3.75,34.76,cereals and tubers,Wheat flour,58,KG,"actual,aggregate",Retail,KES,84,0.65
2025-03-15,Rift Valley,Turkana,Kalobeyei (Village 3),3247,3.75,34.76,miscellaneous food,Salt,185,200 G,"actual,aggregate",Retail,KES,10,0.077
2025-03-15,Rift Valley,Turkana,Kalobeyei (Village 3),3247,3.75,34.76,miscellaneous food,Sugar,97,KG,"actual,aggregate",Retail,KES,154,1.19
2025-03-15,Rift Valley,Turkana,Mogadishu (Kakuma),3245,3.72,34.85,cereals and tubers,Wheat flour,58,KG,"actual,aggregate",Retail,KES,93.17,0.72
2025-03-15,Rift Valley,Turkana,Mogadishu (Kakuma),3245,3.72,34.85,miscellaneous food,Salt,185,200 G,"actual,aggregate",Retail,KES,11.67,0.09
2025-03-15,Rift Valley,Turkana,Mogadishu (Kakuma),3245,3.72,34.85,miscellaneous food,Sugar,97,KG,"actual,aggregate",Retail,KES,176.67,1.37
2025-06-15,North Eastern,Garissa,Dagahaley (Daadab),3252,0.19,40.29,cereals and tubers,Wheat flour,58,KG,"actual,aggregate",Retail,KES,99.35,0.77
2025-06-15,North Eastern,Garissa,Dagahaley (Daadab),3252,0.19,40.29,miscellaneous food,Salt,185,200 G,"actual,aggregate",Retail,KES,10,0.077
2025-06-15,North Eastern,Garissa,Dagahaley (Daadab),3252,0.19,40.29,miscellaneous food,Sugar,97,KG,"actual,aggregate",Retail,KES,125.72,0.97
2025-06-15,North Eastern,Garissa,Hagadera (Daadab),3254,0.01,40.37,cereals and tubers,Wheat flour,58,KG,"actual,aggregate",Retail,KES,99.86,0.77
2025-06-15,North Eastern,Garissa,Hagadera (Daadab),3254,0.01,40.37,miscellaneous food,Salt,185,200 G,"actual,aggregate",Retail,KES,10,0.077
2025-06-15,North Eastern,Garissa,Hagadera (Daadab),3254,0.01,40.37,miscellaneous food,Sugar,97,KG,"actual,aggregate",Retail,KES,136.96,1.06
2025-06-15,North Eastern,Garissa,IFO (Daadab),3255,0.11,40.32,cereals and tubers,Wheat flour,58,KG,"actual,aggregate",Retail,KES,99.81,0.77
2025-06-15,North Eastern,Garissa,IFO (Daadab),3255,0.11,40.32,miscellaneous food,Salt,185,200 G,"actual,aggregate",Retail,KES,10,0.077
2025-06-15,North Eastern,Garissa,IFO (Daadab),3255,0.11,40.32,miscellaneous food,Sugar,97,KG,"actual,aggregate",Retail,KES,133.15,1.03
2025-06-15,Rift Valley,Turkana,HongKong (Kakuma),3250,3.75,34.84,cereals and tubers,Wheat flour,58,KG,"actual,aggregate",Retail,KES,90,0.7
2025-06-15,Rift Valley,Turkana,HongKong (Kakuma),3250,3.75,34.84,miscellaneous food,Salt,185,200 G,"actual,aggregate",Retail,KES,10,0.077
2025-06-15,Rift Valley,Turkana,HongKong (Kakuma),3250,3.75,34.84,miscellaneous food,Sugar,97,KG,"actual,aggregate",Retail,KES,186,1.44
2025-06-15,Rift Valley,Turkana,Kakuma 2,3248,3.75,34.82,cereals and tubers,Wheat flour,58,KG,"actual,aggregate",Retail,KES,82.5,0.64
2025-06-15,Rift Valley,Turkana,Kakuma 2,3248,3.75,34.82,miscellaneous food,Salt,185,200 G,"actual,aggregate",Retail,KES,10,0.077
2025-06-15,Rift Valley,Turkana,Kakuma 2,3248,3.75,34.82,miscellaneous food,Sugar,97,KG,"actual,aggregate",Retail,KES,175,1.35
2025-06-15,Rift Valley,Turkana,Kakuma 3,3251,3.77,34.82,cereals and tubers,Wheat flour,58,KG,"actual,aggregate",Retail,KES,90,0.7
2025-06-15,Rift Valley,Turkana,Kakuma 3,3251,3.77,34.82,miscellaneous food,Salt,185,200 G,"actual,aggregate",Retail,KES,10,0.077
2025-06-15,Rift Valley,Turkana,Kakuma 3,3251,3.77,34.82,miscellaneous food,Sugar,97,KG,"actual,aggregate",Retail,KES,173.5,1.34
2025-06-15,Rift Valley,Turkana,Kakuma 4,3249,3.74,34.81,cereals and tubers,Wheat flour,58,KG,"actual,aggregate",Retail,KES,86.5,0.67
2025-06-15,Rift Valley,Turkana,Kakuma 4,3249,3.74,34.81,miscellaneous food,Salt,185,200 G,"actual,aggregate",Retail,KES,12.5,0.097
2025-06-15,Rift Valley,Turkana,Kakuma 4,3249,3.74,34.81,miscellaneous food,Sugar,97,KG,"actual,aggregate",Retail,KES,178.33,1.38
2025-06-15,Rift Valley,Turkana,Kalobeyei (Village 1),3244,3.77,34.73,cereals and tubers,Wheat flour,58,KG,"actual,aggregate",Retail,KES,86.83,0.67
2025-06-15,Rift Valley,Turkana,Kalobeyei (Village 1),3244,3.77,34.73,miscellaneous food,Sugar,97,KG,"actual,aggregate",Retail,KES,171.67,1.33
2025-06-15,Rift Valley,Turkana,Kalobeyei (Village 2),3246,3.76,34.75,cereals and tubers,Wheat flour,58,KG,"actual,aggregate",Retail,KES,86.5,0.67
2025-06-15,Rift Valley,Turkana,Kalobeyei (Village 2),3246,3.76,34.75,miscellaneous food,Salt,185,200 G,"actual,aggregate",Retail,KES,11,0.085
2025-06-15,Rift Valley,Turkana,Kalobeyei (Village 2),3246,3.76,34.75,miscellaneous food,Sugar,97,KG,"actual,aggregate",Retail,KES,167.5,1.3
2025-06-15,Rift Valley,Turkana,Kalobeyei (Village 3),3247,3.75,34.76,cereals and tubers,Wheat flour,58,KG,"actual,aggregate",Retail,KES,85,0.66
2025-06-15,Rift Valley,Turkana,Kalobeyei (Village 3),3247,3.75,34.76,miscellaneous food,Salt,185,200 G,"actual,aggregate",Retail,KES,10,0.077
2025-06-15,Rift Valley,Turkana,Kalobeyei (Village 3),3247,3.75,34.76,miscellaneous food,Sugar,97,KG,"actual,aggregate",Retail,KES,175,1.35
2025-06-15,Rift Valley,Turkana,Mogadishu (Kakuma),3245,3.72,34.85,cereals and tubers,Wheat flour,58,KG,"actual,aggregate",Retail,KES,90,0.7
2025-06-15,Rift Valley,Turkana,Mogadishu (Kakuma),3245,3.72,34.85,miscellaneous food,Sugar,97,KG,"actual,aggregate",Retail,KES,170,1.32
2025-09-15,North Eastern,Garissa,Dagahaley (Daadab),3252,0.19,40.29,cereals and tubers,Wheat flour,58,KG,"actual,aggregate",Retail,KES,100.5,0.78
2025-09-15,North Eastern,Garissa,Dagahaley (Daadab),3252,0.19,40.29,miscellaneous food,Salt,185,200 G,"actual,aggregate",Retail,KES,10.5,0.081
2025-09-15,North Eastern,Garissa,Dagahaley (Daadab),3252,0.19,40.29,miscellaneous food,Sugar,97,KG,"actual,aggregate",Retail,KES,117.8,0.91
2025-09-15,North Eastern,Garissa,Hagadera (Daadab),3254,0.01,40.37,cereals and tubers,Wheat flour,58,KG,"actual,aggregate",Retail,KES,95.77,0.74
2025-09-15,North Eastern,Garissa,Hagadera (Daadab),3254,0.01,40.37,miscellaneous food,Salt,185,200 G,"actual,aggregate",Retail,KES,10,0.077
2025-09-15,North Eastern,Garissa,Hagadera (Daadab),3254,0.01,40.37,miscellaneous food,Sugar,97,KG,"actual,aggregate",Retail,KES,120.54,0.93
2025-09-15,North Eastern,Garissa,IFO (Daadab),3255,0.11,40.32,cereals and tubers,Wheat flour,58,KG,"actual,aggregate",Retail,KES,100,0.77
2025-09-15,North Eastern,Garissa,IFO (Daadab),3255,0.11,40.32,miscellaneous food,Salt,185,200 G,"actual,aggregate",Retail,KES,10,0.077
2025-09-15,North Eastern,Garissa,IFO (Daadab),3255,0.11,40.32,miscellaneous food,Sugar,97,KG,"actual,aggregate",Retail,KES,123.63,0.96
2025-09-15,Rift Valley,Turkana,Ethiopia (Kakuma),3253,3.72,34.85,cereals and tubers,Wheat flour,58,KG,"actual,aggregate",Retail,KES,92.75,0.72
2025-09-15,Rift Valley,Turkana,Ethiopia (Kakuma),3253,3.72,34.85,miscellaneous food,Sugar,97,KG,"actual,aggregate",Retail,KES,169.83,1.31
2025-09-15,Rift Valley,Turkana,Kakuma 2,3248,3.75,34.82,cereals and tubers,Wheat flour,58,KG,"actual,aggregate",Retail,KES,82.5,0.64
2025-09-15,Rift Valley,Turkana,Kakuma 2,3248,3.75,34.82,miscellaneous food,Salt,185,200 G,"actual,aggregate",Retail,KES,12.75,0.099
2025-09-15,Rift Valley,Turkana,Kakuma 2,3248,3.75,34.82,miscellaneous food,Sugar,97,KG,"actual,aggregate",Retail,KES,171.5,1.33
2025-09-15,Rift Valley,Turkana,Kakuma 3,3251,3.77,34.82,cereals and tubers,Wheat flour,58,KG,"actual,aggregate",Retail,KES,89,0.69
2025-09-15,Rift Valley,Turkana,Kakuma 3,3251,3.77,34.82,miscellaneous food,Salt,185,200 G,"actual,aggregate",Retail,KES,13.38,0.1
2025-09-15,Rift Valley,Turkana,Kakuma 3,3251,3.77,34.82,miscellaneous food,Sugar,97,KG,"actual,aggregate",Retail,KES,171,1.32
2025-09-15,Rift Valley,Turkana,Kalobeyei (Village 1),3244,3.77,34.73,miscellaneous food,Salt,185,200 G,"actual,aggregate",Retail,KES,11.5,0.089
2025-09-15,Rift Valley,Turkana,Kalobeyei (Village 1),3244,3.77,34.73,miscellaneous food,Sugar,97,KG,"actual,aggregate",Retail,KES,164.67,1.27
2025-09-15,Rift Valley,Turkana,Kalobeyei (Village 2),3246,3.76,34.75,cereals and tubers,Wheat flour,58,KG,"actual,aggregate",Retail,KES,88.33,0.68
2025-09-15,Rift Valley,Turkana,Kalobeyei (Village 2),3246,3.76,34.75,miscellaneous food,Sugar,97,KG,"actual,aggregate",Retail,KES,168.33,1.3
2025-09-15,Rift Valley,Turkana,Kalobeyei (Village 3),3247,3.75,34.76,cereals and tubers,Wheat flour,58,KG,"actual,aggregate",Retail,KES,85,0.66
2025-09-15,Rift Valley,Turkana,Kalobeyei (Village 3),3247,3.75,34.76,miscellaneous food,Salt,185,200 G,"actual,aggregate",Retail,KES,11.67,0.09
2025-09-15,Rift Valley,Turkana,Kalobeyei (Village 3),3247,3.75,34.76,miscellaneous food,Sugar,97,KG,"actual,aggregate",Retail,KES,160.17,1.24
2025-12-15,North Eastern,Garissa,Dagahaley (Daadab),3252,0.19,40.29,cereals and tubers,Wheat flour,58,KG,"actual,aggregate",Retail,KES,100,0.78
2025-12-15,North Eastern,Garissa,Dagahaley (Daadab),3252,0.19,40.29,miscellaneous food,Salt,185,200 G,"actual,aggregate",Retail,KES,10,0.078
2025-12-15,North Eastern,Garissa,Dagahaley (Daadab),3252,0.19,40.29,miscellaneous food,Sugar,97,KG,"actual,aggregate",Retail,KES,105,0.81
2025-12-15,North Eastern,Garissa,IFO (Daadab),3255,0.11,40.32,cereals and tubers,Wheat flour,58,KG,"actual,aggregate",Retail,KES,100,0.78
2025-12-15,North Eastern,Garissa,IFO (Daadab),3255,0.11,40.32,miscellaneous food,Salt,185,200 G,"actual,aggregate",Retail,KES,16.07,0.12
2025-12-15,North Eastern,Garissa,IFO (Daadab),3255,0.11,40.32,miscellaneous food,Sugar,97,KG,"actual,aggregate",Retail,KES,112,0.87
2026-03-15,North Eastern,Garissa,Dagahaley (Daadab),3252,0.19,40.29,miscellaneous food,Salt,185,200 G,"actual,aggregate",Retail,KES,11.55,0.089
2026-03-15,North Eastern,Garissa,Hagadera (Daadab),3254,0.01,40.37,miscellaneous food,Salt,185,200 G,"actual,aggregate",Retail,KES,13.76,0.11
2026-03-15,Rift Valley,Turkana,Kakuma 2,3248,3.75,34.82,miscellaneous food,Salt,185,200 G,"actual,aggregate",Retail,KES,13,0.1
2026-03-15,Rift Valley,Turkana,Kakuma 4,3249,3.74,34.81,miscellaneous food,Salt,185,200 G,"actual,aggregate",Retail,KES,16.5,0.13
2024-07-15,North Eastern,Garissa,Dagahaley (Daadab),3252,0.19,40.29,cereals and tubers,Maize flour,76,KG,aggregate,Retail,KES,91.58,0.71
2024-07-15,North Eastern,Garissa,Dagahaley (Daadab),3252,0.19,40.29,cereals and tubers,Potatoes (Irish),148,KG,aggregate,Retail,KES,71.62,0.55
2024-07-15,North Eastern,Garissa,Dagahaley (Daadab),3252,0.19,40.29,cereals and tubers,Rice,52,KG,aggregate,Retail,KES,111.46,0.86
2024-07-15,North Eastern,Garissa,Dagahaley (Daadab),3252,0.19,40.29,cereals and tubers,Wheat flour,58,KG,aggregate,Retail,KES,100.45,0.78
2024-07-15,North Eastern,Garissa,Dagahaley (Daadab),3252,0.19,40.29,miscellaneous food,Salt,185,200 G,aggregate,Retail,KES,10,0.077
2024-07-15,North Eastern,Garissa,Dagahaley (Daadab),3252,0.19,40.29,miscellaneous food,Sugar,97,KG,aggregate,Retail,KES,130.97,1.01
2024-07-15,North Eastern,Garissa,Dagahaley (Daadab),3252,0.19,40.29,oil and fats,Oil (vegetable),96,L,aggregate,Retail,KES,252.9,1.96
2024-07-15,North Eastern,Garissa,Dagahaley (Daadab),3252,0.19,40.29,pulses and nuts,Beans (dry),262,KG,aggregate,Retail,KES,145.72,1.13
2024-07-15,North Eastern,Garissa,Dagahaley (Daadab),3252,0.19,40.29,vegetables and fruits,Bananas,254,Unit,aggregate,Retail,KES,10,0.077
2024-07-15,North Eastern,Garissa,Hagadera (Daadab),3254,0.01,40.37,cereals and tubers,Maize,51,KG,aggregate,Retail,KES,61.76,0.48
2024-07-15,North Eastern,Garissa,Hagadera (Daadab),3254,0.01,40.37,cereals and tubers,Maize flour,76,KG,aggregate,Retail,KES,96.41,0.75
2024-07-15,North Eastern,Garissa,Hagadera (Daadab),3254,0.01,40.37,cereals and tubers,Potatoes (Irish),148,KG,aggregate,Retail,KES,71.76,0.56
2024-07-15,North Eastern,Garissa,Hagadera (Daadab),3254,0.01,40.37,cereals and tubers,Rice,52,KG,aggregate,Retail,KES,101.79,0.79
2024-07-15,North Eastern,Garissa,Hagadera (Daadab),3254,0.01,40.37,cereals and tubers,Sorghum,65,KG,aggregate,Retail,KES,41.25,0.32
2024-07-15,North Eastern,Garissa,Hagadera (Daadab),3254,0.01,40.37,cereals and tubers,Wheat flour,58,KG,aggregate,Retail,KES,100,0.77
2024-07-15,North Eastern,Garissa,Hagadera (Daadab),3254,0.01,40.37,"meat, fish and eggs",Meat (camel),344,KG,aggregate,Retail,KES,591.25,4.57
2024-07-15,North Eastern,Garissa,Hagadera (Daadab),3254,0.01,40.37,"meat, fish and eggs",Meat (goat),451,KG,aggregate,Retail,KES,723.75,5.6
2024-07-15,North Eastern,Garissa,Hagadera (Daadab),3254,0.01,40.37,miscellaneous food,Salt,185,200 G,aggregate,Retail,KES,10,0.077
2024-07-15,North Eastern,Garissa,Hagadera (Daadab),3254,0.01,40.37,miscellaneous food,Sugar,97,KG,aggregate,Retail,KES,132.98,1.03
2024-07-15,North Eastern,Garissa,Hagadera (Daadab),3254,0.01,40.37,oil and fats,Oil (vegetable),96,L,aggregate,Retail,KES,250.5,1.94
2024-07-15,North Eastern,Garissa,Hagadera (Daadab),3254,0.01,40.37,pulses and nuts,Beans (dry),262,KG,aggregate,Retail,KES,131.27,1.02
2024-07-15,North Eastern,Garissa,Hagadera (Daadab),3254,0.01,40.37,vegetables and fruits,Bananas,254,Unit,aggregate,Retail,KES,10,0.077
2024-07-15,North Eastern,Garissa,IFO (Daadab),3255,0.11,40.32,cereals and tubers,Maize,51,KG,aggregate,Retail,KES,72.45,0.56
2024-07-15,North Eastern,Garissa,IFO (Daadab),3255,0.11,40.32,cereals and tubers,Maize flour,76,KG,aggregate,Retail,KES,100.56,0.78
2024-07-15,North Eastern,Garissa,IFO (Daadab),3255,0.11,40.32,cereals and tubers,Potatoes (Irish),148,KG,aggregate,Retail,KES,75.75,0.59
2024-07-15,North Eastern,Garissa,IFO (Daadab),3255,0.11,40.32,cereals and tubers,Rice,52,KG,aggregate,Retail,KES,127.78,0.99
2024-07-15,North Eastern,Garissa,IFO (Daadab),3255,0.11,40.32,cereals and tubers,Wheat flour,58,KG,aggregate,Retail,KES,100,0.77
2024-07-15,North Eastern,Garissa,IFO (Daadab),3255,0.11,40.32,"meat, fish and eggs",Meat (camel),344,KG,aggregate,Retail,KES,625.56,4.84
2024-07-15,North Eastern,Garissa,IFO (Daadab),3255,0.11,40.32,"meat, fish and eggs",Meat (goat),451,KG,aggregate,Retail,KES,714.58,5.53
2024-07-15,North Eastern,Garissa,IFO (Daadab),3255,0.11,40.32,milk and dairy,"Milk (camel, fresh)",817,L,aggregate,Retail,KES,185,1.43
2024-07-15,North Eastern,Garissa,IFO (Daadab),3255,0.11,40.32,miscellaneous food,Salt,185,200 G,aggregate,Retail,KES,10,0.077
2024-07-15,North Eastern,Garissa,IFO (Daadab),3255,0.11,40.32,miscellaneous food,Sugar,97,KG,aggregate,Retail,KES,130.03,1.01
2024-07-15,North Eastern,Garissa,IFO (Daadab),3255,0.11,40.32,oil and fats,Oil (vegetable),96,L,aggregate,Retail,KES,236.83,1.83
2024-07-15,North Eastern,Garissa,IFO (Daadab),3255,0.11,40.32,pulses and nuts,Beans (dry),262,KG,aggregate,Retail,KES,134.14,1.04
2024-07-15,North Eastern,Garissa,IFO (Daadab),3255,0.11,40.32,vegetables and fruits,Bananas,254,Unit,aggregate,Retail,KES,10,0.077
2024-07-15,Rift Valley,Turkana,Ethiopia (Kakuma),3253,3.72,34.85,cereals and tubers,Maize,51,KG,aggregate,Retail,KES,55,0.43
2024-07-15,Rift Valley,Turkana,Ethiopia (Kakuma),3253,3.72,34.85,cereals and tubers,Maize flour,76,KG,aggregate,Retail,KES,70,0.54
2024-07-15,Rift Valley,Turkana,Ethiopia (Kakuma),3253,3.72,34.85,cereals and tubers,Rice,52,KG,aggregate,Retail,KES,100,0.77
2024-07-15,Rift Valley,Turkana,Ethiopia (Kakuma),3253,3.72,34.85,cereals and tubers,Sorghum,65,KG,aggregate,Retail,KES,55,0.43
2024-07-15,Rift Valley,Turkana,Ethiopia (Kakuma),3253,3.72,34.85,cereals and tubers,Wheat flour,58,KG,aggregate,Retail,KES,95,0.74
2024-07-15,Rift Valley,Turkana,Ethiopia (Kakuma),3253,3.72,34.85,milk and dairy,Milk (UHT),794,500 ML,aggregate,Retail,KES,80,0.62
2024-07-15,Rift Valley,Turkana,Ethiopia (Kakuma),3253,3.72,34.85,miscellaneous food,Salt,185,200 G,aggregate,Retail,KES,10,0.077
2024-07-15,Rift Valley,Turkana,Ethiopia (Kakuma),3253,3.72,34.85,miscellaneous food,Sugar,97,KG,aggregate,Retail,KES,140,1.08
2024-07-15,Rift Valley,Turkana,Ethiopia (Kakuma),3253,3.72,34.85,oil and fats,Oil (vegetable),96,L,aggregate,Retail,KES,250,1.93
2024-07-15,Rift Valley,Turkana,Ethiopia (Kakuma),3253,3.72,34.85,pulses and nuts,Beans (dry),262,KG,aggregate,Retail,KES,165,1.28
2024-07-15,Rift Valley,Turkana,HongKong (Kakuma),3250,3.75,34.84,cereals and tubers,Maize,51,KG,aggregate,Retail,KES,70,0.54
2024-07-15,Rift Valley,Turkana,HongKong (Kakuma),3250,3.75,34.84,cereals and tubers,Maize flour,76,KG,aggregate,Retail,KES,80,0.62
2024-07-15,Rift Valley,Turkana,HongKong (Kakuma),3250,3.75,34.84,cereals and tubers,Potatoes (Irish),148,KG,aggregate,Retail,KES,80,0.62
2024-07-15,Rift Valley,Turkana,HongKong (Kakuma),3250,3.75,34.84,cereals and tubers,Rice,52,KG,aggregate,Retail,KES,135,1.04
2024-07-15,Rift Valley,Turkana,HongKong (Kakuma),3250,3.75,34.84,cereals and tubers,Sorghum,65,KG,aggregate,Retail,KES,60,0.46
2024-07-15,Rift Valley,Turkana,HongKong (Kakuma),3250,3.75,34.84,cereals and tubers,Wheat flour,58,KG,aggregate,Retail,KES,95,0.74
2024-07-15,Rift Valley,Turkana,HongKong (Kakuma),3250,3.75,34.84,"meat, fish and eggs",Meat (beef),141,KG,aggregate,Retail,KES,600,4.64
2024-07-15,Rift Valley,Turkana,HongKong (Kakuma),3250,3.75,34.84,"meat, fish and eggs",Meat (goat),451,KG,aggregate,Retail,KES,700,5.42
2024-07-15,Rift Valley,Turkana,HongKong (Kakuma),3250,3.75,34.84,milk and dairy,Milk (UHT),794,500 ML,aggregate,Retail,KES,90,0.7
2024-07-15,Rift Valley,Turkana,HongKong (Kakuma),3250,3.75,34.84,miscellaneous food,Salt,185,200 G,aggregate,Retail,KES,12.5,0.097
2024-07-15,Rift Valley,Turkana,HongKong (Kakuma),3250,3.75,34.84,miscellaneous food,Sugar,97,KG,aggregate,Retail,KES,165,1.28
2024-07-15,Rift Valley,Turkana,HongKong (Kakuma),3250,3.75,34.84,oil and fats,Oil (vegetable),96,L,aggregate,Retail,KES,275,2.13
2024-07-15,Rift Valley,Turkana,HongKong (Kakuma),3250,3.75,34.84,pulses and nuts,Beans (dry),262,KG,aggregate,Retail,KES,165,1.28
2024-07-15,Rift Valley,Turkana,HongKong (Kakuma),3250,3.75,34.84,vegetables and fruits,Bananas,254,Unit,aggregate,Retail,KES,20,0.15
2024-07-15,Rift Valley,Turkana,Kakuma 2,3248,3.75,34.82,cereals and tubers,Maize,51,KG,aggregate,Retail,KES,40,0.31
2024-07-15,Rift Valley,Turkana,Kakuma 2,3248,3.75,34.82,cereals and tubers,Maize flour,76,KG,aggregate,Retail,KES,75,0.58
2024-07-15,Rift Valley,Turkana,Kakuma 2,3248,3.75,34.82,cereals and tubers,Potatoes (Irish),148,KG,aggregate,Retail,KES,70,0.54
2024-07-15,Rift Valley,Turkana,Kakuma 2,3248,3.75,34.82,cereals and tubers,Wheat flour,58,KG,aggregate,Retail,KES,85,0.66
2024-07-15,Rift Valley,Turkana,Kakuma 2,3248,3.75,34.82,"meat, fish and eggs",Meat (beef),141,KG,aggregate,Retail,KES,600,4.64
2024-07-15,Rift Valley,Turkana,Kakuma 2,3248,3.75,34.82,"meat, fish and eggs",Meat (camel),344,KG,aggregate,Retail,KES,600,4.64
2024-07-15,Rift Valley,Turkana,Kakuma 2,3248,3.75,34.82,"meat, fish and eggs",Meat (goat),451,KG,aggregate,Retail,KES,700,5.42
2024-07-15,Rift Valley,Turkana,Kakuma 2,3248,3.75,34.82,milk and dairy,Milk (UHT),794,500 ML,aggregate,Retail,KES,70,0.54
2024-07-15,Rift Valley,Turkana,Kakuma 2,3248,3.75,34.82,miscellaneous food,Salt,185,200 G,aggregate,Retail,KES,10,0.077
2024-07-15,Rift Valley,Turkana,Kakuma 2,3248,3.75,34.82,miscellaneous food,Sugar,97,KG,aggregate,Retail,KES,130,1.01
2024-07-15,Rift Valley,Turkana,Kakuma 2,3248,3.75,34.82,oil and fats,Oil (vegetable),96,L,aggregate,Retail,KES,250,1.93
2024-07-15,Rift Valley,Turkana,Kakuma 2,3248,3.75,34.82,pulses and nuts,Beans (dry),262,KG,aggregate,Retail,KES,130,1.01
2024-07-15,Rift Valley,Turkana,Kakuma 2,3248,3.75,34.82,vegetables and fruits,Bananas,254,Unit,aggregate,Retail,KES,20,0.15
2024-07-15,Rift Valley,Turkana,Kakuma 3,3251,3.77,34.82,cereals and tubers,Maize,51,KG,aggregate,Retail,KES,50,0.39
2024-07-15,Rift Valley,Turkana,Kakuma 3,3251,3.77,34.82,cereals and tubers,Maize flour,76,KG,aggregate,Retail,KES,72.5,0.56
2024-07-15,Rift Valley,Turkana,Kakuma 3,3251,3.77,34.82,cereals and tubers,Potatoes (Irish),148,KG,aggregate,Retail,KES,106.67,0.83
2024-07-15,Rift Valley,Turkana,Kakuma 3,3251,3.77,34.82,cereals and tubers,Rice,52,KG,aggregate,Retail,KES,147.5,1.14
2024-07-15,Rift Valley,Turkana,Kakuma 3,3251,3.77,34.82,cereals and tubers,Sorghum,65,KG,aggregate,Retail,KES,40,0.31
2024-07-15,Rift Valley,Turkana,Kakuma 3,3251,3.77,34.82,cereals and tubers,Wheat flour,58,KG,aggregate,Retail,KES,87.5,0.68
2024-07-15,Rift Valley,Turkana,Kakuma 3,3251,3.77,34.82,"meat, fish and eggs",Meat (beef),141,KG,aggregate,Retail,KES,550,4.26
2024-07-15,Rift Valley,Turkana,Kakuma 3,3251,3.77,34.82,"meat, fish and eggs",Meat (goat),451,KG,aggregate,Retail,KES,750,5.8
2024-07-15,Rift Valley,Turkana,Kakuma 3,3251,3.77,34.82,milk and dairy,Milk (UHT),794,500 ML,aggregate,Retail,KES,86.67,0.67
2024-07-15,Rift Valley,Turkana,Kakuma 3,3251,3.77,34.82,miscellaneous food,Salt,185,200 G,aggregate,Retail,KES,11.25,0.087
2024-07-15,Rift Valley,Turkana,Kakuma 3,3251,3.77,34.82,miscellaneous food,Sugar,97,KG,aggregate,Retail,KES,147.5,1.14
2024-07-15,Rift Valley,Turkana,Kakuma 3,3251,3.77,34.82,oil and fats,Oil (vegetable),96,L,aggregate,Retail,KES,245,1.9
2024-07-15,Rift Valley,Turkana,Kakuma 3,3251,3.77,34.82,pulses and nuts,Beans (dry),262,KG,aggregate,Retail,KES,150,1.16
2024-07-15,Rift Valley,Turkana,Kakuma 3,3251,3.77,34.82,vegetables and fruits,Bananas,254,Unit,aggregate,Retail,KES,20,0.15
2024-07-15,Rift Valley,Turkana,Kakuma 4,3249,3.74,34.81,cereals and tubers,Maize,51,KG,aggregate,Retail,KES,52.5,0.41
2024-07-15,Rift Valley,Turkana,Kakuma 4,3249,3.74,34.81,cereals and tubers,Maize flour,76,KG,aggregate,Retail,KES,75,0.58
2024-07-15,Rift Valley,Turkana,Kakuma 4,3249,3.74,34.81,cereals and tubers,Potatoes (Irish),148,KG,aggregate,Retail,KES,80,0.62
2024-07-15,Rift Valley,Turkana,Kakuma 4,3249,3.74,34.81,cereals and tubers,Rice,52,KG,aggregate,Retail,KES,140,1.08
2024-07-15,Rift Valley,Turkana,Kakuma 4,3249,3.74,34.81,cereals and tubers,Sorghum,65,KG,aggregate,Retail,KES,50,0.39
2024-07-15,Rift Valley,Turkana,Kakuma 4,3249,3.74,34.81,cereals and tubers,Wheat flour,58,KG,aggregate,Retail,KES,90,0.7
2024-07-15,Rift Valley,Turkana,Kakuma 4,3249,3.74,34.81,"meat, fish and eggs",Meat (beef),141,KG,aggregate,Retail,KES,600,4.64
2024-07-15,Rift Valley,Turkana,Kakuma 4,3249,3.74,34.81,"meat, fish and eggs",Meat (camel),344,KG,aggregate,Retail,KES,600,4.64
2024-07-15,Rift Valley,Turkana,Kakuma 4,3249,3.74,34.81,"meat, fish and eggs",Meat (goat),451,KG,aggregate,Retail,KES,700,5.42
2024-07-15,Rift Valley,Turkana,Kakuma 4,3249,3.74,34.81,milk and dairy,Milk (UHT),794,500 ML,aggregate,Retail,KES,73.33,0.57
2024-07-15,Rift Valley,Turkana,Kakuma 4,3249,3.74,34.81,miscellaneous food,Salt,185,200 G,aggregate,Retail,KES,11.67,0.09
2024-07-15,Rift Valley,Turkana,Kakuma 4,3249,3.74,34.81,miscellaneous food,Sugar,97,KG,aggregate,Retail,KES,153.33,1.19
2024-07-15,Rift Valley,Turkana,Kakuma 4,3249,3.74,34.81,oil and fats,Oil (vegetable),96,L,aggregate,Retail,KES,266.67,2.06
2024-07-15,Rift Valley,Turkana,Kakuma 4,3249,3.74,34.81,pulses and nuts,Beans (dry),262,KG,aggregate,Retail,KES,150,1.16
2024-07-15,Rift Valley,Turkana,Kakuma 4,3249,3.74,34.81,vegetables and fruits,Bananas,254,Unit,aggregate,Retail,KES,20,0.15
2024-07-15,Rift Valley,Turkana,Kalobeyei (Village 1),3244,3.77,34.73,cereals and tubers,Maize,51,KG,aggregate,Retail,KES,50,0.39
2024-07-15,Rift Valley,Turkana,Kalobeyei (Village 1),3244,3.77,34.73,cereals and tubers,Maize flour,76,KG,aggregate,Retail,KES,90,0.7
2024-07-15,Rift Valley,Turkana,Kalobeyei (Village 1),3244,3.77,34.73,cereals and tubers,Potatoes (Irish),148,KG,aggregate,Retail,KES,120,0.93
2024-07-15,Rift Valley,Turkana,Kalobeyei (Village 1),3244,3.77,34.73,cereals and tubers,Rice,52,KG,aggregate,Retail,KES,125,0.97
2024-07-15,Rift Valley,Turkana,Kalobeyei (Village 1),3244,3.77,34.73,cereals and tubers,Wheat flour,58,KG,aggregate,Retail,KES,95,0.74
2024-07-15,Rift Valley,Turkana,Kalobeyei (Village 1),3244,3.77,34.73,"meat, fish and eggs",Meat (beef),141,KG,aggregate,Retail,KES,600,4.64
2024-07-15,Rift Valley,Turkana,Kalobeyei (Village 1),3244,3.77,34.73,"meat, fish and eggs",Meat (goat),451,KG,aggregate,Retail,KES,500,3.87
2024-07-15,Rift Valley,Turkana,Kalobeyei (Village 1),3244,3.77,34.73,milk and dairy,Milk (UHT),794,500 ML,aggregate,Retail,KES,70,0.54
2024-07-15,Rift Valley,Turkana,Kalobeyei (Village 1),3244,3.77,34.73,miscellaneous food,Salt,185,200 G,aggregate,Retail,KES,10,0.077
2024-07-15,Rift Valley,Turkana,Kalobeyei (Village 1),3244,3.77,34.73,miscellaneous food,Sugar,97,KG,aggregate,Retail,KES,145,1.12
2024-07-15,Rift Valley,Turkana,Kalobeyei (Village 1),3244,3.77,34.73,oil and fats,Oil (vegetable),96,L,aggregate,Retail,KES,250,1.93
2024-07-15,Rift Valley,Turkana,Kalobeyei (Village 1),3244,3.77,34.73,pulses and nuts,Beans (dry),262,KG,aggregate,Retail,KES,130,1.01
2024-07-15,Rift Valley,Turkana,Kalobeyei (Village 1),3244,3.77,34.73,vegetables and fruits,Bananas,254,Unit,aggregate,Retail,KES,20,0.15
2024-07-15,Rift Valley,Turkana,Kalobeyei (Village 2),3246,3.76,34.75,cereals and tubers,Maize,51,KG,aggregate,Retail,KES,50,0.39
2024-07-15,Rift Valley,Turkana,Kalobeyei (Village 2),3246,3.76,34.75,cereals and tubers,Maize flour,76,KG,aggregate,Retail,KES,70,0.54
2024-07-15,Rift Valley,Turkana,Kalobeyei (Village 2),3246,3.76,34.75,cereals and tubers,Rice,52,KG,aggregate,Retail,KES,110,0.85
2024-07-15,Rift Valley,Turkana,Kalobeyei (Village 2),3246,3.76,34.75,cereals and tubers,Sorghum,65,KG,aggregate,Retail,KES,60,0.46
2024-07-15,Rift Valley,Turkana,Kalobeyei (Village 2),3246,3.76,34.75,cereals and tubers,Wheat flour,58,KG,aggregate,Retail,KES,85,0.66
2024-07-15,Rift Valley,Turkana,Kalobeyei (Village 2),3246,3.76,34.75,milk and dairy,Milk (UHT),794,500 ML,aggregate,Retail,KES,80,0.62
2024-07-15,Rift Valley,Turkana,Kalobeyei (Village 2),3246,3.76,34.75,miscellaneous food,Salt,185,200 G,aggregate,Retail,KES,10,0.077
2024-07-15,Rift Valley,Turkana,Kalobeyei (Village 2),3246,3.76,34.75,miscellaneous food,Sugar,97,KG,aggregate,Retail,KES,135,1.04
2024-07-15,Rift Valley,Turkana,Kalobeyei (Village 2),3246,3.76,34.75,oil and fats,Oil (vegetable),96,L,aggregate,Retail,KES,250,1.93
2024-07-15,Rift Valley,Turkana,Kalobeyei (Village 2),3246,3.76,34.75,pulses and nuts,Beans (dry),262,KG,aggregate,Retail,KES,130,1.01
2024-07-15,Rift Valley,Turkana,Kalobeyei (Village 3),3247,3.75,34.76,cereals and tubers,Maize,51,KG,aggregate,Retail,KES,50,0.39
2024-07-15,Rift Valley,Turkana,Kalobeyei (Village 3),3247,3.75,34.76,cereals and tubers,Potatoes (Irish),148,KG,aggregate,Retail,KES,100,0.77
2024-07-15,Rift Valley,Turkana,Kalobeyei (Village 3),3247,3.75,34.76,cereals and tubers,Rice,52,KG,aggregate,Retail,KES,120,0.93
2024-07-15,Rift Valley,Turkana,Kalobeyei (Village 3),3247,3.75,34.76,cereals and tubers,Wheat flour,58,KG,aggregate,Retail,KES,90,0.7
2024-07-15,Rift Valley,Turkana,Kalobeyei (Village 3),3247,3.75,34.76,"meat, fish and eggs",Meat (beef),141,KG,aggregate,Retail,KES,500,3.87
2024-07-15,Rift Valley,Turkana,Kalobeyei (Village 3),3247,3.75,34.76,milk and dairy,Milk (UHT),794,500 ML,aggregate,Retail,KES,80,0.62
2024-07-15,Rift Valley,Turkana,Kalobeyei (Village 3),3247,3.75,34.76,miscellaneous food,Salt,185,200 G,aggregate,Retail,KES,10,0.077
2024-07-15,Rift Valley,Turkana,Kalobeyei (Village 3),3247,3.75,34.76,miscellaneous food,Sugar,97,KG,aggregate,Retail,KES,140,1.08
2024-07-15,Rift Valley,Turkana,Kalobeyei (Village 3),3247,3.75,34.76,oil and fats,Oil (vegetable),96,L,aggregate,Retail,KES,300,2.32
2024-07-15,Rift Valley,Turkana,Kalobeyei (Village 3),3247,3.75,34.76,pulses and nuts,Beans (dry),262,KG,aggregate,Retail,KES,140,1.08
2024-07-15,Rift Valley,Turkana,Kalobeyei (Village 3),3247,3.75,34.76,vegetables and fruits,Bananas,254,Unit,aggregate,Retail,KES,10,0.077
2024-07-15,Rift Valley,Turkana,Mogadishu (Kakuma),3245,3.72,34.85,cereals and tubers,Maize,51,KG,aggregate,Retail,KES,80,0.62
2024-07-15,Rift Valley,Turkana,Mogadishu (Kakuma),3245,3.72,34.85,cereals and tubers,Maize flour,76,KG,aggregate,Retail,KES,80,0.62
2024-07-15,Rift Valley,Turkana,Mogadishu (Kakuma),3245,3.72,34.85,cereals and tubers,Potatoes (Irish),148,KG,aggregate,Retail,KES,80,0.62
2024-07-15,Rift Valley,Turkana,Mogadishu (Kakuma),3245,3.72,34.85,cereals and tubers,Rice,52,KG,aggregate,Retail,KES,165,1.28
2024-07-15,Rift Valley,Turkana,Mogadishu (Kakuma),3245,3.72,34.85,cereals and tubers,Wheat flour,58,KG,aggregate,Retail,KES,95,0.74
2024-07-15,Rift Valley,Turkana,Mogadishu (Kakuma),3245,3.72,34.85,"meat, fish and eggs",Meat (camel),344,KG,aggregate,Retail,KES,600,4.64
2024-07-15,Rift Valley,Turkana,Mogadishu (Kakuma),3245,3.72,34.85,milk and dairy,Milk (UHT),794,500 ML,aggregate,Retail,KES,95,0.74
2024-07-15,Rift Valley,Turkana,Mogadishu (Kakuma),3245,3.72,34.85,miscellaneous food,Salt,185,200 G,aggregate,Retail,KES,10,0.077
2024-07-15,Rift Valley,Turkana,Mogadishu (Kakuma),3245,3.72,34.85,miscellaneous food,Sugar,97,KG,aggregate,Retail,KES,160,1.24
2024-07-15,Rift Valley,Turkana,Mogadishu (Kakuma),3245,3.72,34.85,oil and fats,Oil (vegetable),96,L,aggregate,Retail,KES,250,1.93
2024-07-15,Rift Valley,Turkana,Mogadishu (Kakuma),3245,3.72,34.85,pulses and nuts,Beans (dry),262,KG,aggregate,Retail,KES,164,1.27
2024-07-15,Rift Valley,Turkana,Mogadishu (Kakuma),3245,3.72,34.85,vegetables and fruits,Bananas,254,Unit,aggregate,Retail,KES,20,0.15
2024-08-15,North Eastern,Garissa,Dagahaley (Daadab),3252,0.19,40.29,cereals and tubers,Maize,51,KG,aggregate,Retail,KES,97.5,0.76
2024-08-15,North Eastern,Garissa,Dagahaley (Daadab),3252,0.19,40.29,cereals and tubers,Maize flour,76,KG,aggregate,Retail,KES,94.07,0.73
2024-08-15,North Eastern,Garissa,Dagahaley (Daadab),3252,0.19,40.29,cereals and tubers,Potatoes (Irish),148,KG,aggregate,Retail,KES,58.83,0.46
2024-08-15,North Eastern,Garissa,Dagahaley (Daadab),3252,0.19,40.29,cereals and tubers,Rice,52,KG,aggregate,Retail,KES,109.94,0.85
2024-08-15,North Eastern,Garissa,Dagahaley (Daadab),3252,0.19,40.29,cereals and tubers,Wheat flour,58,KG,aggregate,Retail,KES,99.34,0.77
2024-08-15,North Eastern,Garissa,Dagahaley (Daadab),3252,0.19,40.29,miscellaneous food,Salt,185,200 G,aggregate,Retail,KES,10,0.078
2024-08-15,North Eastern,Garissa,Dagahaley (Daadab),3252,0.19,40.29,miscellaneous food,Sugar,97,KG,aggregate,Retail,KES,132.37,1.03
2024-08-15,North Eastern,Garissa,Dagahaley (Daadab),3252,0.19,40.29,oil and fats,Oil (vegetable),96,L,aggregate,Retail,KES,260.72,2.02
2024-08-15,North Eastern,Garissa,Dagahaley (Daadab),3252,0.19,40.29,pulses and nuts,Beans (dry),262,KG,aggregate,Retail,KES,138.84,1.08
2024-08-15,North Eastern,Garissa,Dagahaley (Daadab),3252,0.19,40.29,vegetables and fruits,Bananas,254,Unit,aggregate,Retail,KES,10,0.078
2024-08-15,North Eastern,Garissa,Hagadera (Daadab),3254,0.01,40.37,cereals and tubers,Maize,51,KG,aggregate,Retail,KES,66.47,0.52
2024-08-15,North Eastern,Garissa,Hagadera (Daadab),3254,0.01,40.37,cereals and tubers,Maize flour,76,KG,aggregate,Retail,KES,92.74,0.72
2024-08-15,North Eastern,Garissa,Hagadera (Daadab),3254,0.01,40.37,cereals and tubers,Potatoes (Irish),148,KG,aggregate,Retail,KES,65.81,0.51
2024-08-15,North Eastern,Garissa,Hagadera (Daadab),3254,0.01,40.37,cereals and tubers,Rice,52,KG,aggregate,Retail,KES,102.4,0.79
2024-08-15,North Eastern,Garissa,Hagadera (Daadab),3254,0.01,40.37,cereals and tubers,Sorghum,65,KG,aggregate,Retail,KES,46.47,0.36
2024-08-15,North Eastern,Garissa,Hagadera (Daadab),3254,0.01,40.37,cereals and tubers,Wheat flour,58,KG,aggregate,Retail,KES,99.32,0.77
2024-08-15,North Eastern,Garissa,Hagadera (Daadab),3254,0.01,40.37,"meat, fish and eggs",Meat (camel),344,KG,aggregate,Retail,KES,600,4.65
2024-08-15,North Eastern,Garissa,Hagadera (Daadab),3254,0.01,40.37,"meat, fish and eggs",Meat (goat),451,KG,aggregate,Retail,KES,750,5.81
2024-08-15,North Eastern,Garissa,Hagadera (Daadab),3254,0.01,40.37,miscellaneous food,Salt,185,200 G,aggregate,Retail,KES,10,0.078
2024-08-15,North Eastern,Garissa,Hagadera (Daadab),3254,0.01,40.37,miscellaneous food,Sugar,97,KG,aggregate,Retail,KES,129.03,1
2024-08-15,North Eastern,Garissa,Hagadera (Daadab),3254,0.01,40.37,oil and fats,Oil (vegetable),96,L,aggregate,Retail,KES,248.51,1.93
2024-08-15,North Eastern,Garissa,Hagadera (Daadab),3254,0.01,40.37,pulses and nuts,Beans (dry),262,KG,aggregate,Retail,KES,126.28,0.98
2024-08-15,North Eastern,Garissa,Hagadera (Daadab),3254,0.01,40.37,vegetables and fruits,Bananas,254,Unit,aggregate,Retail,KES,10,0.078
2024-08-15,North Eastern,Garissa,IFO (Daadab),3255,0.11,40.32,cereals and tubers,Maize,51,KG,aggregate,Retail,KES,70,0.54
2024-08-15,North Eastern,Garissa,IFO (Daadab),3255,0.11,40.32,cereals and tubers,Maize flour,76,KG,aggregate,Retail,KES,100,0.78
2024-08-15,North Eastern,Garissa,IFO (Daadab),3255,0.11,40.32,cereals and tubers,Potatoes (Irish),148,KG,aggregate,Retail,KES,56.16,0.44
2024-08-15,North Eastern,Garissa,IFO (Daadab),3255,0.11,40.32,cereals and tubers,Rice,52,KG,aggregate,Retail,KES,118.51,0.92
2024-08-15,North Eastern,Garissa,IFO (Daadab),3255,0.11,40.32,cereals and tubers,Wheat flour,58,KG,aggregate,Retail,KES,100,0.78
2024-08-15,North Eastern,Garissa,IFO (Daadab),3255,0.11,40.32,"meat, fish and eggs",Meat (camel),344,KG,aggregate,Retail,KES,612.77,4.75
2024-08-15,North Eastern,Garissa,IFO (Daadab),3255,0.11,40.32,"meat, fish and eggs",Meat (goat),451,KG,aggregate,Retail,KES,646.77,5.01
2024-08-15,North Eastern,Garissa,IFO (Daadab),3255,0.11,40.32,milk and dairy,"Milk (camel, fresh)",817,L,aggregate,Retail,KES,193.55,1.5
2024-08-15,North Eastern,Garissa,IFO (Daadab),3255,0.11,40.32,miscellaneous food,Salt,185,200 G,aggregate,Retail,KES,10,0.078
2024-08-15,North Eastern,Garissa,IFO (Daadab),3255,0.11,40.32,miscellaneous food,Sugar,97,KG,aggregate,Retail,KES,128.43,1
2024-08-15,North Eastern,Garissa,IFO (Daadab),3255,0.11,40.32,oil and fats,Oil (vegetable),96,L,aggregate,Retail,KES,236.31,1.83
2024-08-15,North Eastern,Garissa,IFO (Daadab),3255,0.11,40.32,pulses and nuts,Beans (dry),262,KG,aggregate,Retail,KES,130.28,1.01
2024-08-15,North Eastern,Garissa,IFO (Daadab),3255,0.11,40.32,vegetables and fruits,Bananas,254,Unit,aggregate,Retail,KES,10,0.078
2024-08-15,Rift Valley,Turkana,Ethiopia (Kakuma),3253,3.72,34.85,cereals and tubers,Maize,51,KG,aggregate,Retail,KES,65,0.5
2024-08-15,Rift Valley,Turkana,Ethiopia (Kakuma),3253,3.72,34.85,cereals and tubers,Maize flour,76,KG,aggregate,Retail,KES,95,0.74
2024-08-15,Rift Valley,Turkana,Ethiopia (Kakuma),3253,3.72,34.85,cereals and tubers,Potatoes (Irish),148,KG,aggregate,Retail,KES,80,0.62
2024-08-15,Rift Valley,Turkana,Ethiopia (Kakuma),3253,3.72,34.85,cereals and tubers,Rice,52,KG,aggregate,Retail,KES,125,0.97
2024-08-15,Rift Valley,Turkana,Ethiopia (Kakuma),3253,3.72,34.85,cereals and tubers,Sorghum,65,KG,aggregate,Retail,KES,70,0.54
2024-08-15,Rift Valley,Turkana,Ethiopia (Kakuma),3253,3.72,34.85,cereals and tubers,Wheat flour,58,KG,aggregate,Retail,KES,100,0.78
2024-08-15,Rift Valley,Turkana,Ethiopia (Kakuma),3253,3.72,34.85,milk and dairy,Milk (UHT),794,500 ML,aggregate,Retail,KES,100,0.78
2024-08-15,Rift Valley,Turkana,Ethiopia (Kakuma),3253,3.72,34.85,miscellaneous food,Salt,185,200 G,aggregate,Retail,KES,10,0.078
2024-08-15,Rift Valley,Turkana,Ethiopia (Kakuma),3253,3.72,34.85,miscellaneous food,Sugar,97,KG,aggregate,Retail,KES,160,1.24
2024-08-15,Rift Valley,Turkana,Ethiopia (Kakuma),3253,3.72,34.85,oil and fats,Oil (vegetable),96,L,aggregate,Retail,KES,275,2.13
2024-08-15,Rift Valley,Turkana,Ethiopia (Kakuma),3253,3.72,34.85,pulses and nuts,Beans (dry),262,KG,aggregate,Retail,KES,165,1.28
2024-08-15,Rift Valley,Turkana,HongKong (Kakuma),3250,3.75,34.84,cereals and tubers,Maize,51,KG,aggregate,Retail,KES,40,0.31
2024-08-15,Rift Valley,Turkana,HongKong (Kakuma),3250,3.75,34.84,cereals and tubers,Maize flour,76,KG,aggregate,Retail,KES,73,0.57
2024-08-15,Rift Valley,Turkana,HongKong (Kakuma),3250,3.75,34.84,cereals and tubers,Rice,52,KG,aggregate,Retail,KES,155,1.2
2024-08-15,Rift Valley,Turkana,HongKong (Kakuma),3250,3.75,34.84,cereals and tubers,Wheat flour,58,KG,aggregate,Retail,KES,86.5,0.67
2024-08-15,Rift Valley,Turkana,HongKong (Kakuma),3250,3.75,34.84,milk and dairy,Milk (UHT),794,500 ML,aggregate,Retail,KES,70,0.54
2024-08-15,Rift Valley,Turkana,HongKong (Kakuma),3250,3.75,34.84,miscellaneous food,Salt,185,200 G,aggregate,Retail,KES,12,0.093
2024-08-15,Rift Valley,Turkana,HongKong (Kakuma),3250,3.75,34.84,miscellaneous food,Sugar,97,KG,aggregate,Retail,KES,165,1.28
2024-08-15,Rift Valley,Turkana,HongKong (Kakuma),3250,3.75,34.84,oil and fats,Oil (vegetable),96,L,aggregate,Retail,KES,260,2.02
2024-08-15,Rift Valley,Turkana,Kakuma 2,3248,3.75,34.82,cereals and tubers,Maize,51,KG,aggregate,Retail,KES,52.5,0.41
2024-08-15,Rift Valley,Turkana,Kakuma 2,3248,3.75,34.82,cereals and tubers,Maize flour,76,KG,aggregate,Retail,KES,65,0.5
2024-08-15,Rift Valley,Turkana,Kakuma 2,3248,3.75,34.82,cereals and tubers,Wheat flour,58,KG,aggregate,Retail,KES,77.5,0.6
2024-08-15,Rift Valley,Turkana,Kakuma 2,3248,3.75,34.82,milk and dairy,Milk (UHT),794,500 ML,aggregate,Retail,KES,70,0.54
2024-08-15,Rift Valley,Turkana,Kakuma 2,3248,3.75,34.82,miscellaneous food,Salt,185,200 G,aggregate,Retail,KES,9.5,0.074
2024-08-15,Rift Valley,Turkana,Kakuma 2,3248,3.75,34.82,miscellaneous food,Sugar,97,KG,aggregate,Retail,KES,128,0.99
2024-08-15,Rift Valley,Turkana,Kakuma 2,3248,3.75,34.82,oil and fats,Oil (vegetable),96,L,aggregate,Retail,KES,230,1.78
2024-08-15,Rift Valley,Turkana,Kakuma 2,3248,3.75,34.82,pulses and nuts,Beans (dry),262,KG,aggregate,Retail,KES,150,1.16
2024-08-15,Rift Valley,Turkana,Kakuma 3,3251,3.77,34.82,cereals and tubers,Maize,51,KG,aggregate,Retail,KES,52.5,0.41
2024-08-15,Rift Valley,Turkana,Kakuma 3,3251,3.77,34.82,cereals and tubers,Maize flour,76,KG,aggregate,Retail,KES,73.33,0.57
2024-08-15,Rift Valley,Turkana,Kakuma 3,3251,3.77,34.82,cereals and tubers,Rice,52,KG,aggregate,Retail,KES,163.33,1.27
2024-08-15,Rift Valley,Turkana,Kakuma 3,3251,3.77,34.82,cereals and tubers,Wheat flour,58,KG,aggregate,Retail,KES,93.33,0.72
2024-08-15,Rift Valley,Turkana,Kakuma 3,3251,3.77,34.82,milk and dairy,Milk (UHT),794,500 ML,aggregate,Retail,KES,83.33,0.65
2024-08-15,Rift Valley,Turkana,Kakuma 3,3251,3.77,34.82,miscellaneous food,Salt,185,200 G,aggregate,Retail,KES,11.67,0.09
2024-08-15,Rift Valley,Turkana,Kakuma 3,3251,3.77,34.82,miscellaneous food,Sugar,97,KG,aggregate,Retail,KES,143.33,1.11
2024-08-15,Rift Valley,Turkana,Kakuma 3,3251,3.77,34.82,oil and fats,Oil (vegetable),96,L,aggregate,Retail,KES,250,1.94
2024-08-15,Rift Valley,Turkana,Kakuma 3,3251,3.77,34.82,pulses and nuts,Beans (dry),262,KG,aggregate,Retail,KES,170,1.32
2024-08-15,Rift Valley,Turkana,Kakuma 4,3249,3.74,34.81,cereals and tubers,Maize,51,KG,aggregate,Retail,KES,46.67,0.36
2024-08-15,Rift Valley,Turkana,Kakuma 4,3249,3.74,34.81,cereals and tubers,Maize flour,76,KG,aggregate,Retail,KES,80,0.62
2024-08-15,Rift Valley,Turkana,Kakuma 4,3249,3.74,34.81,cereals and tubers,Potatoes (Irish),148,KG,aggregate,Retail,KES,80,0.62
2024-08-15,Rift Valley,Turkana,Kakuma 4,3249,3.74,34.81,cereals and tubers,Rice,52,KG,aggregate,Retail,KES,140,1.09
2024-08-15,Rift Valley,Turkana,Kakuma 4,3249,3.74,34.81,cereals and tubers,Sorghum,65,KG,aggregate,Retail,KES,50,0.39
2024-08-15,Rift Valley,Turkana,Kakuma 4,3249,3.74,34.81,cereals and tubers,Wheat flour,58,KG,aggregate,Retail,KES,86.67,0.67
2024-08-15,Rift Valley,Turkana,Kakuma 4,3249,3.74,34.81,milk and dairy,Milk (UHT),794,500 ML,aggregate,Retail,KES,76.67,0.59
2024-08-15,Rift Valley,Turkana,Kakuma 4,3249,3.74,34.81,miscellaneous food,Salt,185,200 G,aggregate,Retail,KES,13.33,0.1
2024-08-15,Rift Valley,Turkana,Kakuma 4,3249,3.74,34.81,miscellaneous food,Sugar,97,KG,aggregate,Retail,KES,146.67,1.14
2024-08-15,Rift Valley,Turkana,Kakuma 4,3249,3.74,34.81,oil and fats,Oil (vegetable),96,L,aggregate,Retail,KES,245,1.9
2024-08-15,Rift Valley,Turkana,Kakuma 4,3249,3.74,34.81,pulses and nuts,Beans (dry),262,KG,aggregate,Retail,KES,176.67,1.37
2024-08-15,Rift Valley,Turkana,Kakuma 4,3249,3.74,34.81,vegetables and fruits,Bananas,254,Unit,aggregate,Retail,KES,20,0.16
2024-08-15,Rift Valley,Turkana,Kalobeyei (Village 1),3244,3.77,34.73,cereals and tubers,Maize,51,KG,aggregate,Retail,KES,40,0.31
2024-08-15,Rift Valley,Turkana,Kalobeyei (Village 1),3244,3.77,34.73,cereals and tubers,Maize flour,76,KG,aggregate,Retail,KES,85,0.66
2024-08-15,Rift Valley,Turkana,Kalobeyei (Village 1),3244,3.77,34.73,cereals and tubers,Rice,52,KG,aggregate,Retail,KES,120,0.93
2024-08-15,Rift Valley,Turkana,Kalobeyei (Village 1),3244,3.77,34.73,cereals and tubers,Wheat flour,58,KG,aggregate,Retail,KES,95,0.74
2024-08-15,Rift Valley,Turkana,Kalobeyei (Village 1),3244,3.77,34.73,milk and dairy,Milk (UHT),794,500 ML,aggregate,Retail,KES,80,0.62
2024-08-15,Rift Valley,Turkana,Kalobeyei (Village 1),3244,3.77,34.73,miscellaneous food,Salt,185,200 G,aggregate,Retail,KES,12.5,0.097
2024-08-15,Rift Valley,Turkana,Kalobeyei (Village 1),3244,3.77,34.73,miscellaneous food,Sugar,97,KG,aggregate,Retail,KES,145,1.12
2024-08-15,Rift Valley,Turkana,Kalobeyei (Village 1),3244,3.77,34.73,oil and fats,Oil (vegetable),96,L,aggregate,Retail,KES,250,1.94
2024-08-15,Rift Valley,Turkana,Kalobeyei (Village 1),3244,3.77,34.73,pulses and nuts,Beans (dry),262,KG,aggregate,Retail,KES,145,1.12
2024-08-15,Rift Valley,Turkana,Kalobeyei (Village 2),3246,3.76,34.75,cereals and tubers,Maize,51,KG,aggregate,Retail,KES,50,0.39
2024-08-15,Rift Valley,Turkana,Kalobeyei (Village 2),3246,3.76,34.75,cereals and tubers,Maize flour,76,KG,aggregate,Retail,KES,70,0.54
2024-08-15,Rift Valley,Turkana,Kalobeyei (Village 2),3246,3.76,34.75,cereals and tubers,Rice,52,KG,aggregate,Retail,KES,100,0.78
2024-08-15,Rift Valley,Turkana,Kalobeyei (Village 2),3246,3.76,34.75,cereals and tubers,Sorghum,65,KG,aggregate,Retail,KES,80,0.62
2024-08-15,Rift Valley,Turkana,Kalobeyei (Village 2),3246,3.76,34.75,cereals and tubers,Wheat flour,58,KG,aggregate,Retail,KES,80,0.62
2024-08-15,Rift Valley,Turkana,Kalobeyei (Village 2),3246,3.76,34.75,miscellaneous food,Salt,185,200 G,aggregate,Retail,KES,10,0.078
2024-08-15,Rift Valley,Turkana,Kalobeyei (Village 2),3246,3.76,34.75,miscellaneous food,Sugar,97,KG,aggregate,Retail,KES,125,0.97
2024-08-15,Rift Valley,Turkana,Kalobeyei (Village 2),3246,3.76,34.75,oil and fats,Oil (vegetable),96,L,aggregate,Retail,KES,250,1.94
2024-08-15,Rift Valley,Turkana,Kalobeyei (Village 2),3246,3.76,34.75,pulses and nuts,Beans (dry),262,KG,aggregate,Retail,KES,130,1.01
2024-08-15,Rift Valley,Turkana,Kalobeyei (Village 3),3247,3.75,34.76,cereals and tubers,Maize,51,KG,aggregate,Retail,KES,40,0.31
2024-08-15,Rift Valley,Turkana,Kalobeyei (Village 3),3247,3.75,34.76,cereals and tubers,Maize flour,76,KG,aggregate,Retail,KES,70,0.54
2024-08-15,Rift Valley,Turkana,Kalobeyei (Village 3),3247,3.75,34.76,cereals and tubers,Rice,52,KG,aggregate,Retail,KES,105,0.81
2024-08-15,Rift Valley,Turkana,Kalobeyei (Village 3),3247,3.75,34.76,cereals and tubers,Wheat flour,58,KG,aggregate,Retail,KES,82.5,0.64
2024-08-15,Rift Valley,Turkana,Kalobeyei (Village 3),3247,3.75,34.76,milk and dairy,Milk (UHT),794,500 ML,aggregate,Retail,KES,67.5,0.52
2024-08-15,Rift Valley,Turkana,Kalobeyei (Village 3),3247,3.75,34.76,miscellaneous food,Salt,185,200 G,aggregate,Retail,KES,12,0.093
2024-08-15,Rift Valley,Turkana,Kalobeyei (Village 3),3247,3.75,34.76,miscellaneous food,Sugar,97,KG,aggregate,Retail,KES,125,0.97
2024-08-15,Rift Valley,Turkana,Kalobeyei (Village 3),3247,3.75,34.76,oil and fats,Oil (vegetable),96,L,aggregate,Retail,KES,257.5,2
2024-08-15,Rift Valley,Turkana,Kalobeyei (Village 3),3247,3.75,34.76,pulses and nuts,Beans (dry),262,KG,aggregate,Retail,KES,130,1.01
2024-08-15,Rift Valley,Turkana,Kalobeyei (Village 3),3247,3.75,34.76,vegetables and fruits,Bananas,254,Unit,aggregate,Retail,KES,20,0.16
2024-08-15,Rift Valley,Turkana,Mogadishu (Kakuma),3245,3.72,34.85,cereals and tubers,Maize flour,76,KG,aggregate,Retail,KES,90,0.7
2024-08-15,Rift Valley,Turkana,Mogadishu (Kakuma),3245,3.72,34.85,cereals and tubers,Potatoes (Irish),148,KG,aggregate,Retail,KES,70,0.54
2024-08-15,Rift Valley,Turkana,Mogadishu (Kakuma),3245,3.72,34.85,cereals and tubers,Rice,52,KG,aggregate,Retail,KES,190,1.47
2024-08-15,Rift Valley,Turkana,Mogadishu (Kakuma),3245,3.72,34.85,cereals and tubers,Wheat flour,58,KG,aggregate,Retail,KES,100,0.78
2024-08-15,Rift Valley,Turkana,Mogadishu (Kakuma),3245,3.72,34.85,milk and dairy,Milk (UHT),794,500 ML,aggregate,Retail,KES,80,0.62
2024-08-15,Rift Valley,Turkana,Mogadishu (Kakuma),3245,3.72,34.85,miscellaneous food,Salt,185,200 G,aggregate,Retail,KES,10,0.078
2024-08-15,Rift Valley,Turkana,Mogadishu (Kakuma),3245,3.72,34.85,miscellaneous food,Sugar,97,KG,aggregate,Retail,KES,150,1.16
2024-08-15,Rift Valley,Turkana,Mogadishu (Kakuma),3245,3.72,34.85,oil and fats,Oil (vegetable),96,L,aggregate,Retail,KES,225,1.74
2024-08-15,Rift Valley,Turkana,Mogadishu (Kakuma),3245,3.72,34.85,vegetables and fruits,Bananas,254,Unit,aggregate,Retail,KES,20,0.16
2024-09-15,North Eastern,Garissa,Dagahaley (Daadab),3252,0.19,40.29,cereals and tubers,Maize flour,76,KG,aggregate,Retail,KES,89.65,0.7
2024-09-15,North Eastern,Garissa,Dagahaley (Daadab),3252,0.19,40.29,cereals and tubers,Potatoes (Irish),148,KG,aggregate,Retail,KES,67.57,0.52
2024-09-15,North Eastern,Garissa,Dagahaley (Daadab),3252,0.19,40.29,cereals and tubers,Rice,52,KG,aggregate,Retail,KES,106.15,0.82
2024-09-15,North Eastern,Garissa,Dagahaley (Daadab),3252,0.19,40.29,oil and fats,Oil (vegetable),96,L,aggregate,Retail,KES,251.15,1.95
2024-09-15,North Eastern,Garissa,Dagahaley (Daadab),3252,0.19,40.29,pulses and nuts,Beans (dry),262,KG,aggregate,Retail,KES,127.87,0.99
2024-09-15,North Eastern,Garissa,Dagahaley (Daadab),3252,0.19,40.29,vegetables and fruits,Bananas,254,Unit,aggregate,Retail,KES,10,0.078
2024-09-15,North Eastern,Garissa,Hagadera (Daadab),3254,0.01,40.37,cereals and tubers,Maize,51,KG,aggregate,Retail,KES,60,0.47
2024-09-15,North Eastern,Garissa,Hagadera (Daadab),3254,0.01,40.37,cereals and tubers,Maize flour,76,KG,aggregate,Retail,KES,94.51,0.73
2024-09-15,North Eastern,Garissa,Hagadera (Daadab),3254,0.01,40.37,cereals and tubers,Potatoes (Irish),148,KG,aggregate,Retail,KES,70.91,0.55
2024-09-15,North Eastern,Garissa,Hagadera (Daadab),3254,0.01,40.37,cereals and tubers,Rice,52,KG,aggregate,Retail,KES,99.9,0.78
2024-09-15,North Eastern,Garissa,Hagadera (Daadab),3254,0.01,40.37,cereals and tubers,Sorghum,65,KG,aggregate,Retail,KES,40,0.31
2024-09-15,North Eastern,Garissa,Hagadera (Daadab),3254,0.01,40.37,"meat, fish and eggs",Meat (camel),344,KG,aggregate,Retail,KES,550,4.27
2024-09-15,North Eastern,Garissa,Hagadera (Daadab),3254,0.01,40.37,"meat, fish and eggs",Meat (goat),451,KG,aggregate,Retail,KES,700,5.44
2024-09-15,North Eastern,Garissa,Hagadera (Daadab),3254,0.01,40.37,oil and fats,Oil (vegetable),96,L,aggregate,Retail,KES,247.84,1.92
2024-09-15,North Eastern,Garissa,Hagadera (Daadab),3254,0.01,40.37,pulses and nuts,Beans (dry),262,KG,aggregate,Retail,KES,125.78,0.98
2024-09-15,North Eastern,Garissa,Hagadera (Daadab),3254,0.01,40.37,vegetables and fruits,Bananas,254,Unit,aggregate,Retail,KES,10,0.078
2024-09-15,North Eastern,Garissa,IFO (Daadab),3255,0.11,40.32,cereals and tubers,Maize,51,KG,aggregate,Retail,KES,70,0.54
2024-09-15,North Eastern,Garissa,IFO (Daadab),3255,0.11,40.32,cereals and tubers,Maize flour,76,KG,aggregate,Retail,KES,100.27,0.78
2024-09-15,North Eastern,Garissa,IFO (Daadab),3255,0.11,40.32,cereals and tubers,Potatoes (Irish),148,KG,aggregate,Retail,KES,68.51,0.53
2024-09-15,North Eastern,Garissa,IFO (Daadab),3255,0.11,40.32,cereals and tubers,Rice,52,KG,aggregate,Retail,KES,115.41,0.9
2024-09-15,North Eastern,Garissa,IFO (Daadab),3255,0.11,40.32,"meat, fish and eggs",Meat (camel),344,KG,aggregate,Retail,KES,616.39,4.79
2024-09-15,North Eastern,Garissa,IFO (Daadab),3255,0.11,40.32,"meat, fish and eggs",Meat (goat),451,KG,aggregate,Retail,KES,681.94,5.3
2024-09-15,North Eastern,Garissa,IFO (Daadab),3255,0.11,40.32,milk and dairy,"Milk (camel, fresh)",817,L,aggregate,Retail,KES,200,1.55
2024-09-15,North Eastern,Garissa,IFO (Daadab),3255,0.11,40.32,oil and fats,Oil (vegetable),96,L,aggregate,Retail,KES,237.85,1.85
2024-09-15,North Eastern,Garissa,IFO (Daadab),3255,0.11,40.32,pulses and nuts,Beans (dry),262,KG,aggregate,Retail,KES,125.47,0.97
2024-09-15,North Eastern,Garissa,IFO (Daadab),3255,0.11,40.32,vegetables and fruits,Bananas,254,Unit,aggregate,Retail,KES,10,0.078
2024-09-15,Rift Valley,Turkana,Ethiopia (Kakuma),3253,3.72,34.85,cereals and tubers,Maize,51,KG,aggregate,Retail,KES,55,0.43
2024-09-15,Rift Valley,Turkana,Ethiopia (Kakuma),3253,3.72,34.85,cereals and tubers,Maize flour,76,KG,aggregate,Retail,KES,80,0.62
2024-09-15,Rift Valley,Turkana,Ethiopia (Kakuma),3253,3.72,34.85,cereals and tubers,Rice,52,KG,aggregate,Retail,KES,110,0.85
2024-09-15,Rift Valley,Turkana,Ethiopia (Kakuma),3253,3.72,34.85,cereals and tubers,Sorghum,65,KG,aggregate,Retail,KES,55,0.43
2024-09-15,Rift Valley,Turkana,Ethiopia (Kakuma),3253,3.72,34.85,"meat, fish and eggs",Meat (goat),451,KG,aggregate,Retail,KES,700,5.44
2024-09-15,Rift Valley,Turkana,Ethiopia (Kakuma),3253,3.72,34.85,milk and dairy,Milk (UHT),794,500 ML,aggregate,Retail,KES,100,0.78
2024-09-15,Rift Valley,Turkana,Ethiopia (Kakuma),3253,3.72,34.85,oil and fats,Oil (vegetable),96,L,aggregate,Retail,KES,275,2.14
2024-09-15,Rift Valley,Turkana,Ethiopia (Kakuma),3253,3.72,34.85,pulses and nuts,Beans (dry),262,KG,aggregate,Retail,KES,150,1.17
2024-09-15,Rift Valley,Turkana,HongKong (Kakuma),3250,3.75,34.84,cereals and tubers,Maize,51,KG,aggregate,Retail,KES,50,0.39
2024-09-15,Rift Valley,Turkana,HongKong (Kakuma),3250,3.75,34.84,cereals and tubers,Maize flour,76,KG,aggregate,Retail,KES,75,0.58
2024-09-15,Rift Valley,Turkana,HongKong (Kakuma),3250,3.75,34.84,cereals and tubers,Rice,52,KG,aggregate,Retail,KES,140,1.09
2024-09-15,Rift Valley,Turkana,HongKong (Kakuma),3250,3.75,34.84,cereals and tubers,Sorghum,65,KG,aggregate,Retail,KES,50,0.39
2024-09-15,Rift Valley,Turkana,HongKong (Kakuma),3250,3.75,34.84,"meat, fish and eggs",Meat (beef),141,KG,aggregate,Retail,KES,650,5.05
2024-09-15,Rift Valley,Turkana,HongKong (Kakuma),3250,3.75,34.84,milk and dairy,Milk (UHT),794,500 ML,aggregate,Retail,KES,100,0.78
2024-09-15,Rift Valley,Turkana,HongKong (Kakuma),3250,3.75,34.84,oil and fats,Oil (vegetable),96,L,aggregate,Retail,KES,275,2.14
2024-09-15,Rift Valley,Turkana,HongKong (Kakuma),3250,3.75,34.84,pulses and nuts,Beans (dry),262,KG,aggregate,Retail,KES,180,1.4
2024-09-15,Rift Valley,Turkana,Kakuma 2,3248,3.75,34.82,cereals and tubers,Maize,51,KG,aggregate,Retail,KES,50,0.39
2024-09-15,Rift Valley,Turkana,Kakuma 2,3248,3.75,34.82,cereals and tubers,Maize flour,76,KG,aggregate,Retail,KES,80,0.62
2024-09-15,Rift Valley,Turkana,Kakuma 2,3248,3.75,34.82,cereals and tubers,Potatoes (Irish),148,KG,aggregate,Retail,KES,100,0.78
2024-09-15,Rift Valley,Turkana,Kakuma 2,3248,3.75,34.82,"meat, fish and eggs",Meat (goat),451,KG,aggregate,Retail,KES,750,5.83
2024-09-15,Rift Valley,Turkana,Kakuma 2,3248,3.75,34.82,milk and dairy,Milk (UHT),794,500 ML,aggregate,Retail,KES,100,0.78
2024-09-15,Rift Valley,Turkana,Kakuma 2,3248,3.75,34.82,oil and fats,Oil (vegetable),96,L,aggregate,Retail,KES,265,2.06
2024-09-15,Rift Valley,Turkana,Kakuma 2,3248,3.75,34.82,pulses and nuts,Beans (dry),262,KG,aggregate,Retail,KES,145,1.13
2024-09-15,Rift Valley,Turkana,Kakuma 2,3248,3.75,34.82,vegetables and fruits,Bananas,254,Unit,aggregate,Retail,KES,20,0.16
2024-09-15,Rift Valley,Turkana,Kakuma 3,3251,3.77,34.82,cereals and tubers,Maize,51,KG,aggregate,Retail,KES,50,0.39
2024-09-15,Rift Valley,Turkana,Kakuma 3,3251,3.77,34.82,cereals and tubers,Maize flour,76,KG,aggregate,Retail,KES,74.17,0.58
2024-09-15,Rift Valley,Turkana,Kakuma 3,3251,3.77,34.82,cereals and tubers,Potatoes (Irish),148,KG,aggregate,Retail,KES,76.67,0.6
2024-09-15,Rift Valley,Turkana,Kakuma 3,3251,3.77,34.82,cereals and tubers,Rice,52,KG,aggregate,Retail,KES,133.33,1.04
2024-09-15,Rift Valley,Turkana,Kakuma 3,3251,3.77,34.82,"meat, fish and eggs",Meat (beef),141,KG,aggregate,Retail,KES,600,4.66
2024-09-15,Rift Valley,Turkana,Kakuma 3,3251,3.77,34.82,"meat, fish and eggs",Meat (camel),344,KG,aggregate,Retail,KES,600,4.66
2024-09-15,Rift Valley,Turkana,Kakuma 3,3251,3.77,34.82,"meat, fish and eggs",Meat (goat),451,KG,aggregate,Retail,KES,800,6.21
2024-09-15,Rift Valley,Turkana,Kakuma 3,3251,3.77,34.82,milk and dairy,Milk (UHT),794,500 ML,aggregate,Retail,KES,90,0.7
2024-09-15,Rift Valley,Turkana,Kakuma 3,3251,3.77,34.82,oil and fats,Oil (vegetable),96,L,aggregate,Retail,KES,248,1.93
2024-09-15,Rift Valley,Turkana,Kakuma 3,3251,3.77,34.82,pulses and nuts,Beans (dry),262,KG,aggregate,Retail,KES,150,1.17
2024-09-15,Rift Valley,Turkana,Kakuma 3,3251,3.77,34.82,vegetables and fruits,Bananas,254,Unit,aggregate,Retail,KES,20,0.16
2024-09-15,Rift Valley,Turkana,Kakuma 4,3249,3.74,34.81,cereals and tubers,Maize flour,76,KG,aggregate,Retail,KES,75,0.58
2024-09-15,Rift Valley,Turkana,Kakuma 4,3249,3.74,34.81,cereals and tubers,Potatoes (Irish),148,KG,aggregate,Retail,KES,70,0.54
2024-09-15,Rift Valley,Turkana,Kakuma 4,3249,3.74,34.81,cereals and tubers,Rice,52,KG,aggregate,Retail,KES,140,1.09
2024-09-15,Rift Valley,Turkana,Kakuma 4,3249,3.74,34.81,"meat, fish and eggs",Meat (beef),141,KG,aggregate,Retail,KES,700,5.44
2024-09-15,Rift Valley,Turkana,Kakuma 4,3249,3.74,34.81,"meat, fish and eggs",Meat (camel),344,KG,aggregate,Retail,KES,500,3.88
2024-09-15,Rift Valley,Turkana,Kakuma 4,3249,3.74,34.81,"meat, fish and eggs",Meat (goat),451,KG,aggregate,Retail,KES,700,5.44
2024-09-15,Rift Valley,Turkana,Kakuma 4,3249,3.74,34.81,milk and dairy,Milk (UHT),794,500 ML,aggregate,Retail,KES,95,0.74
2024-09-15,Rift Valley,Turkana,Kakuma 4,3249,3.74,34.81,oil and fats,Oil (vegetable),96,L,aggregate,Retail,KES,300,2.33
2024-09-15,Rift Valley,Turkana,Kakuma 4,3249,3.74,34.81,pulses and nuts,Beans (dry),262,KG,aggregate,Retail,KES,170,1.32
2024-09-15,Rift Valley,Turkana,Kalobeyei (Village 1),3244,3.77,34.73,cereals and tubers,Maize,51,KG,aggregate,Retail,KES,42.5,0.33
2024-09-15,Rift Valley,Turkana,Kalobeyei (Village 1),3244,3.77,34.73,cereals and tubers,Maize flour,76,KG,aggregate,Retail,KES,75,0.58
2024-09-15,Rift Valley,Turkana,Kalobeyei (Village 1),3244,3.77,34.73,cereals and tubers,Potatoes (Irish),148,KG,aggregate,Retail,KES,100,0.78
2024-09-15,Rift Valley,Turkana,Kalobeyei (Village 1),3244,3.77,34.73,cereals and tubers,Rice,52,KG,aggregate,Retail,KES,105,0.82
2024-09-15,Rift Valley,Turkana,Kalobeyei (Village 1),3244,3.77,34.73,"meat, fish and eggs",Meat (beef),141,KG,aggregate,Retail,KES,600,4.66
2024-09-15,Rift Valley,Turkana,Kalobeyei (Village 1),3244,3.77,34.73,"meat, fish and eggs",Meat (goat),451,KG,aggregate,Retail,KES,800,6.21
2024-09-15,Rift Valley,Turkana,Kalobeyei (Village 1),3244,3.77,34.73,milk and dairy,Milk (UHT),794,500 ML,aggregate,Retail,KES,80,0.62
2024-09-15,Rift Valley,Turkana,Kalobeyei (Village 1),3244,3.77,34.73,oil and fats,Oil (vegetable),96,L,aggregate,Retail,KES,275,2.14
2024-09-15,Rift Valley,Turkana,Kalobeyei (Village 2),3246,3.76,34.75,cereals and tubers,Maize,51,KG,aggregate,Retail,KES,55,0.43
2024-09-15,Rift Valley,Turkana,Kalobeyei (Village 2),3246,3.76,34.75,cereals and tubers,Maize flour,76,KG,aggregate,Retail,KES,75,0.58
2024-09-15,Rift Valley,Turkana,Kalobeyei (Village 2),3246,3.76,34.75,cereals and tubers,Rice,52,KG,aggregate,Retail,KES,152.5,1.18
2024-09-15,Rift Valley,Turkana,Kalobeyei (Village 2),3246,3.76,34.75,milk and dairy,Milk (UHT),794,500 ML,aggregate,Retail,KES,80,0.62
2024-09-15,Rift Valley,Turkana,Kalobeyei (Village 2),3246,3.76,34.75,oil and fats,Oil (vegetable),96,L,aggregate,Retail,KES,275,2.14
2024-09-15,Rift Valley,Turkana,Kalobeyei (Village 2),3246,3.76,34.75,pulses and nuts,Beans (dry),262,KG,aggregate,Retail,KES,160,1.24
2024-09-15,Rift Valley,Turkana,Kalobeyei (Village 3),3247,3.75,34.76,cereals and tubers,Maize,51,KG,aggregate,Retail,KES,40,0.31
2024-09-15,Rift Valley,Turkana,Kalobeyei (Village 3),3247,3.75,34.76,cereals and tubers,Rice,52,KG,aggregate,Retail,KES,160,1.24
2024-09-15,Rift Valley,Turkana,Kalobeyei (Village 3),3247,3.75,34.76,milk and dairy,Milk (UHT),794,500 ML,aggregate,Retail,KES,70,0.54
2024-09-15,Rift Valley,Turkana,Kalobeyei (Village 3),3247,3.75,34.76,oil and fats,Oil (vegetable),96,L,aggregate,Retail,KES,250,1.94
2024-09-15,Rift Valley,Turkana,Kalobeyei (Village 3),3247,3.75,34.76,pulses and nuts,Beans (dry),262,KG,aggregate,Retail,KES,120,0.93
2024-09-15,Rift Valley,Turkana,Mogadishu (Kakuma),3245,3.72,34.85,cereals and tubers,Maize flour,76,KG,aggregate,Retail,KES,80,0.62
2024-09-15,Rift Valley,Turkana,Mogadishu (Kakuma),3245,3.72,34.85,cereals and tubers,Potatoes (Irish),148,KG,aggregate,Retail,KES,100,0.78
2024-09-15,Rift Valley,Turkana,Mogadishu (Kakuma),3245,3.72,34.85,cereals and tubers,Rice,52,KG,aggregate,Retail,KES,180,1.4
2024-09-15,Rift Valley,Turkana,Mogadishu (Kakuma),3245,3.72,34.85,"meat, fish and eggs",Meat (camel),344,KG,aggregate,Retail,KES,550,4.27
2024-09-15,Rift Valley,Turkana,Mogadishu (Kakuma),3245,3.72,34.85,milk and dairy,Milk (UHT),794,500 ML,aggregate,Retail,KES,100,0.78
2024-09-15,Rift Valley,Turkana,Mogadishu (Kakuma),3245,3.72,34.85,oil and fats,Oil (vegetable),96,L,aggregate,Retail,KES,250,1.94
2024-09-15,Rift Valley,Turkana,Mogadishu (Kakuma),3245,3.72,34.85,pulses and nuts,Beans (dry),262,KG,aggregate,Retail,KES,150,1.17
2024-10-15,North Eastern,Garissa,Dagahaley (Daadab),3252,0.19,40.29,cereals and tubers,Maize flour,76,KG,aggregate,Retail,KES,91.04,0.71
2024-10-15,North Eastern,Garissa,Dagahaley (Daadab),3252,0.19,40.29,cereals and tubers,Potatoes (Irish),148,KG,aggregate,Retail,KES,70.87,0.55
2024-10-15,North Eastern,Garissa,Dagahaley (Daadab),3252,0.19,40.29,cereals and tubers,Rice,52,KG,aggregate,Retail,KES,106.32,0.82
2024-10-15,North Eastern,Garissa,Dagahaley (Daadab),3252,0.19,40.29,cereals and tubers,Wheat flour,58,KG,aggregate,Retail,KES,99.17,0.77
2024-10-15,North Eastern,Garissa,Dagahaley (Daadab),3252,0.19,40.29,miscellaneous food,Salt,185,200 G,aggregate,Retail,KES,10,0.078
2024-10-15,North Eastern,Garissa,Dagahaley (Daadab),3252,0.19,40.29,miscellaneous food,Sugar,97,KG,aggregate,Retail,KES,126.34,0.98
2024-10-15,North Eastern,Garissa,Dagahaley (Daadab),3252,0.19,40.29,oil and fats,Oil (vegetable),96,L,aggregate,Retail,KES,266.49,2.07
2024-10-15,North Eastern,Garissa,Dagahaley (Daadab),3252,0.19,40.29,pulses and nuts,Beans (dry),262,KG,aggregate,Retail,KES,127.42,0.99
2024-10-15,North Eastern,Garissa,Dagahaley (Daadab),3252,0.19,40.29,vegetables and fruits,Bananas,254,Unit,aggregate,Retail,KES,10,0.078
2024-10-15,North Eastern,Garissa,Hagadera (Daadab),3254,0.01,40.37,cereals and tubers,Maize flour,76,KG,aggregate,Retail,KES,89.74,0.7
2024-10-15,North Eastern,Garissa,Hagadera (Daadab),3254,0.01,40.37,cereals and tubers,Potatoes (Irish),148,KG,aggregate,Retail,KES,70.22,0.54
2024-10-15,North Eastern,Garissa,Hagadera (Daadab),3254,0.01,40.37,cereals and tubers,Rice,52,KG,aggregate,Retail,KES,100.94,0.78
2024-10-15,North Eastern,Garissa,Hagadera (Daadab),3254,0.01,40.37,cereals and tubers,Wheat flour,58,KG,aggregate,Retail,KES,99.79,0.77
2024-10-15,North Eastern,Garissa,Hagadera (Daadab),3254,0.01,40.37,"meat, fish and eggs",Meat (camel),344,KG,aggregate,Retail,KES,600,4.65
2024-10-15,North Eastern,Garissa,Hagadera (Daadab),3254,0.01,40.37,"meat, fish and eggs",Meat (goat),451,KG,aggregate,Retail,KES,775,6.01
2024-10-15,North Eastern,Garissa,Hagadera (Daadab),3254,0.01,40.37,miscellaneous food,Salt,185,200 G,aggregate,Retail,KES,10,0.078
2024-10-15,North Eastern,Garissa,Hagadera (Daadab),3254,0.01,40.37,miscellaneous food,Sugar,97,KG,aggregate,Retail,KES,125.19,0.97
2024-10-15,North Eastern,Garissa,Hagadera (Daadab),3254,0.01,40.37,oil and fats,Oil (vegetable),96,L,aggregate,Retail,KES,249.1,1.93
2024-10-15,North Eastern,Garissa,Hagadera (Daadab),3254,0.01,40.37,pulses and nuts,Beans (dry),262,KG,aggregate,Retail,KES,123.94,0.96
2024-10-15,North Eastern,Garissa,Hagadera (Daadab),3254,0.01,40.37,vegetables and fruits,Bananas,254,Unit,aggregate,Retail,KES,10,0.078
2024-10-15,North Eastern,Garissa,IFO (Daadab),3255,0.11,40.32,cereals and tubers,Maize,51,KG,aggregate,Retail,KES,70.97,0.55
2024-10-15,North Eastern,Garissa,IFO (Daadab),3255,0.11,40.32,cereals and tubers,Maize flour,76,KG,aggregate,Retail,KES,100.09,0.78
2024-10-15,North Eastern,Garissa,IFO (Daadab),3255,0.11,40.32,cereals and tubers,Potatoes (Irish),148,KG,aggregate,Retail,KES,74.73,0.58
2024-10-15,North Eastern,Garissa,IFO (Daadab),3255,0.11,40.32,cereals and tubers,Rice,52,KG,aggregate,Retail,KES,111.76,0.87
2024-10-15,North Eastern,Garissa,IFO (Daadab),3255,0.11,40.32,cereals and tubers,Wheat flour,58,KG,aggregate,Retail,KES,99.41,0.77
2024-10-15,North Eastern,Garissa,IFO (Daadab),3255,0.11,40.32,"meat, fish and eggs",Meat (camel),344,KG,aggregate,Retail,KES,627.42,4.86
2024-10-15,North Eastern,Garissa,IFO (Daadab),3255,0.11,40.32,"meat, fish and eggs",Meat (goat),451,KG,aggregate,Retail,KES,737.1,5.71
2024-10-15,North Eastern,Garissa,IFO (Daadab),3255,0.11,40.32,milk and dairy,"Milk (camel, fresh)",817,L,aggregate,Retail,KES,200,1.55
2024-10-15,North Eastern,Garissa,IFO (Daadab),3255,0.11,40.32,miscellaneous food,Salt,185,200 G,aggregate,Retail,KES,10,0.078
2024-10-15,North Eastern,Garissa,IFO (Daadab),3255,0.11,40.32,miscellaneous food,Sugar,97,KG,aggregate,Retail,KES,125.78,0.98
2024-10-15,North Eastern,Garissa,IFO (Daadab),3255,0.11,40.32,oil and fats,Oil (vegetable),96,L,aggregate,Retail,KES,244.65,1.9
2024-10-15,North Eastern,Garissa,IFO (Daadab),3255,0.11,40.32,pulses and nuts,Beans (dry),262,KG,aggregate,Retail,KES,125.22,0.97
2024-10-15,North Eastern,Garissa,IFO (Daadab),3255,0.11,40.32,vegetables and fruits,Bananas,254,Unit,aggregate,Retail,KES,10,0.078
2024-10-15,Rift Valley,Turkana,Ethiopia (Kakuma),3253,3.72,34.85,cereals and tubers,Maize,51,KG,aggregate,Retail,KES,80,0.62
2024-10-15,Rift Valley,Turkana,Ethiopia (Kakuma),3253,3.72,34.85,cereals and tubers,Maize flour,76,KG,aggregate,Retail,KES,76.67,0.59
2024-10-15,Rift Valley,Turkana,Ethiopia (Kakuma),3253,3.72,34.85,cereals and tubers,Potatoes (Irish),148,KG,aggregate,Retail,KES,70,0.54
2024-10-15,Rift Valley,Turkana,Ethiopia (Kakuma),3253,3.72,34.85,cereals and tubers,Rice,52,KG,aggregate,Retail,KES,146.67,1.14
2024-10-15,Rift Valley,Turkana,Ethiopia (Kakuma),3253,3.72,34.85,cereals and tubers,Sorghum,65,KG,aggregate,Retail,KES,70,0.54
2024-10-15,Rift Valley,Turkana,Ethiopia (Kakuma),3253,3.72,34.85,cereals and tubers,Wheat flour,58,KG,aggregate,Retail,KES,90,0.7
2024-10-15,Rift Valley,Turkana,Ethiopia (Kakuma),3253,3.72,34.85,"meat, fish and eggs",Meat (beef),141,KG,aggregate,Retail,KES,600,4.65
2024-10-15,Rift Valley,Turkana,Ethiopia (Kakuma),3253,3.72,34.85,milk and dairy,Milk (UHT),794,500 ML,aggregate,Retail,KES,86.67,0.67
2024-10-15,Rift Valley,Turkana,Ethiopia (Kakuma),3253,3.72,34.85,miscellaneous food,Salt,185,200 G,aggregate,Retail,KES,10,0.078
2024-10-15,Rift Valley,Turkana,Ethiopia (Kakuma),3253,3.72,34.85,miscellaneous food,Sugar,97,KG,aggregate,Retail,KES,140,1.09
2024-10-15,Rift Valley,Turkana,Ethiopia (Kakuma),3253,3.72,34.85,oil and fats,Oil (vegetable),96,L,aggregate,Retail,KES,276.67,2.14
2024-10-15,Rift Valley,Turkana,Ethiopia (Kakuma),3253,3.72,34.85,pulses and nuts,Beans (dry),262,KG,aggregate,Retail,KES,150,1.16
2024-10-15,Rift Valley,Turkana,Ethiopia (Kakuma),3253,3.72,34.85,vegetables and fruits,Bananas,254,Unit,aggregate,Retail,KES,20,0.16
2024-10-15,Rift Valley,Turkana,HongKong (Kakuma),3250,3.75,34.84,cereals and tubers,Maize flour,76,KG,aggregate,Retail,KES,75,0.58
2024-10-15,Rift Valley,Turkana,HongKong (Kakuma),3250,3.75,34.84,cereals and tubers,Rice,52,KG,aggregate,Retail,KES,140,1.09
2024-10-15,Rift Valley,Turkana,HongKong (Kakuma),3250,3.75,34.84,cereals and tubers,Wheat flour,58,KG,aggregate,Retail,KES,80,0.62
2024-10-15,Rift Valley,Turkana,HongKong (Kakuma),3250,3.75,34.84,"meat, fish and eggs",Meat (beef),141,KG,aggregate,Retail,KES,450,3.49
2024-10-15,Rift Valley,Turkana,HongKong (Kakuma),3250,3.75,34.84,"meat, fish and eggs",Meat (goat),451,KG,aggregate,Retail,KES,500,3.88
2024-10-15,Rift Valley,Turkana,HongKong (Kakuma),3250,3.75,34.84,milk and dairy,Milk (UHT),794,500 ML,aggregate,Retail,KES,95,0.74
2024-10-15,Rift Valley,Turkana,HongKong (Kakuma),3250,3.75,34.84,miscellaneous food,Salt,185,200 G,aggregate,Retail,KES,10,0.078
2024-10-15,Rift Valley,Turkana,HongKong (Kakuma),3250,3.75,34.84,miscellaneous food,Sugar,97,KG,aggregate,Retail,KES,150,1.16
2024-10-15,Rift Valley,Turkana,HongKong (Kakuma),3250,3.75,34.84,oil and fats,Oil (vegetable),96,L,aggregate,Retail,KES,300,2.33
2024-10-15,Rift Valley,Turkana,HongKong (Kakuma),3250,3.75,34.84,pulses and nuts,Beans (dry),262,KG,aggregate,Retail,KES,165,1.28
2024-10-15,Rift Valley,Turkana,Kakuma 2,3248,3.75,34.82,cereals and tubers,Maize,51,KG,aggregate,Retail,KES,45,0.35
2024-10-15,Rift Valley,Turkana,Kakuma 2,3248,3.75,34.82,cereals and tubers,Maize flour,76,KG,aggregate,Retail,KES,75,0.58
2024-10-15,Rift Valley,Turkana,Kakuma 2,3248,3.75,34.82,cereals and tubers,Potatoes (Irish),148,KG,aggregate,Retail,KES,80,0.62
2024-10-15,Rift Valley,Turkana,Kakuma 2,3248,3.75,34.82,cereals and tubers,Rice,52,KG,aggregate,Retail,KES,140,1.09
2024-10-15,Rift Valley,Turkana,Kakuma 2,3248,3.75,34.82,cereals and tubers,Wheat flour,58,KG,aggregate,Retail,KES,85,0.66
2024-10-15,Rift Valley,Turkana,Kakuma 2,3248,3.75,34.82,milk and dairy,Milk (UHT),794,500 ML,aggregate,Retail,KES,80,0.62
2024-10-15,Rift Valley,Turkana,Kakuma 2,3248,3.75,34.82,miscellaneous food,Salt,185,200 G,aggregate,Retail,KES,10,0.078
2024-10-15,Rift Valley,Turkana,Kakuma 2,3248,3.75,34.82,miscellaneous food,Sugar,97,KG,aggregate,Retail,KES,125,0.97
2024-10-15,Rift Valley,Turkana,Kakuma 2,3248,3.75,34.82,oil and fats,Oil (vegetable),96,L,aggregate,Retail,KES,250,1.94
2024-10-15,Rift Valley,Turkana,Kakuma 2,3248,3.75,34.82,pulses and nuts,Beans (dry),262,KG,aggregate,Retail,KES,145,1.12
2024-10-15,Rift Valley,Turkana,Kakuma 3,3251,3.77,34.82,cereals and tubers,Maize,51,KG,aggregate,Retail,KES,47.5,0.37
2024-10-15,Rift Valley,Turkana,Kakuma 3,3251,3.77,34.82,cereals and tubers,Maize flour,76,KG,aggregate,Retail,KES,74,0.57
2024-10-15,Rift Valley,Turkana,Kakuma 3,3251,3.77,34.82,cereals and tubers,Rice,52,KG,aggregate,Retail,KES,134,1.04
2024-10-15,Rift Valley,Turkana,Kakuma 3,3251,3.77,34.82,cereals and tubers,Sorghum,65,KG,aggregate,Retail,KES,55,0.43
2024-10-15,Rift Valley,Turkana,Kakuma 3,3251,3.77,34.82,cereals and tubers,Wheat flour,58,KG,aggregate,Retail,KES,84,0.65
2024-10-15,Rift Valley,Turkana,Kakuma 3,3251,3.77,34.82,"meat, fish and eggs",Meat (beef),141,KG,aggregate,Retail,KES,600,4.65
2024-10-15,Rift Valley,Turkana,Kakuma 3,3251,3.77,34.82,"meat, fish and eggs",Meat (camel),344,KG,aggregate,Retail,KES,600,4.65
2024-10-15,Rift Valley,Turkana,Kakuma 3,3251,3.77,34.82,"meat, fish and eggs",Meat (goat),451,KG,aggregate,Retail,KES,800,6.2
2024-10-15,Rift Valley,Turkana,Kakuma 3,3251,3.77,34.82,milk and dairy,Milk (UHT),794,500 ML,aggregate,Retail,KES,80,0.62
2024-10-15,Rift Valley,Turkana,Kakuma 3,3251,3.77,34.82,miscellaneous food,Salt,185,200 G,aggregate,Retail,KES,10,0.078
2024-10-15,Rift Valley,Turkana,Kakuma 3,3251,3.77,34.82,miscellaneous food,Sugar,97,KG,aggregate,Retail,KES,134,1.04
2024-10-15,Rift Valley,Turkana,Kakuma 3,3251,3.77,34.82,oil and fats,Oil (vegetable),96,L,aggregate,Retail,KES,250,1.94
2024-10-15,Rift Valley,Turkana,Kakuma 3,3251,3.77,34.82,pulses and nuts,Beans (dry),262,KG,aggregate,Retail,KES,158,1.22
2024-10-15,Rift Valley,Turkana,Kakuma 3,3251,3.77,34.82,vegetables and fruits,Bananas,254,Unit,aggregate,Retail,KES,20,0.16
2024-10-15,Rift Valley,Turkana,Kakuma 4,3249,3.74,34.81,cereals and tubers,Maize flour,76,KG,aggregate,Retail,KES,77.5,0.6
2024-10-15,Rift Valley,Turkana,Kakuma 4,3249,3.74,34.81,cereals and tubers,Rice,52,KG,aggregate,Retail,KES,142.5,1.1
2024-10-15,Rift Valley,Turkana,Kakuma 4,3249,3.74,34.81,cereals and tubers,Wheat flour,58,KG,aggregate,Retail,KES,90,0.7
2024-10-15,Rift Valley,Turkana,Kakuma 4,3249,3.74,34.81,"meat, fish and eggs",Meat (goat),451,KG,aggregate,Retail,KES,700,5.43
2024-10-15,Rift Valley,Turkana,Kakuma 4,3249,3.74,34.81,milk and dairy,Milk (UHT),794,500 ML,aggregate,Retail,KES,86.67,0.67
2024-10-15,Rift Valley,Turkana,Kakuma 4,3249,3.74,34.81,miscellaneous food,Salt,185,200 G,aggregate,Retail,KES,13.75,0.11
2024-10-15,Rift Valley,Turkana,Kakuma 4,3249,3.74,34.81,miscellaneous food,Sugar,97,KG,aggregate,Retail,KES,142.5,1.1
2024-10-15,Rift Valley,Turkana,Kakuma 4,3249,3.74,34.81,oil and fats,Oil (vegetable),96,L,aggregate,Retail,KES,283.33,2.2
2024-10-15,Rift Valley,Turkana,Kakuma 4,3249,3.74,34.81,pulses and nuts,Beans (dry),262,KG,aggregate,Retail,KES,147.5,1.14
2024-10-15,Rift Valley,Turkana,Kalobeyei (Village 1),3244,3.77,34.73,cereals and tubers,Maize,51,KG,aggregate,Retail,KES,43.33,0.34
2024-10-15,Rift Valley,Turkana,Kalobeyei (Village 1),3244,3.77,34.73,cereals and tubers,Maize flour,76,KG,aggregate,Retail,KES,72.5,0.56
2024-10-15,Rift Valley,Turkana,Kalobeyei (Village 1),3244,3.77,34.73,cereals and tubers,Potatoes (Irish),148,KG,aggregate,Retail,KES,75,0.58
2024-10-15,Rift Valley,Turkana,Kalobeyei (Village 1),3244,3.77,34.73,cereals and tubers,Rice,52,KG,aggregate,Retail,KES,110,0.85
2024-10-15,Rift Valley,Turkana,Kalobeyei (Village 1),3244,3.77,34.73,cereals and tubers,Sorghum,65,KG,aggregate,Retail,KES,45,0.35
2024-10-15,Rift Valley,Turkana,Kalobeyei (Village 1),3244,3.77,34.73,"meat, fish and eggs",Meat (beef),141,KG,aggregate,Retail,KES,600,4.65
2024-10-15,Rift Valley,Turkana,Kalobeyei (Village 1),3244,3.77,34.73,"meat, fish and eggs",Meat (goat),451,KG,aggregate,Retail,KES,600,4.65
2024-10-15,Rift Valley,Turkana,Kalobeyei (Village 1),3244,3.77,34.73,milk and dairy,Milk (UHT),794,500 ML,aggregate,Retail,KES,80,0.62
2024-10-15,Rift Valley,Turkana,Kalobeyei (Village 1),3244,3.77,34.73,miscellaneous food,Salt,185,200 G,aggregate,Retail,KES,11.25,0.087
2024-10-15,Rift Valley,Turkana,Kalobeyei (Village 1),3244,3.77,34.73,miscellaneous food,Sugar,97,KG,aggregate,Retail,KES,127.5,0.99
2024-10-15,Rift Valley,Turkana,Kalobeyei (Village 1),3244,3.77,34.73,oil and fats,Oil (vegetable),96,L,aggregate,Retail,KES,257.5,2
2024-10-15,Rift Valley,Turkana,Kalobeyei (Village 1),3244,3.77,34.73,pulses and nuts,Beans (dry),262,KG,aggregate,Retail,KES,117.5,0.91
2024-10-15,Rift Valley,Turkana,Kalobeyei (Village 1),3244,3.77,34.73,vegetables and fruits,Bananas,254,Unit,aggregate,Retail,KES,20,0.16
2024-10-15,Rift Valley,Turkana,Kalobeyei (Village 3),3247,3.75,34.76,cereals and tubers,Maize,51,KG,aggregate,Retail,KES,55,0.43
2024-10-15,Rift Valley,Turkana,Kalobeyei (Village 3),3247,3.75,34.76,cereals and tubers,Maize flour,76,KG,aggregate,Retail,KES,80,0.62
2024-10-15,Rift Valley,Turkana,Kalobeyei (Village 3),3247,3.75,34.76,cereals and tubers,Potatoes (Irish),148,KG,aggregate,Retail,KES,100,0.78
2024-10-15,Rift Valley,Turkana,Kalobeyei (Village 3),3247,3.75,34.76,cereals and tubers,Rice,52,KG,aggregate,Retail,KES,100,0.78
2024-10-15,Rift Valley,Turkana,Kalobeyei (Village 3),3247,3.75,34.76,cereals and tubers,Wheat flour,58,KG,aggregate,Retail,KES,90,0.7
2024-10-15,Rift Valley,Turkana,Kalobeyei (Village 3),3247,3.75,34.76,"meat, fish and eggs",Meat (beef),141,KG,aggregate,Retail,KES,500,3.88
2024-10-15,Rift Valley,Turkana,Kalobeyei (Village 3),3247,3.75,34.76,"meat, fish and eggs",Meat (goat),451,KG,aggregate,Retail,KES,700,5.43
2024-10-15,Rift Valley,Turkana,Kalobeyei (Village 3),3247,3.75,34.76,milk and dairy,Milk (UHT),794,500 ML,aggregate,Retail,KES,80,0.62
2024-10-15,Rift Valley,Turkana,Kalobeyei (Village 3),3247,3.75,34.76,miscellaneous food,Salt,185,200 G,aggregate,Retail,KES,10,0.078
2024-10-15,Rift Valley,Turkana,Kalobeyei (Village 3),3247,3.75,34.76,miscellaneous food,Sugar,97,KG,aggregate,Retail,KES,130,1.01
2024-10-15,Rift Valley,Turkana,Kalobeyei (Village 3),3247,3.75,34.76,oil and fats,Oil (vegetable),96,L,aggregate,Retail,KES,315,2.44
2024-10-15,Rift Valley,Turkana,Kalobeyei (Village 3),3247,3.75,34.76,pulses and nuts,Beans (dry),262,KG,aggregate,Retail,KES,130,1.01
2024-10-15,Rift Valley,Turkana,Kalobeyei (Village 3),3247,3.75,34.76,vegetables and fruits,Bananas,254,Unit,aggregate,Retail,KES,20,0.16
2024-10-15,Rift Valley,Turkana,Mogadishu (Kakuma),3245,3.72,34.85,cereals and tubers,Maize,51,KG,aggregate,Retail,KES,60,0.47
2024-10-15,Rift Valley,Turkana,Mogadishu (Kakuma),3245,3.72,34.85,cereals and tubers,Maize flour,76,KG,aggregate,Retail,KES,70,0.54
2024-10-15,Rift Valley,Turkana,Mogadishu (Kakuma),3245,3.72,34.85,cereals and tubers,Potatoes (Irish),148,KG,aggregate,Retail,KES,70,0.54
2024-10-15,Rift Valley,Turkana,Mogadishu (Kakuma),3245,3.72,34.85,cereals and tubers,Rice,52,KG,aggregate,Retail,KES,120,0.93
2024-10-15,Rift Valley,Turkana,Mogadishu (Kakuma),3245,3.72,34.85,cereals and tubers,Sorghum,65,KG,aggregate,Retail,KES,80,0.62
2024-10-15,Rift Valley,Turkana,Mogadishu (Kakuma),3245,3.72,34.85,cereals and tubers,Wheat flour,58,KG,aggregate,Retail,KES,80,0.62
2024-10-15,Rift Valley,Turkana,Mogadishu (Kakuma),3245,3.72,34.85,miscellaneous food,Salt,185,200 G,aggregate,Retail,KES,10,0.078
2024-10-15,Rift Valley,Turkana,Mogadishu (Kakuma),3245,3.72,34.85,miscellaneous food,Sugar,97,KG,aggregate,Retail,KES,130,1.01
2024-10-15,Rift Valley,Turkana,Mogadishu (Kakuma),3245,3.72,34.85,oil and fats,Oil (vegetable),96,L,aggregate,Retail,KES,250,1.94
2024-10-15,Rift Valley,Turkana,Mogadishu (Kakuma),3245,3.72,34.85,pulses and nuts,Beans (dry),262,KG,aggregate,Retail,KES,130,1.01
2024-11-15,North Eastern,Garissa,Dagahaley (Daadab),3252,0.19,40.29,cereals and tubers,Maize flour,76,KG,aggregate,Retail,KES,93.92,0.72
2024-11-15,North Eastern,Garissa,Dagahaley (Daadab),3252,0.19,40.29,cereals and tubers,Potatoes (Irish),148,KG,aggregate,Retail,KES,66.69,0.51
2024-11-15,North Eastern,Garissa,Dagahaley (Daadab),3252,0.19,40.29,cereals and tubers,Rice,52,KG,aggregate,Retail,KES,110.24,0.85
2024-11-15,North Eastern,Garissa,Dagahaley (Daadab),3252,0.19,40.29,cereals and tubers,Wheat flour,58,KG,aggregate,Retail,KES,98.33,0.76
2024-11-15,North Eastern,Garissa,Dagahaley (Daadab),3252,0.19,40.29,milk and dairy,"Milk (camel, fresh)",817,L,aggregate,Retail,KES,280,2.16
2024-11-15,North Eastern,Garissa,Dagahaley (Daadab),3252,0.19,40.29,miscellaneous food,Salt,185,200 G,aggregate,Retail,KES,10,0.077
2024-11-15,North Eastern,Garissa,Dagahaley (Daadab),3252,0.19,40.29,miscellaneous food,Sugar,97,KG,aggregate,Retail,KES,124.79,0.96
2024-11-15,North Eastern,Garissa,Dagahaley (Daadab),3252,0.19,40.29,oil and fats,Oil (vegetable),96,L,aggregate,Retail,KES,271.27,2.09
2024-11-15,North Eastern,Garissa,Dagahaley (Daadab),3252,0.19,40.29,pulses and nuts,Beans (dry),262,KG,aggregate,Retail,KES,123.97,0.96
2024-11-15,North Eastern,Garissa,Dagahaley (Daadab),3252,0.19,40.29,vegetables and fruits,Bananas,254,Unit,aggregate,Retail,KES,10,0.077
2024-11-15,North Eastern,Garissa,Hagadera (Daadab),3254,0.01,40.37,cereals and tubers,Maize,51,KG,aggregate,Retail,KES,60,0.46
2024-11-15,North Eastern,Garissa,Hagadera (Daadab),3254,0.01,40.37,cereals and tubers,Maize flour,76,KG,aggregate,Retail,KES,86.37,0.67
2024-11-15,North Eastern,Garissa,Hagadera (Daadab),3254,0.01,40.37,cereals and tubers,Potatoes (Irish),148,KG,aggregate,Retail,KES,69.14,0.53
2024-11-15,North Eastern,Garissa,Hagadera (Daadab),3254,0.01,40.37,cereals and tubers,Rice,52,KG,aggregate,Retail,KES,99.5,0.77
2024-11-15,North Eastern,Garissa,Hagadera (Daadab),3254,0.01,40.37,cereals and tubers,Wheat flour,58,KG,aggregate,Retail,KES,97.09,0.75
2024-11-15,North Eastern,Garissa,Hagadera (Daadab),3254,0.01,40.37,"meat, fish and eggs",Meat (camel),344,KG,aggregate,Retail,KES,600,4.63
2024-11-15,North Eastern,Garissa,Hagadera (Daadab),3254,0.01,40.37,"meat, fish and eggs",Meat (goat),451,KG,aggregate,Retail,KES,700,5.4
2024-11-15,North Eastern,Garissa,Hagadera (Daadab),3254,0.01,40.37,miscellaneous food,Salt,185,200 G,aggregate,Retail,KES,10,0.077
2024-11-15,North Eastern,Garissa,Hagadera (Daadab),3254,0.01,40.37,miscellaneous food,Sugar,97,KG,aggregate,Retail,KES,123.5,0.95
2024-11-15,North Eastern,Garissa,Hagadera (Daadab),3254,0.01,40.37,oil and fats,Oil (vegetable),96,L,aggregate,Retail,KES,280.68,2.17
2024-11-15,North Eastern,Garissa,Hagadera (Daadab),3254,0.01,40.37,pulses and nuts,Beans (dry),262,KG,aggregate,Retail,KES,122.63,0.95
2024-11-15,North Eastern,Garissa,Hagadera (Daadab),3254,0.01,40.37,vegetables and fruits,Bananas,254,Unit,aggregate,Retail,KES,10,0.077
2024-11-15,North Eastern,Garissa,IFO (Daadab),3255,0.11,40.32,cereals and tubers,Maize,51,KG,aggregate,Retail,KES,70,0.54
2024-11-15,North Eastern,Garissa,IFO (Daadab),3255,0.11,40.32,cereals and tubers,Maize flour,76,KG,aggregate,Retail,KES,100.92,0.78
2024-11-15,North Eastern,Garissa,IFO (Daadab),3255,0.11,40.32,cereals and tubers,Potatoes (Irish),148,KG,aggregate,Retail,KES,74.69,0.58
2024-11-15,North Eastern,Garissa,IFO (Daadab),3255,0.11,40.32,cereals and tubers,Rice,52,KG,aggregate,Retail,KES,112.63,0.87
2024-11-15,North Eastern,Garissa,IFO (Daadab),3255,0.11,40.32,cereals and tubers,Wheat flour,58,KG,aggregate,Retail,KES,99.7,0.77
2024-11-15,North Eastern,Garissa,IFO (Daadab),3255,0.11,40.32,"meat, fish and eggs",Meat (camel),344,KG,aggregate,Retail,KES,602.33,4.65
2024-11-15,North Eastern,Garissa,IFO (Daadab),3255,0.11,40.32,"meat, fish and eggs",Meat (goat),451,KG,aggregate,Retail,KES,600,4.63
2024-11-15,North Eastern,Garissa,IFO (Daadab),3255,0.11,40.32,milk and dairy,"Milk (camel, fresh)",817,L,aggregate,Retail,KES,200,1.54
2024-11-15,North Eastern,Garissa,IFO (Daadab),3255,0.11,40.32,miscellaneous food,Salt,185,200 G,aggregate,Retail,KES,10,0.077
2024-11-15,North Eastern,Garissa,IFO (Daadab),3255,0.11,40.32,miscellaneous food,Sugar,97,KG,aggregate,Retail,KES,122.74,0.95
2024-11-15,North Eastern,Garissa,IFO (Daadab),3255,0.11,40.32,oil and fats,Oil (vegetable),96,L,aggregate,Retail,KES,249.41,1.93
2024-11-15,North Eastern,Garissa,IFO (Daadab),3255,0.11,40.32,pulses and nuts,Beans (dry),262,KG,aggregate,Retail,KES,122.27,0.94
2024-11-15,North Eastern,Garissa,IFO (Daadab),3255,0.11,40.32,vegetables and fruits,Bananas,254,Unit,aggregate,Retail,KES,10,0.077
2024-11-15,Rift Valley,Turkana,Ethiopia (Kakuma),3253,3.72,34.85,cereals and tubers,Maize,51,KG,aggregate,Retail,KES,50,0.39
2024-11-15,Rift Valley,Turkana,Ethiopia (Kakuma),3253,3.72,34.85,cereals and tubers,Maize flour,76,KG,aggregate,Retail,KES,80,0.62
2024-11-15,Rift Valley,Turkana,Ethiopia (Kakuma),3253,3.72,34.85,cereals and tubers,Potatoes (Irish),148,KG,aggregate,Retail,KES,90,0.69
2024-11-15,Rift Valley,Turkana,Ethiopia (Kakuma),3253,3.72,34.85,cereals and tubers,Rice,52,KG,aggregate,Retail,KES,143.33,1.11
2024-11-15,Rift Valley,Turkana,Ethiopia (Kakuma),3253,3.72,34.85,cereals and tubers,Sorghum,65,KG,aggregate,Retail,KES,50,0.39
2024-11-15,Rift Valley,Turkana,Ethiopia (Kakuma),3253,3.72,34.85,cereals and tubers,Wheat flour,58,KG,aggregate,Retail,KES,96.67,0.75
2024-11-15,Rift Valley,Turkana,Ethiopia (Kakuma),3253,3.72,34.85,"meat, fish and eggs",Meat (camel),344,KG,aggregate,Retail,KES,600,4.63
2024-11-15,Rift Valley,Turkana,Ethiopia (Kakuma),3253,3.72,34.85,"meat, fish and eggs",Meat (goat),451,KG,aggregate,Retail,KES,700,5.4
2024-11-15,Rift Valley,Turkana,Ethiopia (Kakuma),3253,3.72,34.85,milk and dairy,Milk (UHT),794,500 ML,aggregate,Retail,KES,93.33,0.72
2024-11-15,Rift Valley,Turkana,Ethiopia (Kakuma),3253,3.72,34.85,miscellaneous food,Salt,185,200 G,aggregate,Retail,KES,11.67,0.09
2024-11-15,Rift Valley,Turkana,Ethiopia (Kakuma),3253,3.72,34.85,miscellaneous food,Sugar,97,KG,aggregate,Retail,KES,150,1.16
2024-11-15,Rift Valley,Turkana,Ethiopia (Kakuma),3253,3.72,34.85,oil and fats,Oil (vegetable),96,L,aggregate,Retail,KES,316.67,2.44
2024-11-15,Rift Valley,Turkana,Ethiopia (Kakuma),3253,3.72,34.85,pulses and nuts,Beans (dry),262,KG,aggregate,Retail,KES,150,1.16
2024-11-15,Rift Valley,Turkana,HongKong (Kakuma),3250,3.75,34.84,cereals and tubers,Maize flour,76,KG,aggregate,Retail,KES,75,0.58
2024-11-15,Rift Valley,Turkana,HongKong (Kakuma),3250,3.75,34.84,cereals and tubers,Rice,52,KG,aggregate,Retail,KES,165,1.27
2024-11-15,Rift Valley,Turkana,HongKong (Kakuma),3250,3.75,34.84,cereals and tubers,Wheat flour,58,KG,aggregate,Retail,KES,85,0.66
2024-11-15,Rift Valley,Turkana,HongKong (Kakuma),3250,3.75,34.84,"meat, fish and eggs",Meat (beef),141,KG,aggregate,Retail,KES,600,4.63
2024-11-15,Rift Valley,Turkana,HongKong (Kakuma),3250,3.75,34.84,"meat, fish and eggs",Meat (camel),344,KG,aggregate,Retail,KES,600,4.63
2024-11-15,Rift Valley,Turkana,HongKong (Kakuma),3250,3.75,34.84,"meat, fish and eggs",Meat (goat),451,KG,aggregate,Retail,KES,700,5.4
2024-11-15,Rift Valley,Turkana,HongKong (Kakuma),3250,3.75,34.84,milk and dairy,Milk (UHT),794,500 ML,aggregate,Retail,KES,80,0.62
2024-11-15,Rift Valley,Turkana,HongKong (Kakuma),3250,3.75,34.84,miscellaneous food,Salt,185,200 G,aggregate,Retail,KES,10,0.077
2024-11-15,Rift Valley,Turkana,HongKong (Kakuma),3250,3.75,34.84,miscellaneous food,Sugar,97,KG,aggregate,Retail,KES,155,1.2
2024-11-15,Rift Valley,Turkana,HongKong (Kakuma),3250,3.75,34.84,oil and fats,Oil (vegetable),96,L,aggregate,Retail,KES,325,2.51
2024-11-15,Rift Valley,Turkana,HongKong (Kakuma),3250,3.75,34.84,pulses and nuts,Beans (dry),262,KG,aggregate,Retail,KES,165,1.27
2024-11-15,Rift Valley,Turkana,HongKong (Kakuma),3250,3.75,34.84,vegetables and fruits,Bananas,254,Unit,aggregate,Retail,KES,20,0.15
2024-11-15,Rift Valley,Turkana,Kakuma 3,3251,3.77,34.82,cereals and tubers,Maize,51,KG,aggregate,Retail,KES,58.33,0.45
2024-11-15,Rift Valley,Turkana,Kakuma 3,3251,3.77,34.82,cereals and tubers,Maize flour,76,KG,aggregate,Retail,KES,78.89,0.61
2024-11-15,Rift Valley,Turkana,Kakuma 3,3251,3.77,34.82,cereals and tubers,Potatoes (Irish),148,KG,aggregate,Retail,KES,92,0.71
2024-11-15,Rift Valley,Turkana,Kakuma 3,3251,3.77,34.82,cereals and tubers,Rice,52,KG,aggregate,Retail,KES,147.78,1.14
2024-11-15,Rift Valley,Turkana,Kakuma 3,3251,3.77,34.82,cereals and tubers,Wheat flour,58,KG,aggregate,Retail,KES,87.78,0.68
2024-11-15,Rift Valley,Turkana,Kakuma 3,3251,3.77,34.82,"meat, fish and eggs",Meat (beef),141,KG,aggregate,Retail,KES,600,4.63
2024-11-15,Rift Valley,Turkana,Kakuma 3,3251,3.77,34.82,"meat, fish and eggs",Meat (camel),344,KG,aggregate,Retail,KES,550,4.25
2024-11-15,Rift Valley,Turkana,Kakuma 3,3251,3.77,34.82,"meat, fish and eggs",Meat (goat),451,KG,aggregate,Retail,KES,716.67,5.53
2024-11-15,Rift Valley,Turkana,Kakuma 3,3251,3.77,34.82,milk and dairy,Milk (UHT),794,500 ML,aggregate,Retail,KES,88.75,0.69
2024-11-15,Rift Valley,Turkana,Kakuma 3,3251,3.77,34.82,miscellaneous food,Salt,185,200 G,aggregate,Retail,KES,10,0.077
2024-11-15,Rift Valley,Turkana,Kakuma 3,3251,3.77,34.82,miscellaneous food,Sugar,97,KG,aggregate,Retail,KES,151.11,1.17
2024-11-15,Rift Valley,Turkana,Kakuma 3,3251,3.77,34.82,oil and fats,Oil (vegetable),96,L,aggregate,Retail,KES,292.22,2.26
2024-11-15,Rift Valley,Turkana,Kakuma 3,3251,3.77,34.82,pulses and nuts,Beans (dry),262,KG,aggregate,Retail,KES,148.89,1.15
2024-11-15,Rift Valley,Turkana,Kakuma 3,3251,3.77,34.82,vegetables and fruits,Bananas,254,Unit,aggregate,Retail,KES,20,0.15
2024-11-15,Rift Valley,Turkana,Kakuma 4,3249,3.74,34.81,cereals and tubers,Maize,51,KG,aggregate,Retail,KES,55,0.42
2024-11-15,Rift Valley,Turkana,Kakuma 4,3249,3.74,34.81,cereals and tubers,Maize flour,76,KG,aggregate,Retail,KES,78,0.6
2024-11-15,Rift Valley,Turkana,Kakuma 4,3249,3.74,34.81,cereals and tubers,Potatoes (Irish),148,KG,aggregate,Retail,KES,80,0.62
2024-11-15,Rift Valley,Turkana,Kakuma 4,3249,3.74,34.81,cereals and tubers,Rice,52,KG,aggregate,Retail,KES,154,1.19
2024-11-15,Rift Valley,Turkana,Kakuma 4,3249,3.74,34.81,cereals and tubers,Wheat flour,58,KG,aggregate,Retail,KES,83,0.64
2024-11-15,Rift Valley,Turkana,Kakuma 4,3249,3.74,34.81,"meat, fish and eggs",Meat (beef),141,KG,aggregate,Retail,KES,650,5.02
2024-11-15,Rift Valley,Turkana,Kakuma 4,3249,3.74,34.81,"meat, fish and eggs",Meat (goat),451,KG,aggregate,Retail,KES,700,5.4
2024-11-15,Rift Valley,Turkana,Kakuma 4,3249,3.74,34.81,milk and dairy,Milk (UHT),794,500 ML,aggregate,Retail,KES,88,0.68
2024-11-15,Rift Valley,Turkana,Kakuma 4,3249,3.74,34.81,miscellaneous food,Salt,185,200 G,aggregate,Retail,KES,13,0.1
2024-11-15,Rift Valley,Turkana,Kakuma 4,3249,3.74,34.81,miscellaneous food,Sugar,97,KG,aggregate,Retail,KES,152,1.17
2024-11-15,Rift Valley,Turkana,Kakuma 4,3249,3.74,34.81,oil and fats,Oil (vegetable),96,L,aggregate,Retail,KES,310,2.39
2024-11-15,Rift Valley,Turkana,Kakuma 4,3249,3.74,34.81,pulses and nuts,Beans (dry),262,KG,aggregate,Retail,KES,148,1.14
2024-11-15,Rift Valley,Turkana,Kalobeyei (Village 1),3244,3.77,34.73,cereals and tubers,Maize,51,KG,aggregate,Retail,KES,55,0.42
2024-11-15,Rift Valley,Turkana,Kalobeyei (Village 1),3244,3.77,34.73,cereals and tubers,Maize flour,76,KG,aggregate,Retail,KES,84.29,0.65
2024-11-15,Rift Valley,Turkana,Kalobeyei (Village 1),3244,3.77,34.73,cereals and tubers,Potatoes (Irish),148,KG,aggregate,Retail,KES,88.33,0.68
2024-11-15,Rift Valley,Turkana,Kalobeyei (Village 1),3244,3.77,34.73,cereals and tubers,Rice,52,KG,aggregate,Retail,KES,150,1.16
2024-11-15,Rift Valley,Turkana,Kalobeyei (Village 1),3244,3.77,34.73,cereals and tubers,Wheat flour,58,KG,aggregate,Retail,KES,91.43,0.71
2024-11-15,Rift Valley,Turkana,Kalobeyei (Village 1),3244,3.77,34.73,"meat, fish and eggs",Meat (beef),141,KG,aggregate,Retail,KES,600,4.63
2024-11-15,Rift Valley,Turkana,Kalobeyei (Village 1),3244,3.77,34.73,"meat, fish and eggs",Meat (camel),344,KG,aggregate,Retail,KES,500,3.86
2024-11-15,Rift Valley,Turkana,Kalobeyei (Village 1),3244,3.77,34.73,"meat, fish and eggs",Meat (goat),451,KG,aggregate,Retail,KES,666.67,5.15
2024-11-15,Rift Valley,Turkana,Kalobeyei (Village 1),3244,3.77,34.73,milk and dairy,Milk (UHT),794,500 ML,aggregate,Retail,KES,84,0.65
2024-11-15,Rift Valley,Turkana,Kalobeyei (Village 1),3244,3.77,34.73,miscellaneous food,Salt,185,200 G,aggregate,Retail,KES,10,0.077
2024-11-15,Rift Valley,Turkana,Kalobeyei (Village 1),3244,3.77,34.73,miscellaneous food,Sugar,97,KG,aggregate,Retail,KES,147.14,1.14
2024-11-15,Rift Valley,Turkana,Kalobeyei (Village 1),3244,3.77,34.73,oil and fats,Oil (vegetable),96,L,aggregate,Retail,KES,288.33,2.23
2024-11-15,Rift Valley,Turkana,Kalobeyei (Village 1),3244,3.77,34.73,vegetables and fruits,Bananas,254,Unit,aggregate,Retail,KES,20,0.15
2024-11-15,Rift Valley,Turkana,Kalobeyei (Village 2),3246,3.76,34.75,cereals and tubers,Maize,51,KG,aggregate,Retail,KES,50,0.39
2024-11-15,Rift Valley,Turkana,Kalobeyei (Village 2),3246,3.76,34.75,cereals and tubers,Maize flour,76,KG,aggregate,Retail,KES,73.33,0.57
2024-11-15,Rift Valley,Turkana,Kalobeyei (Village 2),3246,3.76,34.75,cereals and tubers,Potatoes (Irish),148,KG,aggregate,Retail,KES,80,0.62
2024-11-15,Rift Valley,Turkana,Kalobeyei (Village 2),3246,3.76,34.75,cereals and tubers,Rice,52,KG,aggregate,Retail,KES,117.5,0.91
2024-11-15,Rift Valley,Turkana,Kalobeyei (Village 2),3246,3.76,34.75,cereals and tubers,Sorghum,65,KG,aggregate,Retail,KES,60,0.46
2024-11-15,Rift Valley,Turkana,Kalobeyei (Village 2),3246,3.76,34.75,cereals and tubers,Wheat flour,58,KG,aggregate,Retail,KES,90,0.69
2024-11-15,Rift Valley,Turkana,Kalobeyei (Village 2),3246,3.76,34.75,"meat, fish and eggs",Meat (goat),451,KG,aggregate,Retail,KES,616.67,4.76
2024-11-15,Rift Valley,Turkana,Kalobeyei (Village 2),3246,3.76,34.75,miscellaneous food,Sugar,97,KG,aggregate,Retail,KES,147.5,1.14
2024-11-15,Rift Valley,Turkana,Kalobeyei (Village 2),3246,3.76,34.75,oil and fats,Oil (vegetable),96,L,aggregate,Retail,KES,285,2.2
2024-11-15,Rift Valley,Turkana,Kalobeyei (Village 2),3246,3.76,34.75,pulses and nuts,Beans (dry),262,KG,aggregate,Retail,KES,146.67,1.13
2024-11-15,Rift Valley,Turkana,Kalobeyei (Village 2),3246,3.76,34.75,vegetables and fruits,Bananas,254,Unit,aggregate,Retail,KES,15,0.12
2024-11-15,Rift Valley,Turkana,Kalobeyei (Village 3),3247,3.75,34.76,cereals and tubers,Maize flour,76,KG,aggregate,Retail,KES,80,0.62
2024-11-15,Rift Valley,Turkana,Kalobeyei (Village 3),3247,3.75,34.76,cereals and tubers,Potatoes (Irish),148,KG,aggregate,Retail,KES,70,0.54
2024-11-15,Rift Valley,Turkana,Kalobeyei (Village 3),3247,3.75,34.76,cereals and tubers,Rice,52,KG,aggregate,Retail,KES,126.67,0.98
2024-11-15,Rift Valley,Turkana,Kalobeyei (Village 3),3247,3.75,34.76,cereals and tubers,Wheat flour,58,KG,aggregate,Retail,KES,90,0.69
2024-11-15,Rift Valley,Turkana,Kalobeyei (Village 3),3247,3.75,34.76,"meat, fish and eggs",Meat (beef),141,KG,aggregate,Retail,KES,500,3.86
2024-11-15,Rift Valley,Turkana,Kalobeyei (Village 3),3247,3.75,34.76,"meat, fish and eggs",Meat (camel),344,KG,aggregate,Retail,KES,600,4.63
2024-11-15,Rift Valley,Turkana,Kalobeyei (Village 3),3247,3.75,34.76,"meat, fish and eggs",Meat (goat),451,KG,aggregate,Retail,KES,600,4.63
2024-11-15,Rift Valley,Turkana,Kalobeyei (Village 3),3247,3.75,34.76,milk and dairy,Milk (UHT),794,500 ML,aggregate,Retail,KES,73.33,0.57
2024-11-15,Rift Valley,Turkana,Kalobeyei (Village 3),3247,3.75,34.76,miscellaneous food,Salt,185,200 G,aggregate,Retail,KES,10,0.077
2024-11-15,Rift Valley,Turkana,Kalobeyei (Village 3),3247,3.75,34.76,miscellaneous food,Sugar,97,KG,aggregate,Retail,KES,146.67,1.13
2024-11-15,Rift Valley,Turkana,Kalobeyei (Village 3),3247,3.75,34.76,oil and fats,Oil (vegetable),96,L,aggregate,Retail,KES,293.33,2.26
2024-11-15,Rift Valley,Turkana,Kalobeyei (Village 3),3247,3.75,34.76,pulses and nuts,Beans (dry),262,KG,aggregate,Retail,KES,113.33,0.87
2024-11-15,Rift Valley,Turkana,Kalobeyei (Village 3),3247,3.75,34.76,vegetables and fruits,Bananas,254,Unit,aggregate,Retail,KES,20,0.15
2024-11-15,Rift Valley,Turkana,Mogadishu (Kakuma),3245,3.72,34.85,cereals and tubers,Maize,51,KG,aggregate,Retail,KES,60,0.46
2024-11-15,Rift Valley,Turkana,Mogadishu (Kakuma),3245,3.72,34.85,cereals and tubers,Maize flour,76,KG,aggregate,Retail,KES,85,0.66
2024-11-15,Rift Valley,Turkana,Mogadishu (Kakuma),3245,3.72,34.85,cereals and tubers,Potatoes (Irish),148,KG,aggregate,Retail,KES,76.25,0.59
2024-11-15,Rift Valley,Turkana,Mogadishu (Kakuma),3245,3.72,34.85,cereals and tubers,Rice,52,KG,aggregate,Retail,KES,165,1.27
2024-11-15,Rift Valley,Turkana,Mogadishu (Kakuma),3245,3.72,34.85,cereals and tubers,Sorghum,65,KG,aggregate,Retail,KES,70,0.54
2024-11-15,Rift Valley,Turkana,Mogadishu (Kakuma),3245,3.72,34.85,cereals and tubers,Wheat flour,58,KG,aggregate,Retail,KES,92.5,0.71
2024-11-15,Rift Valley,Turkana,Mogadishu (Kakuma),3245,3.72,34.85,"meat, fish and eggs",Meat (camel),344,KG,aggregate,Retail,KES,600,4.63
2024-11-15,Rift Valley,Turkana,Mogadishu (Kakuma),3245,3.72,34.85,"meat, fish and eggs",Meat (goat),451,KG,aggregate,Retail,KES,700,5.4
2024-11-15,Rift Valley,Turkana,Mogadishu (Kakuma),3245,3.72,34.85,miscellaneous food,Salt,185,200 G,aggregate,Retail,KES,10,0.077
2024-11-15,Rift Valley,Turkana,Mogadishu (Kakuma),3245,3.72,34.85,miscellaneous food,Sugar,97,KG,aggregate,Retail,KES,162.5,1.25
2024-11-15,Rift Valley,Turkana,Mogadishu (Kakuma),3245,3.72,34.85,oil and fats,Oil (vegetable),96,L,aggregate,Retail,KES,295,2.28
2024-11-15,Rift Valley,Turkana,Mogadishu (Kakuma),3245,3.72,34.85,pulses and nuts,Beans (dry),262,KG,aggregate,Retail,KES,172.5,1.33
2024-11-15,Rift Valley,Turkana,Mogadishu (Kakuma),3245,3.72,34.85,vegetables and fruits,Bananas,254,Unit,aggregate,Retail,KES,20,0.15
2024-12-15,North Eastern,Garissa,Dagahaley (Daadab),3252,0.19,40.29,cereals and tubers,Maize flour,76,KG,aggregate,Retail,KES,100.66,0.78
2024-12-15,North Eastern,Garissa,Dagahaley (Daadab),3252,0.19,40.29,cereals and tubers,Potatoes (Irish),148,KG,aggregate,Retail,KES,67.17,0.52
2024-12-15,North Eastern,Garissa,Dagahaley (Daadab),3252,0.19,40.29,cereals and tubers,Rice,52,KG,aggregate,Retail,KES,114.38,0.89
2024-12-15,North Eastern,Garissa,Dagahaley (Daadab),3252,0.19,40.29,milk and dairy,Milk (UHT),794,500 ML,aggregate,Retail,KES,80,0.62
2024-12-15,North Eastern,Garissa,Dagahaley (Daadab),3252,0.19,40.29,milk and dairy,"Milk (camel, fresh)",817,L,aggregate,Retail,KES,280,2.17
2024-12-15,North Eastern,Garissa,Dagahaley (Daadab),3252,0.19,40.29,oil and fats,Oil (vegetable),96,L,aggregate,Retail,KES,265.69,2.06
2024-12-15,North Eastern,Garissa,Dagahaley (Daadab),3252,0.19,40.29,pulses and nuts,Beans (dry),262,KG,aggregate,Retail,KES,125.56,0.97
2024-12-15,North Eastern,Garissa,Dagahaley (Daadab),3252,0.19,40.29,vegetables and fruits,Bananas,254,Unit,aggregate,Retail,KES,10,0.078
2024-12-15,North Eastern,Garissa,Hagadera (Daadab),3254,0.01,40.37,cereals and tubers,Maize flour,76,KG,aggregate,Retail,KES,95.62,0.74
2024-12-15,North Eastern,Garissa,Hagadera (Daadab),3254,0.01,40.37,cereals and tubers,Potatoes (Irish),148,KG,aggregate,Retail,KES,67.54,0.52
2024-12-15,North Eastern,Garissa,Hagadera (Daadab),3254,0.01,40.37,cereals and tubers,Rice,52,KG,aggregate,Retail,KES,100.61,0.78
2024-12-15,North Eastern,Garissa,Hagadera (Daadab),3254,0.01,40.37,"meat, fish and eggs",Meat (camel),344,KG,aggregate,Retail,KES,643.75,4.99
2024-12-15,North Eastern,Garissa,Hagadera (Daadab),3254,0.01,40.37,"meat, fish and eggs",Meat (goat),451,KG,aggregate,Retail,KES,800,6.2
2024-12-15,North Eastern,Garissa,Hagadera (Daadab),3254,0.01,40.37,oil and fats,Oil (vegetable),96,L,aggregate,Retail,KES,268.59,2.08
2024-12-15,North Eastern,Garissa,Hagadera (Daadab),3254,0.01,40.37,pulses and nuts,Beans (dry),262,KG,aggregate,Retail,KES,123.44,0.96
2024-12-15,North Eastern,Garissa,Hagadera (Daadab),3254,0.01,40.37,vegetables and fruits,Bananas,254,Unit,aggregate,Retail,KES,10,0.078
2024-12-15,North Eastern,Garissa,IFO (Daadab),3255,0.11,40.32,cereals and tubers,Maize,51,KG,aggregate,Retail,KES,70,0.54
2024-12-15,North Eastern,Garissa,IFO (Daadab),3255,0.11,40.32,cereals and tubers,Maize flour,76,KG,aggregate,Retail,KES,99.77,0.77
2024-12-15,North Eastern,Garissa,IFO (Daadab),3255,0.11,40.32,cereals and tubers,Potatoes (Irish),148,KG,aggregate,Retail,KES,65.71,0.51
2024-12-15,North Eastern,Garissa,IFO (Daadab),3255,0.11,40.32,cereals and tubers,Rice,52,KG,aggregate,Retail,KES,121,0.94
2024-12-15,North Eastern,Garissa,IFO (Daadab),3255,0.11,40.32,"meat, fish and eggs",Meat (camel),344,KG,aggregate,Retail,KES,622.58,4.83
2024-12-15,North Eastern,Garissa,IFO (Daadab),3255,0.11,40.32,"meat, fish and eggs",Meat (goat),451,KG,aggregate,Retail,KES,658.33,5.1
2024-12-15,North Eastern,Garissa,IFO (Daadab),3255,0.11,40.32,milk and dairy,"Milk (camel, fresh)",817,L,aggregate,Retail,KES,200,1.55
2024-12-15,North Eastern,Garissa,IFO (Daadab),3255,0.11,40.32,pulses and nuts,Beans (dry),262,KG,aggregate,Retail,KES,121.9,0.94
2024-12-15,North Eastern,Garissa,IFO (Daadab),3255,0.11,40.32,vegetables and fruits,Bananas,254,Unit,aggregate,Retail,KES,10,0.078
2024-12-15,Rift Valley,Turkana,Ethiopia (Kakuma),3253,3.72,34.85,cereals and tubers,Maize,51,KG,aggregate,Retail,KES,65,0.5
2024-12-15,Rift Valley,Turkana,Ethiopia (Kakuma),3253,3.72,34.85,cereals and tubers,Maize flour,76,KG,aggregate,Retail,KES,75,0.58
2024-12-15,Rift Valley,Turkana,Ethiopia (Kakuma),3253,3.72,34.85,cereals and tubers,Potatoes (Irish),148,KG,aggregate,Retail,KES,80,0.62
2024-12-15,Rift Valley,Turkana,Ethiopia (Kakuma),3253,3.72,34.85,cereals and tubers,Rice,52,KG,aggregate,Retail,KES,90,0.7
2024-12-15,Rift Valley,Turkana,Ethiopia (Kakuma),3253,3.72,34.85,"meat, fish and eggs",Meat (beef),141,KG,aggregate,Retail,KES,600,4.65
2024-12-15,Rift Valley,Turkana,Ethiopia (Kakuma),3253,3.72,34.85,"meat, fish and eggs",Meat (camel),344,KG,aggregate,Retail,KES,600,4.65
2024-12-15,Rift Valley,Turkana,Ethiopia (Kakuma),3253,3.72,34.85,"meat, fish and eggs",Meat (goat),451,KG,aggregate,Retail,KES,700,5.43
2024-12-15,Rift Valley,Turkana,Ethiopia (Kakuma),3253,3.72,34.85,milk and dairy,Milk (UHT),794,500 ML,aggregate,Retail,KES,90,0.7
2024-12-15,Rift Valley,Turkana,Ethiopia (Kakuma),3253,3.72,34.85,oil and fats,Oil (vegetable),96,L,aggregate,Retail,KES,300,2.33
2024-12-15,Rift Valley,Turkana,Ethiopia (Kakuma),3253,3.72,34.85,pulses and nuts,Beans (dry),262,KG,aggregate,Retail,KES,150,1.16
2024-12-15,Rift Valley,Turkana,Ethiopia (Kakuma),3253,3.72,34.85,vegetables and fruits,Bananas,254,Unit,aggregate,Retail,KES,20,0.16
2024-12-15,Rift Valley,Turkana,HongKong (Kakuma),3250,3.75,34.84,cereals and tubers,Maize,51,KG,aggregate,Retail,KES,56.67,0.44
2024-12-15,Rift Valley,Turkana,HongKong (Kakuma),3250,3.75,34.84,cereals and tubers,Maize flour,76,KG,aggregate,Retail,KES,79.38,0.62
2024-12-15,Rift Valley,Turkana,HongKong (Kakuma),3250,3.75,34.84,cereals and tubers,Potatoes (Irish),148,KG,aggregate,Retail,KES,80,0.62
2024-12-15,Rift Valley,Turkana,HongKong (Kakuma),3250,3.75,34.84,cereals and tubers,Rice,52,KG,aggregate,Retail,KES,154.79,1.2
2024-12-15,Rift Valley,Turkana,HongKong (Kakuma),3250,3.75,34.84,"meat, fish and eggs",Meat (beef),141,KG,aggregate,Retail,KES,600,4.65
2024-12-15,Rift Valley,Turkana,HongKong (Kakuma),3250,3.75,34.84,"meat, fish and eggs",Meat (camel),344,KG,aggregate,Retail,KES,600,4.65
2024-12-15,Rift Valley,Turkana,HongKong (Kakuma),3250,3.75,34.84,"meat, fish and eggs",Meat (goat),451,KG,aggregate,Retail,KES,700,5.43
2024-12-15,Rift Valley,Turkana,HongKong (Kakuma),3250,3.75,34.84,milk and dairy,Milk (UHT),794,500 ML,aggregate,Retail,KES,80,0.62
2024-12-15,Rift Valley,Turkana,HongKong (Kakuma),3250,3.75,34.84,oil and fats,Oil (vegetable),96,L,aggregate,Retail,KES,303.12,2.35
2024-12-15,Rift Valley,Turkana,HongKong (Kakuma),3250,3.75,34.84,pulses and nuts,Beans (dry),262,KG,aggregate,Retail,KES,154.79,1.2
2024-12-15,Rift Valley,Turkana,HongKong (Kakuma),3250,3.75,34.84,vegetables and fruits,Bananas,254,Unit,aggregate,Retail,KES,20,0.16
2024-12-15,Rift Valley,Turkana,Kakuma 2,3248,3.75,34.82,cereals and tubers,Maize,51,KG,aggregate,Retail,KES,50,0.39
2024-12-15,Rift Valley,Turkana,Kakuma 2,3248,3.75,34.82,cereals and tubers,Maize flour,76,KG,aggregate,Retail,KES,80,0.62
2024-12-15,Rift Valley,Turkana,Kakuma 2,3248,3.75,34.82,cereals and tubers,Potatoes (Irish),148,KG,aggregate,Retail,KES,70,0.54
2024-12-15,Rift Valley,Turkana,Kakuma 2,3248,3.75,34.82,cereals and tubers,Rice,52,KG,aggregate,Retail,KES,150,1.16
2024-12-15,Rift Valley,Turkana,Kakuma 2,3248,3.75,34.82,"meat, fish and eggs",Meat (beef),141,KG,aggregate,Retail,KES,600,4.65
2024-12-15,Rift Valley,Turkana,Kakuma 2,3248,3.75,34.82,"meat, fish and eggs",Meat (camel),344,KG,aggregate,Retail,KES,600,4.65
2024-12-15,Rift Valley,Turkana,Kakuma 2,3248,3.75,34.82,"meat, fish and eggs",Meat (goat),451,KG,aggregate,Retail,KES,700,5.43
2024-12-15,Rift Valley,Turkana,Kakuma 2,3248,3.75,34.82,milk and dairy,Milk (UHT),794,500 ML,aggregate,Retail,KES,80,0.62
2024-12-15,Rift Valley,Turkana,Kakuma 2,3248,3.75,34.82,oil and fats,Oil (vegetable),96,L,aggregate,Retail,KES,250,1.94
2024-12-15,Rift Valley,Turkana,Kakuma 2,3248,3.75,34.82,pulses and nuts,Beans (dry),262,KG,aggregate,Retail,KES,150,1.16
2024-12-15,Rift Valley,Turkana,Kakuma 2,3248,3.75,34.82,vegetables and fruits,Bananas,254,Unit,aggregate,Retail,KES,20,0.16
2024-12-15,Rift Valley,Turkana,Kakuma 3,3251,3.77,34.82,cereals and tubers,Maize,51,KG,aggregate,Retail,KES,60,0.47
2024-12-15,Rift Valley,Turkana,Kakuma 3,3251,3.77,34.82,cereals and tubers,Maize flour,76,KG,aggregate,Retail,KES,80,0.62
2024-12-15,Rift Valley,Turkana,Kakuma 3,3251,3.77,34.82,cereals and tubers,Potatoes (Irish),148,KG,aggregate,Retail,KES,80,0.62
2024-12-15,Rift Valley,Turkana,Kakuma 3,3251,3.77,34.82,cereals and tubers,Rice,52,KG,aggregate,Retail,KES,126.67,0.98
2024-12-15,Rift Valley,Turkana,Kakuma 3,3251,3.77,34.82,cereals and tubers,Sorghum,65,KG,aggregate,Retail,KES,100,0.78
2024-12-15,Rift Valley,Turkana,Kakuma 3,3251,3.77,34.82,"meat, fish and eggs",Meat (beef),141,KG,aggregate,Retail,KES,633.33,4.91
2024-12-15,Rift Valley,Turkana,Kakuma 3,3251,3.77,34.82,"meat, fish and eggs",Meat (camel),344,KG,aggregate,Retail,KES,600,4.65
2024-12-15,Rift Valley,Turkana,Kakuma 3,3251,3.77,34.82,"meat, fish and eggs",Meat (goat),451,KG,aggregate,Retail,KES,766.67,5.94
2024-12-15,Rift Valley,Turkana,Kakuma 3,3251,3.77,34.82,milk and dairy,Milk (UHT),794,500 ML,aggregate,Retail,KES,86.67,0.67
2024-12-15,Rift Valley,Turkana,Kakuma 3,3251,3.77,34.82,oil and fats,Oil (vegetable),96,L,aggregate,Retail,KES,276.67,2.14
2024-12-15,Rift Valley,Turkana,Kakuma 3,3251,3.77,34.82,pulses and nuts,Beans (dry),262,KG,aggregate,Retail,KES,120,0.93
2024-12-15,Rift Valley,Turkana,Kakuma 3,3251,3.77,34.82,vegetables and fruits,Bananas,254,Unit,aggregate,Retail,KES,20,0.16
2024-12-15,Rift Valley,Turkana,Kakuma 4,3249,3.74,34.81,cereals and tubers,Maize,51,KG,aggregate,Retail,KES,50,0.39
2024-12-15,Rift Valley,Turkana,Kakuma 4,3249,3.74,34.81,cereals and tubers,Maize flour,76,KG,aggregate,Retail,KES,76.67,0.59
2024-12-15,Rift Valley,Turkana,Kakuma 4,3249,3.74,34.81,cereals and tubers,Potatoes (Irish),148,KG,aggregate,Retail,KES,83.33,0.65
2024-12-15,Rift Valley,Turkana,Kakuma 4,3249,3.74,34.81,cereals and tubers,Rice,52,KG,aggregate,Retail,KES,116.67,0.9
2024-12-15,Rift Valley,Turkana,Kakuma 4,3249,3.74,34.81,"meat, fish and eggs",Meat (beef),141,KG,aggregate,Retail,KES,633.33,4.91
2024-12-15,Rift Valley,Turkana,Kakuma 4,3249,3.74,34.81,"meat, fish and eggs",Meat (camel),344,KG,aggregate,Retail,KES,600,4.65
2024-12-15,Rift Valley,Turkana,Kakuma 4,3249,3.74,34.81,"meat, fish and eggs",Meat (goat),451,KG,aggregate,Retail,KES,666.67,5.17
2024-12-15,Rift Valley,Turkana,Kakuma 4,3249,3.74,34.81,milk and dairy,Milk (UHT),794,500 ML,aggregate,Retail,KES,86.67,0.67
2024-12-15,Rift Valley,Turkana,Kakuma 4,3249,3.74,34.81,oil and fats,Oil (vegetable),96,L,aggregate,Retail,KES,300,2.33
2024-12-15,Rift Valley,Turkana,Kakuma 4,3249,3.74,34.81,pulses and nuts,Beans (dry),262,KG,aggregate,Retail,KES,146.67,1.14
2024-12-15,Rift Valley,Turkana,Kakuma 4,3249,3.74,34.81,vegetables and fruits,Bananas,254,Unit,aggregate,Retail,KES,20,0.16
2024-12-15,Rift Valley,Turkana,Kalobeyei (Village 1),3244,3.77,34.73,cereals and tubers,Maize,51,KG,aggregate,Retail,KES,48.75,0.38
2024-12-15,Rift Valley,Turkana,Kalobeyei (Village 1),3244,3.77,34.73,cereals and tubers,Maize flour,76,KG,aggregate,Retail,KES,76.25,0.59
2024-12-15,Rift Valley,Turkana,Kalobeyei (Village 1),3244,3.77,34.73,cereals and tubers,Potatoes (Irish),148,KG,aggregate,Retail,KES,85,0.66
2024-12-15,Rift Valley,Turkana,Kalobeyei (Village 1),3244,3.77,34.73,cereals and tubers,Rice,52,KG,aggregate,Retail,KES,107.5,0.83
2024-12-15,Rift Valley,Turkana,Kalobeyei (Village 1),3244,3.77,34.73,"meat, fish and eggs",Meat (beef),141,KG,aggregate,Retail,KES,600,4.65
2024-12-15,Rift Valley,Turkana,Kalobeyei (Village 1),3244,3.77,34.73,"meat, fish and eggs",Meat (camel),344,KG,aggregate,Retail,KES,600,4.65
2024-12-15,Rift Valley,Turkana,Kalobeyei (Village 1),3244,3.77,34.73,"meat, fish and eggs",Meat (goat),451,KG,aggregate,Retail,KES,600,4.65
2024-12-15,Rift Valley,Turkana,Kalobeyei (Village 1),3244,3.77,34.73,milk and dairy,Milk (UHT),794,500 ML,aggregate,Retail,KES,77.5,0.6
2024-12-15,Rift Valley,Turkana,Kalobeyei (Village 1),3244,3.77,34.73,milk and dairy,"Milk (camel, fresh)",817,L,aggregate,Retail,KES,200,1.55
2024-12-15,Rift Valley,Turkana,Kalobeyei (Village 1),3244,3.77,34.73,miscellaneous food,Salt,185,200 G,aggregate,Retail,KES,10,0.078
2024-12-15,Rift Valley,Turkana,Kalobeyei (Village 1),3244,3.77,34.73,oil and fats,Oil (vegetable),96,L,aggregate,Retail,KES,287.5,2.23
2024-12-15,Rift Valley,Turkana,Kalobeyei (Village 1),3244,3.77,34.73,pulses and nuts,Beans (dry),262,KG,aggregate,Retail,KES,130,1.01
2024-12-15,Rift Valley,Turkana,Kalobeyei (Village 2),3246,3.76,34.75,cereals and tubers,Maize,51,KG,aggregate,Retail,KES,55.5,0.43
2024-12-15,Rift Valley,Turkana,Kalobeyei (Village 2),3246,3.76,34.75,cereals and tubers,Maize flour,76,KG,aggregate,Retail,KES,78.33,0.61
2024-12-15,Rift Valley,Turkana,Kalobeyei (Village 2),3246,3.76,34.75,cereals and tubers,Potatoes (Irish),148,KG,aggregate,Retail,KES,80,0.62
2024-12-15,Rift Valley,Turkana,Kalobeyei (Village 2),3246,3.76,34.75,cereals and tubers,Rice,52,KG,aggregate,Retail,KES,115,0.89
2024-12-15,Rift Valley,Turkana,Kalobeyei (Village 2),3246,3.76,34.75,"meat, fish and eggs",Meat (beef),141,KG,aggregate,Retail,KES,633.33,4.91
2024-12-15,Rift Valley,Turkana,Kalobeyei (Village 2),3246,3.76,34.75,"meat, fish and eggs",Meat (camel),344,KG,aggregate,Retail,KES,600,4.65
2024-12-15,Rift Valley,Turkana,Kalobeyei (Village 2),3246,3.76,34.75,"meat, fish and eggs",Meat (goat),451,KG,aggregate,Retail,KES,733.33,5.68
2024-12-15,Rift Valley,Turkana,Kalobeyei (Village 2),3246,3.76,34.75,milk and dairy,Milk (UHT),794,500 ML,aggregate,Retail,KES,78.33,0.61
2024-12-15,Rift Valley,Turkana,Kalobeyei (Village 2),3246,3.76,34.75,miscellaneous food,Salt,185,200 G,aggregate,Retail,KES,13.33,0.1
2024-12-15,Rift Valley,Turkana,Kalobeyei (Village 2),3246,3.76,34.75,oil and fats,Oil (vegetable),96,L,aggregate,Retail,KES,311.67,2.42
2024-12-15,Rift Valley,Turkana,Kalobeyei (Village 2),3246,3.76,34.75,pulses and nuts,Beans (dry),262,KG,aggregate,Retail,KES,145,1.12
2024-12-15,Rift Valley,Turkana,Kalobeyei (Village 2),3246,3.76,34.75,vegetables and fruits,Bananas,254,Unit,aggregate,Retail,KES,20,0.16
2024-12-15,Rift Valley,Turkana,Kalobeyei (Village 3),3247,3.75,34.76,cereals and tubers,Maize,51,KG,aggregate,Retail,KES,61.67,0.48
2024-12-15,Rift Valley,Turkana,Kalobeyei (Village 3),3247,3.75,34.76,cereals and tubers,Maize flour,76,KG,aggregate,Retail,KES,76.67,0.59
2024-12-15,Rift Valley,Turkana,Kalobeyei (Village 3),3247,3.75,34.76,cereals and tubers,Potatoes (Irish),148,KG,aggregate,Retail,KES,83.33,0.65
2024-12-15,Rift Valley,Turkana,Kalobeyei (Village 3),3247,3.75,34.76,cereals and tubers,Rice,52,KG,aggregate,Retail,KES,93.33,0.72
2024-12-15,Rift Valley,Turkana,Kalobeyei (Village 3),3247,3.75,34.76,cereals and tubers,Sorghum,65,KG,aggregate,Retail,KES,90,0.7
2024-12-15,Rift Valley,Turkana,Kalobeyei (Village 3),3247,3.75,34.76,"meat, fish and eggs",Meat (beef),141,KG,aggregate,Retail,KES,533.33,4.13
2024-12-15,Rift Valley,Turkana,Kalobeyei (Village 3),3247,3.75,34.76,"meat, fish and eggs",Meat (goat),451,KG,aggregate,Retail,KES,666.67,5.17
2024-12-15,Rift Valley,Turkana,Kalobeyei (Village 3),3247,3.75,34.76,milk and dairy,Milk (UHT),794,500 ML,aggregate,Retail,KES,80,0.62
2024-12-15,Rift Valley,Turkana,Kalobeyei (Village 3),3247,3.75,34.76,oil and fats,Cooking fat,793,KG,aggregate,Retail,KES,380,2.95
2024-12-15,Rift Valley,Turkana,Kalobeyei (Village 3),3247,3.75,34.76,oil and fats,Oil (vegetable),96,L,aggregate,Retail,KES,310,2.4
2024-12-15,Rift Valley,Turkana,Kalobeyei (Village 3),3247,3.75,34.76,pulses and nuts,Beans (dry),262,KG,aggregate,Retail,KES,110,0.85
2024-12-15,Rift Valley,Turkana,Kalobeyei (Village 3),3247,3.75,34.76,vegetables and fruits,Bananas,254,Unit,aggregate,Retail,KES,20,0.16
2024-12-15,Rift Valley,Turkana,Mogadishu (Kakuma),3245,3.72,34.85,cereals and tubers,Maize,51,KG,aggregate,Retail,KES,55,0.43
2024-12-15,Rift Valley,Turkana,Mogadishu (Kakuma),3245,3.72,34.85,cereals and tubers,Maize flour,76,KG,aggregate,Retail,KES,77.5,0.6
2024-12-15,Rift Valley,Turkana,Mogadishu (Kakuma),3245,3.72,34.85,cereals and tubers,Potatoes (Irish),148,KG,aggregate,Retail,KES,70,0.54
2024-12-15,Rift Valley,Turkana,Mogadishu (Kakuma),3245,3.72,34.85,cereals and tubers,Rice,52,KG,aggregate,Retail,KES,145,1.12
2024-12-15,Rift Valley,Turkana,Mogadishu (Kakuma),3245,3.72,34.85,cereals and tubers,Sorghum,65,KG,aggregate,Retail,KES,80,0.62
2024-12-15,Rift Valley,Turkana,Mogadishu (Kakuma),3245,3.72,34.85,cereals and tubers,Wheat flour,58,KG,aggregate,Retail,KES,90,0.7
2024-12-15,Rift Valley,Turkana,Mogadishu (Kakuma),3245,3.72,34.85,"meat, fish and eggs",Meat (beef),141,KG,aggregate,Retail,KES,650,5.04
2024-12-15,Rift Valley,Turkana,Mogadishu (Kakuma),3245,3.72,34.85,"meat, fish and eggs",Meat (camel),344,KG,aggregate,Retail,KES,600,4.65
2024-12-15,Rift Valley,Turkana,Mogadishu (Kakuma),3245,3.72,34.85,"meat, fish and eggs",Meat (goat),451,KG,aggregate,Retail,KES,650,5.04
2024-12-15,Rift Valley,Turkana,Mogadishu (Kakuma),3245,3.72,34.85,milk and dairy,"Milk (camel, fresh)",817,L,aggregate,Retail,KES,200,1.55
2024-12-15,Rift Valley,Turkana,Mogadishu (Kakuma),3245,3.72,34.85,miscellaneous food,Salt,185,200 G,aggregate,Retail,KES,11.25,0.087
2024-12-15,Rift Valley,Turkana,Mogadishu (Kakuma),3245,3.72,34.85,miscellaneous food,Sugar,97,KG,aggregate,Retail,KES,157.5,1.22
2024-12-15,Rift Valley,Turkana,Mogadishu (Kakuma),3245,3.72,34.85,oil and fats,Oil (vegetable),96,L,aggregate,Retail,KES,307.5,2.38
2024-12-15,Rift Valley,Turkana,Mogadishu (Kakuma),3245,3.72,34.85,pulses and nuts,Beans (dry),262,KG,aggregate,Retail,KES,152.5,1.18
2024-12-15,Rift Valley,Turkana,Mogadishu (Kakuma),3245,3.72,34.85,vegetables and fruits,Bananas,254,Unit,aggregate,Retail,KES,18.75,0.15
2025-01-15,North Eastern,Garissa,Dagahaley (Daadab),3252,0.19,40.29,cereals and tubers,Maize flour,76,KG,aggregate,Retail,KES,88.38,0.68
2025-01-15,North Eastern,Garissa,Dagahaley (Daadab),3252,0.19,40.29,cereals and tubers,Potatoes (Irish),148,KG,aggregate,Retail,KES,67.12,0.52
2025-01-15,North Eastern,Garissa,Dagahaley (Daadab),3252,0.19,40.29,cereals and tubers,Rice,52,KG,aggregate,Retail,KES,117.22,0.91
2025-01-15,North Eastern,Garissa,Dagahaley (Daadab),3252,0.19,40.29,cereals and tubers,Wheat flour,58,KG,aggregate,Retail,KES,97.48,0.75
2025-01-15,North Eastern,Garissa,Dagahaley (Daadab),3252,0.19,40.29,miscellaneous food,Salt,185,200 G,aggregate,Retail,KES,10,0.077
2025-01-15,North Eastern,Garissa,Dagahaley (Daadab),3252,0.19,40.29,miscellaneous food,Sugar,97,KG,aggregate,Retail,KES,120.23,0.93
2025-01-15,North Eastern,Garissa,Dagahaley (Daadab),3252,0.19,40.29,oil and fats,Oil (vegetable),96,L,aggregate,Retail,KES,266.5,2.06
2025-01-15,North Eastern,Garissa,Dagahaley (Daadab),3252,0.19,40.29,pulses and nuts,Beans (dry),262,KG,aggregate,Retail,KES,118.27,0.92
2025-01-15,North Eastern,Garissa,Dagahaley (Daadab),3252,0.19,40.29,vegetables and fruits,Bananas,254,Unit,aggregate,Retail,KES,10,0.077
2025-01-15,North Eastern,Garissa,Hagadera (Daadab),3254,0.01,40.37,cereals and tubers,Maize,51,KG,aggregate,Retail,KES,60,0.46
2025-01-15,North Eastern,Garissa,Hagadera (Daadab),3254,0.01,40.37,cereals and tubers,Maize flour,76,KG,aggregate,Retail,KES,95.35,0.74
2025-01-15,North Eastern,Garissa,Hagadera (Daadab),3254,0.01,40.37,cereals and tubers,Potatoes (Irish),148,KG,aggregate,Retail,KES,72.05,0.56
2025-01-15,North Eastern,Garissa,Hagadera (Daadab),3254,0.01,40.37,cereals and tubers,Rice,52,KG,aggregate,Retail,KES,100.12,0.77
2025-01-15,North Eastern,Garissa,Hagadera (Daadab),3254,0.01,40.37,cereals and tubers,Wheat flour,58,KG,aggregate,Retail,KES,99.43,0.77
2025-01-15,North Eastern,Garissa,Hagadera (Daadab),3254,0.01,40.37,"meat, fish and eggs",Meat (camel),344,KG,aggregate,Retail,KES,600,4.64
2025-01-15,North Eastern,Garissa,Hagadera (Daadab),3254,0.01,40.37,"meat, fish and eggs",Meat (goat),451,KG,aggregate,Retail,KES,750,5.8
2025-01-15,North Eastern,Garissa,Hagadera (Daadab),3254,0.01,40.37,miscellaneous food,Salt,185,200 G,aggregate,Retail,KES,10,0.077
2025-01-15,North Eastern,Garissa,Hagadera (Daadab),3254,0.01,40.37,miscellaneous food,Sugar,97,KG,aggregate,Retail,KES,121.67,0.94
2025-01-15,North Eastern,Garissa,Hagadera (Daadab),3254,0.01,40.37,oil and fats,Oil (vegetable),96,L,aggregate,Retail,KES,275.36,2.13
2025-01-15,North Eastern,Garissa,Hagadera (Daadab),3254,0.01,40.37,pulses and nuts,Beans (dry),262,KG,aggregate,Retail,KES,118.87,0.92
2025-01-15,North Eastern,Garissa,Hagadera (Daadab),3254,0.01,40.37,vegetables and fruits,Bananas,254,Unit,aggregate,Retail,KES,10,0.077
2025-01-15,North Eastern,Garissa,IFO (Daadab),3255,0.11,40.32,cereals and tubers,Maize,51,KG,aggregate,Retail,KES,70,0.54
2025-01-15,North Eastern,Garissa,IFO (Daadab),3255,0.11,40.32,cereals and tubers,Maize flour,76,KG,aggregate,Retail,KES,100,0.77
2025-01-15,North Eastern,Garissa,IFO (Daadab),3255,0.11,40.32,cereals and tubers,Potatoes (Irish),148,KG,aggregate,Retail,KES,64.08,0.5
2025-01-15,North Eastern,Garissa,IFO (Daadab),3255,0.11,40.32,cereals and tubers,Rice,52,KG,aggregate,Retail,KES,117.4,0.91
2025-01-15,North Eastern,Garissa,IFO (Daadab),3255,0.11,40.32,cereals and tubers,Wheat flour,58,KG,aggregate,Retail,KES,100,0.77
2025-01-15,North Eastern,Garissa,IFO (Daadab),3255,0.11,40.32,"meat, fish and eggs",Meat (camel),344,KG,aggregate,Retail,KES,619.76,4.8
2025-01-15,North Eastern,Garissa,IFO (Daadab),3255,0.11,40.32,"meat, fish and eggs",Meat (goat),451,KG,aggregate,Retail,KES,600,4.64
2025-01-15,North Eastern,Garissa,IFO (Daadab),3255,0.11,40.32,milk and dairy,"Milk (camel, fresh)",817,L,aggregate,Retail,KES,200,1.55
2025-01-15,North Eastern,Garissa,IFO (Daadab),3255,0.11,40.32,miscellaneous food,Salt,185,200 G,aggregate,Retail,KES,10,0.077
2025-01-15,North Eastern,Garissa,IFO (Daadab),3255,0.11,40.32,miscellaneous food,Sugar,97,KG,aggregate,Retail,KES,122.53,0.95
2025-01-15,North Eastern,Garissa,IFO (Daadab),3255,0.11,40.32,oil and fats,Oil (vegetable),96,L,aggregate,Retail,KES,270.07,2.09
2025-01-15,North Eastern,Garissa,IFO (Daadab),3255,0.11,40.32,pulses and nuts,Beans (dry),262,KG,aggregate,Retail,KES,119.77,0.93
2025-01-15,North Eastern,Garissa,IFO (Daadab),3255,0.11,40.32,vegetables and fruits,Bananas,254,Unit,aggregate,Retail,KES,10,0.077
2025-01-15,Rift Valley,Turkana,Kakuma 3,3251,3.77,34.82,cereals and tubers,Maize,51,KG,aggregate,Retail,KES,56.67,0.44
2025-01-15,Rift Valley,Turkana,Kakuma 3,3251,3.77,34.82,cereals and tubers,Maize flour,76,KG,aggregate,Retail,KES,80,0.62
2025-01-15,Rift Valley,Turkana,Kakuma 3,3251,3.77,34.82,cereals and tubers,Potatoes (Irish),148,KG,aggregate,Retail,KES,80,0.62
2025-01-15,Rift Valley,Turkana,Kakuma 3,3251,3.77,34.82,cereals and tubers,Rice,52,KG,aggregate,Retail,KES,100,0.77
2025-01-15,Rift Valley,Turkana,Kakuma 3,3251,3.77,34.82,cereals and tubers,Wheat flour,58,KG,aggregate,Retail,KES,93.33,0.72
2025-01-15,Rift Valley,Turkana,Kakuma 3,3251,3.77,34.82,"meat, fish and eggs",Meat (beef),141,KG,aggregate,Retail,KES,666.67,5.16
2025-01-15,Rift Valley,Turkana,Kakuma 3,3251,3.77,34.82,"meat, fish and eggs",Meat (camel),344,KG,aggregate,Retail,KES,600,4.64
2025-01-15,Rift Valley,Turkana,Kakuma 3,3251,3.77,34.82,"meat, fish and eggs",Meat (goat),451,KG,aggregate,Retail,KES,675,5.22
2025-01-15,Rift Valley,Turkana,Kakuma 3,3251,3.77,34.82,milk and dairy,Milk (UHT),794,500 ML,aggregate,Retail,KES,90,0.7
2025-01-15,Rift Valley,Turkana,Kakuma 3,3251,3.77,34.82,miscellaneous food,Salt,185,200 G,aggregate,Retail,KES,10,0.077
2025-01-15,Rift Valley,Turkana,Kakuma 3,3251,3.77,34.82,miscellaneous food,Sugar,97,KG,aggregate,Retail,KES,153.33,1.19
2025-01-15,Rift Valley,Turkana,Kakuma 3,3251,3.77,34.82,oil and fats,Oil (vegetable),96,L,aggregate,Retail,KES,316.67,2.45
2025-01-15,Rift Valley,Turkana,Kakuma 3,3251,3.77,34.82,pulses and nuts,Beans (dry),262,KG,aggregate,Retail,KES,123.33,0.95
2025-01-15,Rift Valley,Turkana,Kakuma 3,3251,3.77,34.82,vegetables and fruits,Bananas,254,Unit,aggregate,Retail,KES,20,0.15
2025-01-15,Rift Valley,Turkana,Kakuma 4,3249,3.74,34.81,cereals and tubers,Maize,51,KG,aggregate,Retail,KES,48.33,0.37
2025-01-15,Rift Valley,Turkana,Kakuma 4,3249,3.74,34.81,cereals and tubers,Maize flour,76,KG,aggregate,Retail,KES,76.67,0.59
2025-01-15,Rift Valley,Turkana,Kakuma 4,3249,3.74,34.81,cereals and tubers,Potatoes (Irish),148,KG,aggregate,Retail,KES,83.33,0.64
2025-01-15,Rift Valley,Turkana,Kakuma 4,3249,3.74,34.81,cereals and tubers,Rice,52,KG,aggregate,Retail,KES,126.67,0.98
2025-01-15,Rift Valley,Turkana,Kakuma 4,3249,3.74,34.81,cereals and tubers,Wheat flour,58,KG,aggregate,Retail,KES,86.67,0.67
2025-01-15,Rift Valley,Turkana,Kakuma 4,3249,3.74,34.81,"meat, fish and eggs",Meat (beef),141,KG,aggregate,Retail,KES,600,4.64
2025-01-15,Rift Valley,Turkana,Kakuma 4,3249,3.74,34.81,"meat, fish and eggs",Meat (goat),451,KG,aggregate,Retail,KES,700,5.42
2025-01-15,Rift Valley,Turkana,Kakuma 4,3249,3.74,34.81,milk and dairy,Milk (UHT),794,500 ML,aggregate,Retail,KES,93.33,0.72
2025-01-15,Rift Valley,Turkana,Kakuma 4,3249,3.74,34.81,miscellaneous food,Salt,185,200 G,aggregate,Retail,KES,13.33,0.1
2025-01-15,Rift Valley,Turkana,Kakuma 4,3249,3.74,34.81,miscellaneous food,Sugar,97,KG,aggregate,Retail,KES,173.33,1.34
2025-01-15,Rift Valley,Turkana,Kakuma 4,3249,3.74,34.81,oil and fats,Oil (vegetable),96,L,aggregate,Retail,KES,316.67,2.45
2025-01-15,Rift Valley,Turkana,Kakuma 4,3249,3.74,34.81,pulses and nuts,Beans (dry),262,KG,aggregate,Retail,KES,160,1.24
2025-01-15,Rift Valley,Turkana,Kakuma 4,3249,3.74,34.81,vegetables and fruits,Bananas,254,Unit,aggregate,Retail,KES,20,0.15
2025-01-15,Rift Valley,Turkana,Kalobeyei (Village 1),3244,3.77,34.73,cereals and tubers,Maize,51,KG,aggregate,Retail,KES,50,0.39
2025-01-15,Rift Valley,Turkana,Kalobeyei (Village 1),3244,3.77,34.73,cereals and tubers,Maize flour,76,KG,aggregate,Retail,KES,83.33,0.64
2025-01-15,Rift Valley,Turkana,Kalobeyei (Village 1),3244,3.77,34.73,cereals and tubers,Rice,52,KG,aggregate,Retail,KES,116.67,0.9
2025-01-15,Rift Valley,Turkana,Kalobeyei (Village 1),3244,3.77,34.73,cereals and tubers,Wheat flour,58,KG,aggregate,Retail,KES,96.67,0.75
2025-01-15,Rift Valley,Turkana,Kalobeyei (Village 1),3244,3.77,34.73,"meat, fish and eggs",Meat (beef),141,KG,aggregate,Retail,KES,700,5.42
2025-01-15,Rift Valley,Turkana,Kalobeyei (Village 1),3244,3.77,34.73,"meat, fish and eggs",Meat (goat),451,KG,aggregate,Retail,KES,750,5.8
2025-01-15,Rift Valley,Turkana,Kalobeyei (Village 1),3244,3.77,34.73,milk and dairy,Milk (UHT),794,500 ML,aggregate,Retail,KES,83.33,0.64
2025-01-15,Rift Valley,Turkana,Kalobeyei (Village 1),3244,3.77,34.73,miscellaneous food,Salt,185,200 G,aggregate,Retail,KES,10,0.077
2025-01-15,Rift Valley,Turkana,Kalobeyei (Village 1),3244,3.77,34.73,miscellaneous food,Sugar,97,KG,aggregate,Retail,KES,166.67,1.29
2025-01-15,Rift Valley,Turkana,Kalobeyei (Village 1),3244,3.77,34.73,oil and fats,Oil (vegetable),96,L,aggregate,Retail,KES,316.67,2.45
2025-01-15,Rift Valley,Turkana,Kalobeyei (Village 1),3244,3.77,34.73,pulses and nuts,Beans (dry),262,KG,aggregate,Retail,KES,150,1.16
2025-01-15,Rift Valley,Turkana,Kalobeyei (Village 2),3246,3.76,34.75,cereals and tubers,Maize,51,KG,aggregate,Retail,KES,43.33,0.34
2025-01-15,Rift Valley,Turkana,Kalobeyei (Village 2),3246,3.76,34.75,cereals and tubers,Maize flour,76,KG,aggregate,Retail,KES,76.67,0.59
2025-01-15,Rift Valley,Turkana,Kalobeyei (Village 2),3246,3.76,34.75,cereals and tubers,Potatoes (Irish),148,KG,aggregate,Retail,KES,50,0.39
2025-01-15,Rift Valley,Turkana,Kalobeyei (Village 2),3246,3.76,34.75,cereals and tubers,Rice,52,KG,aggregate,Retail,KES,123.33,0.95
2025-01-15,Rift Valley,Turkana,Kalobeyei (Village 2),3246,3.76,34.75,cereals and tubers,Wheat flour,58,KG,aggregate,Retail,KES,90,0.7
2025-01-15,Rift Valley,Turkana,Kalobeyei (Village 2),3246,3.76,34.75,"meat, fish and eggs",Meat (beef),141,KG,aggregate,Retail,KES,600,4.64
2025-01-15,Rift Valley,Turkana,Kalobeyei (Village 2),3246,3.76,34.75,"meat, fish and eggs",Meat (camel),344,KG,aggregate,Retail,KES,600,4.64
2025-01-15,Rift Valley,Turkana,Kalobeyei (Village 2),3246,3.76,34.75,"meat, fish and eggs",Meat (goat),451,KG,aggregate,Retail,KES,666.67,5.16
2025-01-15,Rift Valley,Turkana,Kalobeyei (Village 2),3246,3.76,34.75,milk and dairy,Milk (UHT),794,500 ML,aggregate,Retail,KES,80,0.62
2025-01-15,Rift Valley,Turkana,Kalobeyei (Village 2),3246,3.76,34.75,miscellaneous food,Salt,185,200 G,aggregate,Retail,KES,10,0.077
2025-01-15,Rift Valley,Turkana,Kalobeyei (Village 2),3246,3.76,34.75,miscellaneous food,Sugar,97,KG,aggregate,Retail,KES,163.33,1.26
2025-01-15,Rift Valley,Turkana,Kalobeyei (Village 2),3246,3.76,34.75,oil and fats,Oil (vegetable),96,L,aggregate,Retail,KES,300,2.32
2025-01-15,Rift Valley,Turkana,Kalobeyei (Village 2),3246,3.76,34.75,pulses and nuts,Beans (dry),262,KG,aggregate,Retail,KES,143.33,1.11
2025-01-15,Rift Valley,Turkana,Kalobeyei (Village 3),3247,3.75,34.76,cereals and tubers,Maize,51,KG,aggregate,Retail,KES,55,0.43
2025-01-15,Rift Valley,Turkana,Kalobeyei (Village 3),3247,3.75,34.76,cereals and tubers,Maize flour,76,KG,aggregate,Retail,KES,77.5,0.6
2025-01-15,Rift Valley,Turkana,Kalobeyei (Village 3),3247,3.75,34.76,cereals and tubers,Potatoes (Irish),148,KG,aggregate,Retail,KES,100,0.77
2025-01-15,Rift Valley,Turkana,Kalobeyei (Village 3),3247,3.75,34.76,cereals and tubers,Rice,52,KG,aggregate,Retail,KES,117.5,0.91
2025-01-15,Rift Valley,Turkana,Kalobeyei (Village 3),3247,3.75,34.76,cereals and tubers,Sorghum,65,KG,aggregate,Retail,KES,45,0.35
2025-01-15,Rift Valley,Turkana,Kalobeyei (Village 3),3247,3.75,34.76,cereals and tubers,Wheat flour,58,KG,aggregate,Retail,KES,85,0.66
2025-01-15,Rift Valley,Turkana,Kalobeyei (Village 3),3247,3.75,34.76,"meat, fish and eggs",Meat (beef),141,KG,aggregate,Retail,KES,575,4.45
2025-01-15,Rift Valley,Turkana,Kalobeyei (Village 3),3247,3.75,34.76,miscellaneous food,Salt,185,200 G,aggregate,Retail,KES,10,0.077
2025-01-15,Rift Valley,Turkana,Kalobeyei (Village 3),3247,3.75,34.76,miscellaneous food,Sugar,97,KG,aggregate,Retail,KES,165,1.28
2025-01-15,Rift Valley,Turkana,Kalobeyei (Village 3),3247,3.75,34.76,oil and fats,Oil (vegetable),96,L,aggregate,Retail,KES,312.5,2.42
2025-01-15,Rift Valley,Turkana,Kalobeyei (Village 3),3247,3.75,34.76,pulses and nuts,Beans (dry),262,KG,aggregate,Retail,KES,130,1.01
2025-01-15,Rift Valley,Turkana,Kalobeyei (Village 3),3247,3.75,34.76,vegetables and fruits,Bananas,254,Unit,aggregate,Retail,KES,20,0.15
2025-02-15,North Eastern,Garissa,Dagahaley (Daadab),3252,0.19,40.29,cereals and tubers,Maize flour,76,KG,aggregate,Retail,KES,98.64,0.76
2025-02-15,North Eastern,Garissa,Dagahaley (Daadab),3252,0.19,40.29,cereals and tubers,Potatoes (Irish),148,KG,aggregate,Retail,KES,60.78,0.47
2025-02-15,North Eastern,Garissa,Dagahaley (Daadab),3252,0.19,40.29,cereals and tubers,Rice,52,KG,aggregate,Retail,KES,121.44,0.94
2025-02-15,North Eastern,Garissa,Dagahaley (Daadab),3252,0.19,40.29,cereals and tubers,Wheat flour,58,KG,aggregate,Retail,KES,97.21,0.75
2025-02-15,North Eastern,Garissa,Dagahaley (Daadab),3252,0.19,40.29,miscellaneous food,Salt,185,200 G,aggregate,Retail,KES,10,0.077
2025-02-15,North Eastern,Garissa,Dagahaley (Daadab),3252,0.19,40.29,miscellaneous food,Sugar,97,KG,aggregate,Retail,KES,123.57,0.96
2025-02-15,North Eastern,Garissa,Dagahaley (Daadab),3252,0.19,40.29,oil and fats,Oil (vegetable),96,L,aggregate,Retail,KES,264.48,2.05
2025-02-15,North Eastern,Garissa,Dagahaley (Daadab),3252,0.19,40.29,pulses and nuts,Beans (dry),262,KG,aggregate,Retail,KES,123.96,0.96
2025-02-15,North Eastern,Garissa,Dagahaley (Daadab),3252,0.19,40.29,vegetables and fruits,Bananas,254,Unit,aggregate,Retail,KES,10,0.077
2025-02-15,North Eastern,Garissa,Hagadera (Daadab),3254,0.01,40.37,cereals and tubers,Maize,51,KG,aggregate,Retail,KES,60,0.46
2025-02-15,North Eastern,Garissa,Hagadera (Daadab),3254,0.01,40.37,cereals and tubers,Maize flour,76,KG,aggregate,Retail,KES,96.36,0.75
2025-02-15,North Eastern,Garissa,Hagadera (Daadab),3254,0.01,40.37,cereals and tubers,Potatoes (Irish),148,KG,aggregate,Retail,KES,68.69,0.53
2025-02-15,North Eastern,Garissa,Hagadera (Daadab),3254,0.01,40.37,cereals and tubers,Rice,52,KG,aggregate,Retail,KES,108.14,0.84
2025-02-15,North Eastern,Garissa,Hagadera (Daadab),3254,0.01,40.37,cereals and tubers,Wheat flour,58,KG,aggregate,Retail,KES,97.97,0.76
2025-02-15,North Eastern,Garissa,Hagadera (Daadab),3254,0.01,40.37,"meat, fish and eggs",Meat (camel),344,KG,aggregate,Retail,KES,600,4.65
2025-02-15,North Eastern,Garissa,Hagadera (Daadab),3254,0.01,40.37,"meat, fish and eggs",Meat (goat),451,KG,aggregate,Retail,KES,770.83,5.97
2025-02-15,North Eastern,Garissa,Hagadera (Daadab),3254,0.01,40.37,miscellaneous food,Salt,185,200 G,aggregate,Retail,KES,10,0.077
2025-02-15,North Eastern,Garissa,Hagadera (Daadab),3254,0.01,40.37,miscellaneous food,Sugar,97,KG,aggregate,Retail,KES,122.66,0.95
2025-02-15,North Eastern,Garissa,Hagadera (Daadab),3254,0.01,40.37,oil and fats,Oil (vegetable),96,L,aggregate,Retail,KES,287.63,2.23
2025-02-15,North Eastern,Garissa,Hagadera (Daadab),3254,0.01,40.37,pulses and nuts,Beans (dry),262,KG,aggregate,Retail,KES,121.56,0.94
2025-02-15,North Eastern,Garissa,Hagadera (Daadab),3254,0.01,40.37,vegetables and fruits,Bananas,254,Unit,aggregate,Retail,KES,10,0.077
2025-02-15,North Eastern,Garissa,IFO (Daadab),3255,0.11,40.32,cereals and tubers,Maize,51,KG,aggregate,Retail,KES,70.3,0.54
2025-02-15,North Eastern,Garissa,IFO (Daadab),3255,0.11,40.32,cereals and tubers,Maize flour,76,KG,aggregate,Retail,KES,100.38,0.78
2025-02-15,North Eastern,Garissa,IFO (Daadab),3255,0.11,40.32,cereals and tubers,Potatoes (Irish),148,KG,aggregate,Retail,KES,61.4,0.48
2025-02-15,North Eastern,Garissa,IFO (Daadab),3255,0.11,40.32,cereals and tubers,Rice,52,KG,aggregate,Retail,KES,117.93,0.91
2025-02-15,North Eastern,Garissa,IFO (Daadab),3255,0.11,40.32,cereals and tubers,Wheat flour,58,KG,aggregate,Retail,KES,100.02,0.78
2025-02-15,North Eastern,Garissa,IFO (Daadab),3255,0.11,40.32,"meat, fish and eggs",Meat (camel),344,KG,aggregate,Retail,KES,606.25,4.7
2025-02-15,North Eastern,Garissa,IFO (Daadab),3255,0.11,40.32,"meat, fish and eggs",Meat (goat),451,KG,aggregate,Retail,KES,600,4.65
2025-02-15,North Eastern,Garissa,IFO (Daadab),3255,0.11,40.32,milk and dairy,"Milk (camel, fresh)",817,L,aggregate,Retail,KES,200,1.55
2025-02-15,North Eastern,Garissa,IFO (Daadab),3255,0.11,40.32,miscellaneous food,Salt,185,200 G,aggregate,Retail,KES,10,0.077
2025-02-15,North Eastern,Garissa,IFO (Daadab),3255,0.11,40.32,miscellaneous food,Sugar,97,KG,aggregate,Retail,KES,121.12,0.94
2025-02-15,North Eastern,Garissa,IFO (Daadab),3255,0.11,40.32,oil and fats,Oil (vegetable),96,L,aggregate,Retail,KES,282.59,2.19
2025-02-15,North Eastern,Garissa,IFO (Daadab),3255,0.11,40.32,pulses and nuts,Beans (dry),262,KG,aggregate,Retail,KES,119.8,0.93
2025-02-15,North Eastern,Garissa,IFO (Daadab),3255,0.11,40.32,vegetables and fruits,Bananas,254,Unit,aggregate,Retail,KES,10,0.077
2025-02-15,Rift Valley,Turkana,Ethiopia (Kakuma),3253,3.72,34.85,cereals and tubers,Maize,51,KG,aggregate,Retail,KES,60,0.46
2025-02-15,Rift Valley,Turkana,Ethiopia (Kakuma),3253,3.72,34.85,cereals and tubers,Maize flour,76,KG,aggregate,Retail,KES,85,0.66
2025-02-15,Rift Valley,Turkana,Ethiopia (Kakuma),3253,3.72,34.85,cereals and tubers,Potatoes (Irish),148,KG,aggregate,Retail,KES,70,0.54
2025-02-15,Rift Valley,Turkana,Ethiopia (Kakuma),3253,3.72,34.85,cereals and tubers,Rice,52,KG,aggregate,Retail,KES,150,1.16
2025-02-15,Rift Valley,Turkana,Ethiopia (Kakuma),3253,3.72,34.85,cereals and tubers,Sorghum,65,KG,aggregate,Retail,KES,70,0.54
2025-02-15,Rift Valley,Turkana,Ethiopia (Kakuma),3253,3.72,34.85,cereals and tubers,Wheat flour,58,KG,aggregate,Retail,KES,100,0.77
2025-02-15,Rift Valley,Turkana,Ethiopia (Kakuma),3253,3.72,34.85,"meat, fish and eggs",Meat (beef),141,KG,aggregate,Retail,KES,600,4.65
2025-02-15,Rift Valley,Turkana,Ethiopia (Kakuma),3253,3.72,34.85,"meat, fish and eggs",Meat (camel),344,KG,aggregate,Retail,KES,600,4.65
2025-02-15,Rift Valley,Turkana,Ethiopia (Kakuma),3253,3.72,34.85,"meat, fish and eggs",Meat (goat),451,KG,aggregate,Retail,KES,700,5.42
2025-02-15,Rift Valley,Turkana,Ethiopia (Kakuma),3253,3.72,34.85,milk and dairy,Milk (UHT),794,500 ML,aggregate,Retail,KES,90,0.7
2025-02-15,Rift Valley,Turkana,Ethiopia (Kakuma),3253,3.72,34.85,miscellaneous food,Salt,185,200 G,aggregate,Retail,KES,10,0.077
2025-02-15,Rift Valley,Turkana,Ethiopia (Kakuma),3253,3.72,34.85,miscellaneous food,Sugar,97,KG,aggregate,Retail,KES,175,1.36
2025-02-15,Rift Valley,Turkana,Ethiopia (Kakuma),3253,3.72,34.85,oil and fats,Oil (vegetable),96,L,aggregate,Retail,KES,325,2.52
2025-02-15,Rift Valley,Turkana,Ethiopia (Kakuma),3253,3.72,34.85,pulses and nuts,Beans (dry),262,KG,aggregate,Retail,KES,155,1.2
2025-02-15,Rift Valley,Turkana,Ethiopia (Kakuma),3253,3.72,34.85,vegetables and fruits,Bananas,254,Unit,aggregate,Retail,KES,20,0.15
2025-02-15,Rift Valley,Turkana,HongKong (Kakuma),3250,3.75,34.84,cereals and tubers,Maize,51,KG,aggregate,Retail,KES,53.33,0.41
2025-02-15,Rift Valley,Turkana,HongKong (Kakuma),3250,3.75,34.84,cereals and tubers,Maize flour,76,KG,aggregate,Retail,KES,77.5,0.6
2025-02-15,Rift Valley,Turkana,HongKong (Kakuma),3250,3.75,34.84,cereals and tubers,Potatoes (Irish),148,KG,aggregate,Retail,KES,80,0.62
2025-02-15,Rift Valley,Turkana,HongKong (Kakuma),3250,3.75,34.84,cereals and tubers,Rice,52,KG,aggregate,Retail,KES,135,1.05
2025-02-15,Rift Valley,Turkana,HongKong (Kakuma),3250,3.75,34.84,cereals and tubers,Wheat flour,58,KG,aggregate,Retail,KES,87.5,0.68
2025-02-15,Rift Valley,Turkana,HongKong (Kakuma),3250,3.75,34.84,"meat, fish and eggs",Meat (beef),141,KG,aggregate,Retail,KES,600,4.65
2025-02-15,Rift Valley,Turkana,HongKong (Kakuma),3250,3.75,34.84,"meat, fish and eggs",Meat (camel),344,KG,aggregate,Retail,KES,600,4.65
2025-02-15,Rift Valley,Turkana,HongKong (Kakuma),3250,3.75,34.84,"meat, fish and eggs",Meat (goat),451,KG,aggregate,Retail,KES,700,5.42
2025-02-15,Rift Valley,Turkana,HongKong (Kakuma),3250,3.75,34.84,milk and dairy,Milk (UHT),794,500 ML,aggregate,Retail,KES,87.5,0.68
2025-02-15,Rift Valley,Turkana,HongKong (Kakuma),3250,3.75,34.84,miscellaneous food,Salt,185,200 G,aggregate,Retail,KES,11.25,0.087
2025-02-15,Rift Valley,Turkana,HongKong (Kakuma),3250,3.75,34.84,miscellaneous food,Sugar,97,KG,aggregate,Retail,KES,165,1.28
2025-02-15,Rift Valley,Turkana,HongKong (Kakuma),3250,3.75,34.84,oil and fats,Oil (vegetable),96,L,aggregate,Retail,KES,312.5,2.42
2025-02-15,Rift Valley,Turkana,HongKong (Kakuma),3250,3.75,34.84,pulses and nuts,Beans (dry),262,KG,aggregate,Retail,KES,170,1.32
2025-02-15,Rift Valley,Turkana,HongKong (Kakuma),3250,3.75,34.84,vegetables and fruits,Bananas,254,Unit,aggregate,Retail,KES,20,0.15
2025-02-15,Rift Valley,Turkana,Kakuma 2,3248,3.75,34.82,cereals and tubers,Maize,51,KG,aggregate,Retail,KES,50,0.39
2025-02-15,Rift Valley,Turkana,Kakuma 2,3248,3.75,34.82,cereals and tubers,Maize flour,76,KG,aggregate,Retail,KES,73.33,0.57
2025-02-15,Rift Valley,Turkana,Kakuma 2,3248,3.75,34.82,cereals and tubers,Potatoes (Irish),148,KG,aggregate,Retail,KES,73.33,0.57
2025-02-15,Rift Valley,Turkana,Kakuma 2,3248,3.75,34.82,cereals and tubers,Rice,52,KG,aggregate,Retail,KES,153.33,1.19
2025-02-15,Rift Valley,Turkana,Kakuma 2,3248,3.75,34.82,cereals and tubers,Wheat flour,58,KG,aggregate,Retail,KES,83.33,0.65
2025-02-15,Rift Valley,Turkana,Kakuma 2,3248,3.75,34.82,"meat, fish and eggs",Meat (camel),344,KG,aggregate,Retail,KES,600,4.65
2025-02-15,Rift Valley,Turkana,Kakuma 2,3248,3.75,34.82,"meat, fish and eggs",Meat (goat),451,KG,aggregate,Retail,KES,700,5.42
2025-02-15,Rift Valley,Turkana,Kakuma 2,3248,3.75,34.82,milk and dairy,Milk (UHT),794,500 ML,aggregate,Retail,KES,80,0.62
2025-02-15,Rift Valley,Turkana,Kakuma 2,3248,3.75,34.82,miscellaneous food,Salt,185,200 G,aggregate,Retail,KES,10,0.077
2025-02-15,Rift Valley,Turkana,Kakuma 2,3248,3.75,34.82,miscellaneous food,Sugar,97,KG,aggregate,Retail,KES,156.67,1.21
2025-02-15,Rift Valley,Turkana,Kakuma 2,3248,3.75,34.82,oil and fats,Oil (vegetable),96,L,aggregate,Retail,KES,266.67,2.07
2025-02-15,Rift Valley,Turkana,Kakuma 2,3248,3.75,34.82,pulses and nuts,Beans (dry),262,KG,aggregate,Retail,KES,133.33,1.03
2025-02-15,Rift Valley,Turkana,Kakuma 2,3248,3.75,34.82,vegetables and fruits,Bananas,254,Unit,aggregate,Retail,KES,20,0.15
2025-02-15,Rift Valley,Turkana,Kakuma 3,3251,3.77,34.82,cereals and tubers,Maize,51,KG,aggregate,Retail,KES,55,0.43
2025-02-15,Rift Valley,Turkana,Kakuma 3,3251,3.77,34.82,cereals and tubers,Maize flour,76,KG,aggregate,Retail,KES,80,0.62
2025-02-15,Rift Valley,Turkana,Kakuma 3,3251,3.77,34.82,cereals and tubers,Potatoes (Irish),148,KG,aggregate,Retail,KES,76.67,0.59
2025-02-15,Rift Valley,Turkana,Kakuma 3,3251,3.77,34.82,cereals and tubers,Rice,52,KG,aggregate,Retail,KES,176.67,1.37
2025-02-15,Rift Valley,Turkana,Kakuma 3,3251,3.77,34.82,cereals and tubers,Wheat flour,58,KG,aggregate,Retail,KES,86.67,0.67
2025-02-15,Rift Valley,Turkana,Kakuma 3,3251,3.77,34.82,"meat, fish and eggs",Meat (camel),344,KG,aggregate,Retail,KES,600,4.65
2025-02-15,Rift Valley,Turkana,Kakuma 3,3251,3.77,34.82,"meat, fish and eggs",Meat (goat),451,KG,aggregate,Retail,KES,666.67,5.17
2025-02-15,Rift Valley,Turkana,Kakuma 3,3251,3.77,34.82,milk and dairy,Milk (UHT),794,500 ML,aggregate,Retail,KES,76.67,0.59
2025-02-15,Rift Valley,Turkana,Kakuma 3,3251,3.77,34.82,miscellaneous food,Salt,185,200 G,aggregate,Retail,KES,10,0.077
2025-02-15,Rift Valley,Turkana,Kakuma 3,3251,3.77,34.82,miscellaneous food,Sugar,97,KG,aggregate,Retail,KES,160,1.24
2025-02-15,Rift Valley,Turkana,Kakuma 3,3251,3.77,34.82,oil and fats,Oil (vegetable),96,L,aggregate,Retail,KES,276.67,2.14
2025-02-15,Rift Valley,Turkana,Kakuma 3,3251,3.77,34.82,pulses and nuts,Beans (dry),262,KG,aggregate,Retail,KES,150,1.16
2025-02-15,Rift Valley,Turkana,Kakuma 3,3251,3.77,34.82,vegetables and fruits,Bananas,254,Unit,aggregate,Retail,KES,21.67,0.17
2025-02-15,Rift Valley,Turkana,Kakuma 4,3249,3.74,34.81,cereals and tubers,Maize,51,KG,aggregate,Retail,KES,50,0.39
2025-02-15,Rift Valley,Turkana,Kakuma 4,3249,3.74,34.81,cereals and tubers,Maize flour,76,KG,aggregate,Retail,KES,70,0.54
2025-02-15,Rift Valley,Turkana,Kakuma 4,3249,3.74,34.81,cereals and tubers,Potatoes (Irish),148,KG,aggregate,Retail,KES,93.33,0.72
2025-02-15,Rift Valley,Turkana,Kakuma 4,3249,3.74,34.81,cereals and tubers,Rice,52,KG,aggregate,Retail,KES,123.33,0.96
2025-02-15,Rift Valley,Turkana,Kakuma 4,3249,3.74,34.81,cereals and tubers,Wheat flour,58,KG,aggregate,Retail,KES,76.67,0.59
2025-02-15,Rift Valley,Turkana,Kakuma 4,3249,3.74,34.81,"meat, fish and eggs",Meat (beef),141,KG,aggregate,Retail,KES,600,4.65
2025-02-15,Rift Valley,Turkana,Kakuma 4,3249,3.74,34.81,"meat, fish and eggs",Meat (goat),451,KG,aggregate,Retail,KES,700,5.42
2025-02-15,Rift Valley,Turkana,Kakuma 4,3249,3.74,34.81,milk and dairy,Milk (UHT),794,500 ML,aggregate,Retail,KES,86.67,0.67
2025-02-15,Rift Valley,Turkana,Kakuma 4,3249,3.74,34.81,miscellaneous food,Salt,185,200 G,aggregate,Retail,KES,10,0.077
2025-02-15,Rift Valley,Turkana,Kakuma 4,3249,3.74,34.81,miscellaneous food,Sugar,97,KG,aggregate,Retail,KES,170,1.32
2025-02-15,Rift Valley,Turkana,Kakuma 4,3249,3.74,34.81,oil and fats,Oil (vegetable),96,L,aggregate,Retail,KES,300,2.32
2025-02-15,Rift Valley,Turkana,Kakuma 4,3249,3.74,34.81,pulses and nuts,Beans (dry),262,KG,aggregate,Retail,KES,150,1.16
2025-02-15,Rift Valley,Turkana,Kakuma 4,3249,3.74,34.81,vegetables and fruits,Bananas,254,Unit,aggregate,Retail,KES,20,0.15
2025-02-15,Rift Valley,Turkana,Kalobeyei (Village 1),3244,3.77,34.73,cereals and tubers,Maize,51,KG,aggregate,Retail,KES,50,0.39
2025-02-15,Rift Valley,Turkana,Kalobeyei (Village 1),3244,3.77,34.73,cereals and tubers,Maize flour,76,KG,aggregate,Retail,KES,80,0.62
2025-02-15,Rift Valley,Turkana,Kalobeyei (Village 1),3244,3.77,34.73,cereals and tubers,Potatoes (Irish),148,KG,aggregate,Retail,KES,100,0.77
2025-02-15,Rift Valley,Turkana,Kalobeyei (Village 1),3244,3.77,34.73,cereals and tubers,Rice,52,KG,aggregate,Retail,KES,116.67,0.9
2025-02-15,Rift Valley,Turkana,Kalobeyei (Village 1),3244,3.77,34.73,cereals and tubers,Wheat flour,58,KG,aggregate,Retail,KES,100,0.77
2025-02-15,Rift Valley,Turkana,Kalobeyei (Village 1),3244,3.77,34.73,"meat, fish and eggs",Meat (beef),141,KG,aggregate,Retail,KES,600,4.65
2025-02-15,Rift Valley,Turkana,Kalobeyei (Village 1),3244,3.77,34.73,"meat, fish and eggs",Meat (goat),451,KG,aggregate,Retail,KES,600,4.65
2025-02-15,Rift Valley,Turkana,Kalobeyei (Village 1),3244,3.77,34.73,milk and dairy,Milk (UHT),794,500 ML,aggregate,Retail,KES,83.33,0.65
2025-02-15,Rift Valley,Turkana,Kalobeyei (Village 1),3244,3.77,34.73,miscellaneous food,Salt,185,200 G,aggregate,Retail,KES,10,0.077
2025-02-15,Rift Valley,Turkana,Kalobeyei (Village 1),3244,3.77,34.73,miscellaneous food,Sugar,97,KG,aggregate,Retail,KES,175,1.36
2025-02-15,Rift Valley,Turkana,Kalobeyei (Village 1),3244,3.77,34.73,oil and fats,Oil (vegetable),96,L,aggregate,Retail,KES,316.67,2.45
2025-02-15,Rift Valley,Turkana,Kalobeyei (Village 1),3244,3.77,34.73,pulses and nuts,Beans (dry),262,KG,aggregate,Retail,KES,133.33,1.03
2025-02-15,Rift Valley,Turkana,Kalobeyei (Village 1),3244,3.77,34.73,vegetables and fruits,Bananas,254,Unit,aggregate,Retail,KES,20,0.15
2025-02-15,Rift Valley,Turkana,Kalobeyei (Village 2),3246,3.76,34.75,cereals and tubers,Maize,51,KG,aggregate,Retail,KES,50,0.39
2025-02-15,Rift Valley,Turkana,Kalobeyei (Village 2),3246,3.76,34.75,cereals and tubers,Maize flour,76,KG,aggregate,Retail,KES,80,0.62
2025-02-15,Rift Valley,Turkana,Kalobeyei (Village 2),3246,3.76,34.75,cereals and tubers,Potatoes (Irish),148,KG,aggregate,Retail,KES,96.67,0.75
2025-02-15,Rift Valley,Turkana,Kalobeyei (Village 2),3246,3.76,34.75,cereals and tubers,Rice,52,KG,aggregate,Retail,KES,176.67,1.37
2025-02-15,Rift Valley,Turkana,Kalobeyei (Village 2),3246,3.76,34.75,cereals and tubers,Wheat flour,58,KG,aggregate,Retail,KES,96.67,0.75
2025-02-15,Rift Valley,Turkana,Kalobeyei (Village 2),3246,3.76,34.75,"meat, fish and eggs",Meat (camel),344,KG,aggregate,Retail,KES,613.33,4.75
2025-02-15,Rift Valley,Turkana,Kalobeyei (Village 2),3246,3.76,34.75,"meat, fish and eggs",Meat (goat),451,KG,aggregate,Retail,KES,625,4.84
2025-02-15,Rift Valley,Turkana,Kalobeyei (Village 2),3246,3.76,34.75,miscellaneous food,Salt,185,200 G,aggregate,Retail,KES,13.33,0.1
2025-02-15,Rift Valley,Turkana,Kalobeyei (Village 2),3246,3.76,34.75,miscellaneous food,Sugar,97,KG,aggregate,Retail,KES,183.33,1.42
2025-02-15,Rift Valley,Turkana,Kalobeyei (Village 2),3246,3.76,34.75,oil and fats,Oil (vegetable),96,L,aggregate,Retail,KES,333.33,2.58
2025-02-15,Rift Valley,Turkana,Kalobeyei (Village 2),3246,3.76,34.75,pulses and nuts,Beans (dry),262,KG,aggregate,Retail,KES,166.67,1.29
2025-02-15,Rift Valley,Turkana,Kalobeyei (Village 2),3246,3.76,34.75,vegetables and fruits,Bananas,254,Unit,aggregate,Retail,KES,20,0.15
2025-02-15,Rift Valley,Turkana,Kalobeyei (Village 3),3247,3.75,34.76,cereals and tubers,Maize,51,KG,aggregate,Retail,KES,50,0.39
2025-02-15,Rift Valley,Turkana,Kalobeyei (Village 3),3247,3.75,34.76,cereals and tubers,Maize flour,76,KG,aggregate,Retail,KES,76.67,0.59
2025-02-15,Rift Valley,Turkana,Kalobeyei (Village 3),3247,3.75,34.76,cereals and tubers,Potatoes (Irish),148,KG,aggregate,Retail,KES,100,0.77
2025-02-15,Rift Valley,Turkana,Kalobeyei (Village 3),3247,3.75,34.76,cereals and tubers,Rice,52,KG,aggregate,Retail,KES,103.33,0.8
2025-02-15,Rift Valley,Turkana,Kalobeyei (Village 3),3247,3.75,34.76,cereals and tubers,Wheat flour,58,KG,aggregate,Retail,KES,86.67,0.67
2025-02-15,Rift Valley,Turkana,Kalobeyei (Village 3),3247,3.75,34.76,"meat, fish and eggs",Meat (beef),141,KG,aggregate,Retail,KES,600,4.65
2025-02-15,Rift Valley,Turkana,Kalobeyei (Village 3),3247,3.75,34.76,"meat, fish and eggs",Meat (camel),344,KG,aggregate,Retail,KES,600,4.65
2025-02-15,Rift Valley,Turkana,Kalobeyei (Village 3),3247,3.75,34.76,"meat, fish and eggs",Meat (goat),451,KG,aggregate,Retail,KES,650,5.04
2025-02-15,Rift Valley,Turkana,Kalobeyei (Village 3),3247,3.75,34.76,miscellaneous food,Salt,185,200 G,aggregate,Retail,KES,10,0.077
2025-02-15,Rift Valley,Turkana,Kalobeyei (Village 3),3247,3.75,34.76,miscellaneous food,Sugar,97,KG,aggregate,Retail,KES,156.67,1.21
2025-02-15,Rift Valley,Turkana,Kalobeyei (Village 3),3247,3.75,34.76,oil and fats,Oil (vegetable),96,L,aggregate,Retail,KES,300,2.32
2025-02-15,Rift Valley,Turkana,Kalobeyei (Village 3),3247,3.75,34.76,pulses and nuts,Beans (dry),262,KG,aggregate,Retail,KES,120,0.93
2025-02-15,Rift Valley,Turkana,Kalobeyei (Village 3),3247,3.75,34.76,vegetables and fruits,Bananas,254,Unit,aggregate,Retail,KES,20,0.15
2025-02-15,Rift Valley,Turkana,Mogadishu (Kakuma),3245,3.72,34.85,cereals and tubers,Maize,51,KG,aggregate,Retail,KES,70,0.54
2025-02-15,Rift Valley,Turkana,Mogadishu (Kakuma),3245,3.72,34.85,cereals and tubers,Maize flour,76,KG,aggregate,Retail,KES,90,0.7
2025-02-15,Rift Valley,Turkana,Mogadishu (Kakuma),3245,3.72,34.85,cereals and tubers,Potatoes (Irish),148,KG,aggregate,Retail,KES,75,0.58
2025-02-15,Rift Valley,Turkana,Mogadishu (Kakuma),3245,3.72,34.85,cereals and tubers,Rice,52,KG,aggregate,Retail,KES,166.67,1.29
2025-02-15,Rift Valley,Turkana,Mogadishu (Kakuma),3245,3.72,34.85,cereals and tubers,Sorghum,65,KG,aggregate,Retail,KES,90,0.7
2025-02-15,Rift Valley,Turkana,Mogadishu (Kakuma),3245,3.72,34.85,cereals and tubers,Wheat flour,58,KG,aggregate,Retail,KES,96.67,0.75
2025-02-15,Rift Valley,Turkana,Mogadishu (Kakuma),3245,3.72,34.85,"meat, fish and eggs",Meat (beef),141,KG,aggregate,Retail,KES,650,5.04
2025-02-15,Rift Valley,Turkana,Mogadishu (Kakuma),3245,3.72,34.85,"meat, fish and eggs",Meat (camel),344,KG,aggregate,Retail,KES,600,4.65
2025-02-15,Rift Valley,Turkana,Mogadishu (Kakuma),3245,3.72,34.85,"meat, fish and eggs",Meat (goat),451,KG,aggregate,Retail,KES,700,5.42
2025-02-15,Rift Valley,Turkana,Mogadishu (Kakuma),3245,3.72,34.85,milk and dairy,Milk (UHT),794,500 ML,aggregate,Retail,KES,100,0.77
2025-02-15,Rift Valley,Turkana,Mogadishu (Kakuma),3245,3.72,34.85,miscellaneous food,Salt,185,200 G,aggregate,Retail,KES,11.67,0.09
2025-02-15,Rift Valley,Turkana,Mogadishu (Kakuma),3245,3.72,34.85,miscellaneous food,Sugar,97,KG,aggregate,Retail,KES,176.67,1.37
2025-02-15,Rift Valley,Turkana,Mogadishu (Kakuma),3245,3.72,34.85,oil and fats,Oil (vegetable),96,L,aggregate,Retail,KES,326.67,2.53
2025-02-15,Rift Valley,Turkana,Mogadishu (Kakuma),3245,3.72,34.85,pulses and nuts,Beans (dry),262,KG,aggregate,Retail,KES,180,1.39
2025-03-15,North Eastern,Garissa,Dagahaley (Daadab),3252,0.19,40.29,cereals and tubers,Maize flour,76,KG,aggregate,Retail,KES,92.57,0.72
2025-03-15,North Eastern,Garissa,Dagahaley (Daadab),3252,0.19,40.29,cereals and tubers,Potatoes (Irish),148,KG,aggregate,Retail,KES,68.21,0.53
2025-03-15,North Eastern,Garissa,Dagahaley (Daadab),3252,0.19,40.29,cereals and tubers,Rice,52,KG,aggregate,Retail,KES,116.15,0.9
2025-03-15,North Eastern,Garissa,Dagahaley (Daadab),3252,0.19,40.29,oil and fats,Oil (vegetable),96,L,aggregate,Retail,KES,268.1,2.08
2025-03-15,North Eastern,Garissa,Dagahaley (Daadab),3252,0.19,40.29,pulses and nuts,Beans (dry),262,KG,aggregate,Retail,KES,115.27,0.89
2025-03-15,North Eastern,Garissa,Dagahaley (Daadab),3252,0.19,40.29,vegetables and fruits,Bananas,254,Unit,aggregate,Retail,KES,10,0.077
2025-03-15,North Eastern,Garissa,Hagadera (Daadab),3254,0.01,40.37,cereals and tubers,Maize,51,KG,aggregate,Retail,KES,60,0.46
2025-03-15,North Eastern,Garissa,Hagadera (Daadab),3254,0.01,40.37,cereals and tubers,Maize flour,76,KG,aggregate,Retail,KES,97.42,0.75
2025-03-15,North Eastern,Garissa,Hagadera (Daadab),3254,0.01,40.37,cereals and tubers,Potatoes (Irish),148,KG,aggregate,Retail,KES,68.75,0.53
2025-03-15,North Eastern,Garissa,Hagadera (Daadab),3254,0.01,40.37,cereals and tubers,Rice,52,KG,aggregate,Retail,KES,107.71,0.83
2025-03-15,North Eastern,Garissa,Hagadera (Daadab),3254,0.01,40.37,cereals and tubers,Sorghum,65,KG,aggregate,Retail,KES,50,0.39
2025-03-15,North Eastern,Garissa,Hagadera (Daadab),3254,0.01,40.37,"meat, fish and eggs",Meat (camel),344,KG,aggregate,Retail,KES,600,4.65
2025-03-15,North Eastern,Garissa,Hagadera (Daadab),3254,0.01,40.37,"meat, fish and eggs",Meat (goat),451,KG,aggregate,Retail,KES,722.22,5.59
2025-03-15,North Eastern,Garissa,Hagadera (Daadab),3254,0.01,40.37,oil and fats,Oil (vegetable),96,L,aggregate,Retail,KES,286.36,2.22
2025-03-15,North Eastern,Garissa,Hagadera (Daadab),3254,0.01,40.37,pulses and nuts,Beans (dry),262,KG,aggregate,Retail,KES,123.32,0.96
2025-03-15,North Eastern,Garissa,Hagadera (Daadab),3254,0.01,40.37,vegetables and fruits,Bananas,254,Unit,aggregate,Retail,KES,10,0.077
2025-03-15,North Eastern,Garissa,IFO (Daadab),3255,0.11,40.32,cereals and tubers,Maize,51,KG,aggregate,Retail,KES,70.11,0.54
2025-03-15,North Eastern,Garissa,IFO (Daadab),3255,0.11,40.32,cereals and tubers,Maize flour,76,KG,aggregate,Retail,KES,100.03,0.77
2025-03-15,North Eastern,Garissa,IFO (Daadab),3255,0.11,40.32,cereals and tubers,Potatoes (Irish),148,KG,aggregate,Retail,KES,63.36,0.49
2025-03-15,North Eastern,Garissa,IFO (Daadab),3255,0.11,40.32,cereals and tubers,Rice,52,KG,aggregate,Retail,KES,117.12,0.91
2025-03-15,North Eastern,Garissa,IFO (Daadab),3255,0.11,40.32,"meat, fish and eggs",Meat (camel),344,KG,aggregate,Retail,KES,701.45,5.43
2025-03-15,North Eastern,Garissa,IFO (Daadab),3255,0.11,40.32,"meat, fish and eggs",Meat (goat),451,KG,aggregate,Retail,KES,729.35,5.65
2025-03-15,North Eastern,Garissa,IFO (Daadab),3255,0.11,40.32,milk and dairy,"Milk (camel, fresh)",817,L,aggregate,Retail,KES,200,1.55
2025-03-15,North Eastern,Garissa,IFO (Daadab),3255,0.11,40.32,oil and fats,Oil (vegetable),96,L,aggregate,Retail,KES,290.71,2.25
2025-03-15,North Eastern,Garissa,IFO (Daadab),3255,0.11,40.32,pulses and nuts,Beans (dry),262,KG,aggregate,Retail,KES,119.97,0.93
2025-03-15,North Eastern,Garissa,IFO (Daadab),3255,0.11,40.32,vegetables and fruits,Bananas,254,Unit,aggregate,Retail,KES,10,0.077
2025-03-15,Rift Valley,Turkana,Ethiopia (Kakuma),3253,3.72,34.85,cereals and tubers,Maize,51,KG,aggregate,Retail,KES,75,0.58
2025-03-15,Rift Valley,Turkana,Ethiopia (Kakuma),3253,3.72,34.85,cereals and tubers,Maize flour,76,KG,aggregate,Retail,KES,85,0.66
2025-03-15,Rift Valley,Turkana,Ethiopia (Kakuma),3253,3.72,34.85,cereals and tubers,Potatoes (Irish),148,KG,aggregate,Retail,KES,80,0.62
2025-03-15,Rift Valley,Turkana,Ethiopia (Kakuma),3253,3.72,34.85,cereals and tubers,Rice,52,KG,aggregate,Retail,KES,125,0.97
2025-03-15,Rift Valley,Turkana,Ethiopia (Kakuma),3253,3.72,34.85,cereals and tubers,Sorghum,65,KG,aggregate,Retail,KES,60,0.46
2025-03-15,Rift Valley,Turkana,Ethiopia (Kakuma),3253,3.72,34.85,cereals and tubers,Wheat flour,58,KG,aggregate,Retail,KES,90,0.7
2025-03-15,Rift Valley,Turkana,Ethiopia (Kakuma),3253,3.72,34.85,"meat, fish and eggs",Meat (beef),141,KG,aggregate,Retail,KES,600,4.65
2025-03-15,Rift Valley,Turkana,Ethiopia (Kakuma),3253,3.72,34.85,"meat, fish and eggs",Meat (goat),451,KG,aggregate,Retail,KES,700,5.42
2025-03-15,Rift Valley,Turkana,Ethiopia (Kakuma),3253,3.72,34.85,milk and dairy,Milk (UHT),794,500 ML,aggregate,Retail,KES,80,0.62
2025-03-15,Rift Valley,Turkana,Ethiopia (Kakuma),3253,3.72,34.85,miscellaneous food,Salt,185,200 G,aggregate,Retail,KES,10,0.077
2025-03-15,Rift Valley,Turkana,Ethiopia (Kakuma),3253,3.72,34.85,miscellaneous food,Sugar,97,KG,aggregate,Retail,KES,170,1.32
2025-03-15,Rift Valley,Turkana,Ethiopia (Kakuma),3253,3.72,34.85,oil and fats,Oil (vegetable),96,L,aggregate,Retail,KES,300,2.32
2025-03-15,Rift Valley,Turkana,Ethiopia (Kakuma),3253,3.72,34.85,pulses and nuts,Beans (dry),262,KG,aggregate,Retail,KES,175,1.36
2025-03-15,Rift Valley,Turkana,Ethiopia (Kakuma),3253,3.72,34.85,vegetables and fruits,Bananas,254,Unit,aggregate,Retail,KES,20,0.15
2025-03-15,Rift Valley,Turkana,HongKong (Kakuma),3250,3.75,34.84,cereals and tubers,Maize,51,KG,aggregate,Retail,KES,61.67,0.48
2025-03-15,Rift Valley,Turkana,HongKong (Kakuma),3250,3.75,34.84,cereals and tubers,Maize flour,76,KG,aggregate,Retail,KES,83.33,0.65
2025-03-15,Rift Valley,Turkana,HongKong (Kakuma),3250,3.75,34.84,cereals and tubers,Potatoes (Irish),148,KG,aggregate,Retail,KES,80,0.62
2025-03-15,Rift Valley,Turkana,HongKong (Kakuma),3250,3.75,34.84,cereals and tubers,Rice,52,KG,aggregate,Retail,KES,160,1.24
2025-03-15,Rift Valley,Turkana,HongKong (Kakuma),3250,3.75,34.84,cereals and tubers,Sorghum,65,KG,aggregate,Retail,KES,60,0.46
2025-03-15,Rift Valley,Turkana,HongKong (Kakuma),3250,3.75,34.84,"meat, fish and eggs",Meat (beef),141,KG,aggregate,Retail,KES,600,4.65
2025-03-15,Rift Valley,Turkana,HongKong (Kakuma),3250,3.75,34.84,"meat, fish and eggs",Meat (goat),451,KG,aggregate,Retail,KES,700,5.42
2025-03-15,Rift Valley,Turkana,HongKong (Kakuma),3250,3.75,34.84,milk and dairy,Milk (UHT),794,500 ML,aggregate,Retail,KES,100,0.77
2025-03-15,Rift Valley,Turkana,HongKong (Kakuma),3250,3.75,34.84,oil and fats,Oil (vegetable),96,L,aggregate,Retail,KES,306.67,2.38
2025-03-15,Rift Valley,Turkana,HongKong (Kakuma),3250,3.75,34.84,pulses and nuts,Beans (dry),262,KG,aggregate,Retail,KES,160,1.24
2025-03-15,Rift Valley,Turkana,HongKong (Kakuma),3250,3.75,34.84,vegetables and fruits,Bananas,254,Unit,aggregate,Retail,KES,20,0.15
2025-03-15,Rift Valley,Turkana,Kakuma 2,3248,3.75,34.82,cereals and tubers,Maize,51,KG,aggregate,Retail,KES,60,0.46
2025-03-15,Rift Valley,Turkana,Kakuma 2,3248,3.75,34.82,cereals and tubers,Maize flour,76,KG,aggregate,Retail,KES,76.67,0.59
2025-03-15,Rift Valley,Turkana,Kakuma 2,3248,3.75,34.82,cereals and tubers,Potatoes (Irish),148,KG,aggregate,Retail,KES,93.33,0.72
2025-03-15,Rift Valley,Turkana,Kakuma 2,3248,3.75,34.82,cereals and tubers,Rice,52,KG,aggregate,Retail,KES,153.33,1.19
2025-03-15,Rift Valley,Turkana,Kakuma 2,3248,3.75,34.82,cereals and tubers,Sorghum,65,KG,aggregate,Retail,KES,40,0.31
2025-03-15,Rift Valley,Turkana,Kakuma 2,3248,3.75,34.82,"meat, fish and eggs",Meat (camel),344,KG,aggregate,Retail,KES,600,4.65
2025-03-15,Rift Valley,Turkana,Kakuma 2,3248,3.75,34.82,"meat, fish and eggs",Meat (goat),451,KG,aggregate,Retail,KES,700,5.42
2025-03-15,Rift Valley,Turkana,Kakuma 2,3248,3.75,34.82,milk and dairy,Milk (UHT),794,500 ML,aggregate,Retail,KES,80,0.62
2025-03-15,Rift Valley,Turkana,Kakuma 2,3248,3.75,34.82,oil and fats,Oil (vegetable),96,L,aggregate,Retail,KES,300,2.32
2025-03-15,Rift Valley,Turkana,Kakuma 2,3248,3.75,34.82,pulses and nuts,Beans (dry),262,KG,aggregate,Retail,KES,150,1.16
2025-03-15,Rift Valley,Turkana,Kakuma 2,3248,3.75,34.82,vegetables and fruits,Bananas,254,Unit,aggregate,Retail,KES,20,0.15
2025-03-15,Rift Valley,Turkana,Kakuma 3,3251,3.77,34.82,cereals and tubers,Maize,51,KG,aggregate,Retail,KES,55,0.43
2025-03-15,Rift Valley,Turkana,Kakuma 3,3251,3.77,34.82,cereals and tubers,Maize flour,76,KG,aggregate,Retail,KES,75,0.58
2025-03-15,Rift Valley,Turkana,Kakuma 3,3251,3.77,34.82,cereals and tubers,Potatoes (Irish),148,KG,aggregate,Retail,KES,93.33,0.72
2025-03-15,Rift Valley,Turkana,Kakuma 3,3251,3.77,34.82,cereals and tubers,Rice,52,KG,aggregate,Retail,KES,170,1.32
2025-03-15,Rift Valley,Turkana,Kakuma 3,3251,3.77,34.82,"meat, fish and eggs",Meat (beef),141,KG,aggregate,Retail,KES,600,4.65
2025-03-15,Rift Valley,Turkana,Kakuma 3,3251,3.77,34.82,"meat, fish and eggs",Meat (camel),344,KG,aggregate,Retail,KES,633.33,4.91
2025-03-15,Rift Valley,Turkana,Kakuma 3,3251,3.77,34.82,"meat, fish and eggs",Meat (goat),451,KG,aggregate,Retail,KES,700,5.42
2025-03-15,Rift Valley,Turkana,Kakuma 3,3251,3.77,34.82,milk and dairy,Milk (UHT),794,500 ML,aggregate,Retail,KES,80,0.62
2025-03-15,Rift Valley,Turkana,Kakuma 3,3251,3.77,34.82,oil and fats,Oil (vegetable),96,L,aggregate,Retail,KES,290,2.25
2025-03-15,Rift Valley,Turkana,Kakuma 3,3251,3.77,34.82,pulses and nuts,Beans (dry),262,KG,aggregate,Retail,KES,163.33,1.27
2025-03-15,Rift Valley,Turkana,Kakuma 3,3251,3.77,34.82,vegetables and fruits,Bananas,254,Unit,aggregate,Retail,KES,21.67,0.17
2025-03-15,Rift Valley,Turkana,Kakuma 4,3249,3.74,34.81,cereals and tubers,Maize,51,KG,aggregate,Retail,KES,62.5,0.48
2025-03-15,Rift Valley,Turkana,Kakuma 4,3249,3.74,34.81,cereals and tubers,Maize flour,76,KG,aggregate,Retail,KES,77.5,0.6
2025-03-15,Rift Valley,Turkana,Kakuma 4,3249,3.74,34.81,cereals and tubers,Potatoes (Irish),148,KG,aggregate,Retail,KES,96.67,0.75
2025-03-15,Rift Valley,Turkana,Kakuma 4,3249,3.74,34.81,cereals and tubers,Rice,52,KG,aggregate,Retail,KES,125,0.97
2025-03-15,Rift Valley,Turkana,Kakuma 4,3249,3.74,34.81,"meat, fish and eggs",Meat (beef),141,KG,aggregate,Retail,KES,600,4.65
2025-03-15,Rift Valley,Turkana,Kakuma 4,3249,3.74,34.81,"meat, fish and eggs",Meat (goat),451,KG,aggregate,Retail,KES,700,5.42
2025-03-15,Rift Valley,Turkana,Kakuma 4,3249,3.74,34.81,milk and dairy,Milk (UHT),794,500 ML,aggregate,Retail,KES,77.5,0.6
2025-03-15,Rift Valley,Turkana,Kakuma 4,3249,3.74,34.81,oil and fats,Oil (vegetable),96,L,aggregate,Retail,KES,325,2.52
2025-03-15,Rift Valley,Turkana,Kakuma 4,3249,3.74,34.81,pulses and nuts,Beans (dry),262,KG,aggregate,Retail,KES,155,1.2
2025-03-15,Rift Valley,Turkana,Kakuma 4,3249,3.74,34.81,vegetables and fruits,Bananas,254,Unit,aggregate,Retail,KES,20,0.15
2025-03-15,Rift Valley,Turkana,Kalobeyei (Village 1),3244,3.77,34.73,cereals and tubers,Maize,51,KG,aggregate,Retail,KES,58.33,0.45
2025-03-15,Rift Valley,Turkana,Kalobeyei (Village 1),3244,3.77,34.73,cereals and tubers,Maize flour,76,KG,aggregate,Retail,KES,80,0.62
2025-03-15,Rift Valley,Turkana,Kalobeyei (Village 1),3244,3.77,34.73,cereals and tubers,Potatoes (Irish),148,KG,aggregate,Retail,KES,100,0.77
2025-03-15,Rift Valley,Turkana,Kalobeyei (Village 1),3244,3.77,34.73,cereals and tubers,Rice,52,KG,aggregate,Retail,KES,120,0.93
2025-03-15,Rift Valley,Turkana,Kalobeyei (Village 1),3244,3.77,34.73,"meat, fish and eggs",Meat (beef),141,KG,aggregate,Retail,KES,600,4.65
2025-03-15,Rift Valley,Turkana,Kalobeyei (Village 1),3244,3.77,34.73,"meat, fish and eggs",Meat (goat),451,KG,aggregate,Retail,KES,700,5.42
2025-03-15,Rift Valley,Turkana,Kalobeyei (Village 1),3244,3.77,34.73,milk and dairy,Milk (UHT),794,500 ML,aggregate,Retail,KES,76.67,0.59
2025-03-15,Rift Valley,Turkana,Kalobeyei (Village 1),3244,3.77,34.73,oil and fats,Oil (vegetable),96,L,aggregate,Retail,KES,300,2.32
2025-03-15,Rift Valley,Turkana,Kalobeyei (Village 1),3244,3.77,34.73,pulses and nuts,Beans (dry),262,KG,aggregate,Retail,KES,136.67,1.06
2025-03-15,Rift Valley,Turkana,Kalobeyei (Village 1),3244,3.77,34.73,vegetables and fruits,Bananas,254,Unit,aggregate,Retail,KES,20,0.15
2025-03-15,Rift Valley,Turkana,Kalobeyei (Village 2),3246,3.76,34.75,cereals and tubers,Maize,51,KG,aggregate,Retail,KES,60,0.46
2025-03-15,Rift Valley,Turkana,Kalobeyei (Village 2),3246,3.76,34.75,cereals and tubers,Maize flour,76,KG,aggregate,Retail,KES,77.5,0.6
2025-03-15,Rift Valley,Turkana,Kalobeyei (Village 2),3246,3.76,34.75,cereals and tubers,Potatoes (Irish),148,KG,aggregate,Retail,KES,90,0.7
2025-03-15,Rift Valley,Turkana,Kalobeyei (Village 2),3246,3.76,34.75,cereals and tubers,Rice,52,KG,aggregate,Retail,KES,170,1.32
2025-03-15,Rift Valley,Turkana,Kalobeyei (Village 2),3246,3.76,34.75,"meat, fish and eggs",Meat (beef),141,KG,aggregate,Retail,KES,600,4.65
2025-03-15,Rift Valley,Turkana,Kalobeyei (Village 2),3246,3.76,34.75,"meat, fish and eggs",Meat (camel),344,KG,aggregate,Retail,KES,600,4.65
2025-03-15,Rift Valley,Turkana,Kalobeyei (Village 2),3246,3.76,34.75,milk and dairy,Milk (UHT),794,500 ML,aggregate,Retail,KES,75,0.58
2025-03-15,Rift Valley,Turkana,Kalobeyei (Village 2),3246,3.76,34.75,oil and fats,Oil (vegetable),96,L,aggregate,Retail,KES,300,2.32
2025-03-15,Rift Valley,Turkana,Kalobeyei (Village 2),3246,3.76,34.75,pulses and nuts,Beans (dry),262,KG,aggregate,Retail,KES,150,1.16
2025-03-15,Rift Valley,Turkana,Kalobeyei (Village 3),3247,3.75,34.76,cereals and tubers,Maize,51,KG,aggregate,Retail,KES,60,0.46
2025-03-15,Rift Valley,Turkana,Kalobeyei (Village 3),3247,3.75,34.76,cereals and tubers,Potatoes (Irish),148,KG,aggregate,Retail,KES,100,0.77
2025-03-15,Rift Valley,Turkana,Kalobeyei (Village 3),3247,3.75,34.76,cereals and tubers,Rice,52,KG,aggregate,Retail,KES,127.5,0.99
2025-03-15,Rift Valley,Turkana,Kalobeyei (Village 3),3247,3.75,34.76,"meat, fish and eggs",Meat (beef),141,KG,aggregate,Retail,KES,600,4.65
2025-03-15,Rift Valley,Turkana,Kalobeyei (Village 3),3247,3.75,34.76,"meat, fish and eggs",Meat (goat),451,KG,aggregate,Retail,KES,700,5.42
2025-03-15,Rift Valley,Turkana,Kalobeyei (Village 3),3247,3.75,34.76,oil and fats,Oil (vegetable),96,L,aggregate,Retail,KES,295,2.29
2025-03-15,Rift Valley,Turkana,Kalobeyei (Village 3),3247,3.75,34.76,pulses and nuts,Beans (dry),262,KG,aggregate,Retail,KES,142.5,1.1
2025-03-15,Rift Valley,Turkana,Kalobeyei (Village 3),3247,3.75,34.76,vegetables and fruits,Bananas,254,Unit,aggregate,Retail,KES,20,0.15
2025-03-15,Rift Valley,Turkana,Mogadishu (Kakuma),3245,3.72,34.85,cereals and tubers,Maize,51,KG,aggregate,Retail,KES,85,0.66
2025-03-15,Rift Valley,Turkana,Mogadishu (Kakuma),3245,3.72,34.85,cereals and tubers,Maize flour,76,KG,aggregate,Retail,KES,86.67,0.67
2025-03-15,Rift Valley,Turkana,Mogadishu (Kakuma),3245,3.72,34.85,cereals and tubers,Potatoes (Irish),148,KG,aggregate,Retail,KES,80,0.62
2025-03-15,Rift Valley,Turkana,Mogadishu (Kakuma),3245,3.72,34.85,cereals and tubers,Rice,52,KG,aggregate,Retail,KES,183.33,1.42
2025-03-15,Rift Valley,Turkana,Mogadishu (Kakuma),3245,3.72,34.85,cereals and tubers,Sorghum,65,KG,aggregate,Retail,KES,60,0.46
2025-03-15,Rift Valley,Turkana,Mogadishu (Kakuma),3245,3.72,34.85,"meat, fish and eggs",Meat (beef),141,KG,aggregate,Retail,KES,600,4.65
2025-03-15,Rift Valley,Turkana,Mogadishu (Kakuma),3245,3.72,34.85,"meat, fish and eggs",Meat (camel),344,KG,aggregate,Retail,KES,500,3.87
2025-03-15,Rift Valley,Turkana,Mogadishu (Kakuma),3245,3.72,34.85,"meat, fish and eggs",Meat (goat),451,KG,aggregate,Retail,KES,700,5.42
2025-03-15,Rift Valley,Turkana,Mogadishu (Kakuma),3245,3.72,34.85,milk and dairy,Milk (UHT),794,500 ML,aggregate,Retail,KES,93.33,0.72
2025-03-15,Rift Valley,Turkana,Mogadishu (Kakuma),3245,3.72,34.85,oil and fats,Oil (vegetable),96,L,aggregate,Retail,KES,316.67,2.45
2025-03-15,Rift Valley,Turkana,Mogadishu (Kakuma),3245,3.72,34.85,pulses and nuts,Beans (dry),262,KG,aggregate,Retail,KES,166.67,1.29
2025-04-15,North Eastern,Garissa,IFO (Daadab),3255,0.11,40.32,cereals and tubers,Maize flour,76,KG,aggregate,Retail,KES,100,0.77
2025-04-15,North Eastern,Garissa,IFO (Daadab),3255,0.11,40.32,cereals and tubers,Potatoes (Irish),148,KG,aggregate,Retail,KES,100,0.77
2025-04-15,North Eastern,Garissa,IFO (Daadab),3255,0.11,40.32,cereals and tubers,Rice,52,KG,aggregate,Retail,KES,113.33,0.88
2025-04-15,North Eastern,Garissa,IFO (Daadab),3255,0.11,40.32,cereals and tubers,Wheat flour,58,KG,aggregate,Retail,KES,100,0.77
2025-04-15,North Eastern,Garissa,IFO (Daadab),3255,0.11,40.32,miscellaneous food,Salt,185,200 G,aggregate,Retail,KES,10,0.077
2025-04-15,North Eastern,Garissa,IFO (Daadab),3255,0.11,40.32,miscellaneous food,Sugar,97,KG,aggregate,Retail,KES,123.33,0.95
2025-04-15,North Eastern,Garissa,IFO (Daadab),3255,0.11,40.32,oil and fats,Oil (vegetable),96,L,aggregate,Retail,KES,280,2.16
2025-04-15,North Eastern,Garissa,IFO (Daadab),3255,0.11,40.32,pulses and nuts,Beans (dry),262,KG,aggregate,Retail,KES,123.33,0.95
2025-04-15,North Eastern,Garissa,IFO (Daadab),3255,0.11,40.32,vegetables and fruits,Bananas,254,Unit,aggregate,Retail,KES,10,0.077
2025-04-15,Rift Valley,Turkana,Kakuma 2,3248,3.75,34.82,cereals and tubers,Maize,51,KG,aggregate,Retail,KES,57.5,0.44
2025-04-15,Rift Valley,Turkana,Kakuma 2,3248,3.75,34.82,cereals and tubers,Maize flour,76,KG,aggregate,Retail,KES,80,0.62
2025-04-15,Rift Valley,Turkana,Kakuma 2,3248,3.75,34.82,cereals and tubers,Potatoes (Irish),148,KG,aggregate,Retail,KES,80,0.62
2025-04-15,Rift Valley,Turkana,Kakuma 2,3248,3.75,34.82,cereals and tubers,Rice,52,KG,aggregate,Retail,KES,146.67,1.13
2025-04-15,Rift Valley,Turkana,Kakuma 2,3248,3.75,34.82,cereals and tubers,Wheat flour,58,KG,aggregate,Retail,KES,83.33,0.64
2025-04-15,Rift Valley,Turkana,Kakuma 2,3248,3.75,34.82,"meat, fish and eggs",Meat (beef),141,KG,aggregate,Retail,KES,600,4.63
2025-04-15,Rift Valley,Turkana,Kakuma 2,3248,3.75,34.82,"meat, fish and eggs",Meat (camel),344,KG,aggregate,Retail,KES,600,4.63
2025-04-15,Rift Valley,Turkana,Kakuma 2,3248,3.75,34.82,"meat, fish and eggs",Meat (goat),451,KG,aggregate,Retail,KES,700,5.41
2025-04-15,Rift Valley,Turkana,Kakuma 2,3248,3.75,34.82,milk and dairy,Milk (UHT),794,500 ML,aggregate,Retail,KES,73.33,0.57
2025-04-15,Rift Valley,Turkana,Kakuma 2,3248,3.75,34.82,miscellaneous food,Salt,185,200 G,aggregate,Retail,KES,10,0.077
2025-04-15,Rift Valley,Turkana,Kakuma 2,3248,3.75,34.82,miscellaneous food,Sugar,97,KG,aggregate,Retail,KES,165,1.27
2025-04-15,Rift Valley,Turkana,Kakuma 2,3248,3.75,34.82,oil and fats,Oil (vegetable),96,L,aggregate,Retail,KES,296.67,2.29
2025-04-15,Rift Valley,Turkana,Kakuma 2,3248,3.75,34.82,pulses and nuts,Beans (dry),262,KG,aggregate,Retail,KES,123.33,0.95
2025-04-15,Rift Valley,Turkana,Kakuma 2,3248,3.75,34.82,vegetables and fruits,Bananas,254,Unit,aggregate,Retail,KES,20,0.15
2025-04-15,Rift Valley,Turkana,Kakuma 3,3251,3.77,34.82,cereals and tubers,Maize,51,KG,aggregate,Retail,KES,64.17,0.5
2025-04-15,Rift Valley,Turkana,Kakuma 3,3251,3.77,34.82,cereals and tubers,Maize flour,76,KG,aggregate,Retail,KES,81.38,0.63
2025-04-15,Rift Valley,Turkana,Kakuma 3,3251,3.77,34.82,cereals and tubers,Potatoes (Irish),148,KG,aggregate,Retail,KES,84.58,0.65
2025-04-15,Rift Valley,Turkana,Kakuma 3,3251,3.77,34.82,cereals and tubers,Rice,52,KG,aggregate,Retail,KES,153.75,1.19
2025-04-15,Rift Valley,Turkana,Kakuma 3,3251,3.77,34.82,cereals and tubers,Sorghum,65,KG,aggregate,Retail,KES,75,0.58
2025-04-15,Rift Valley,Turkana,Kakuma 3,3251,3.77,34.82,cereals and tubers,Wheat flour,58,KG,aggregate,Retail,KES,87.25,0.67
2025-04-15,Rift Valley,Turkana,Kakuma 3,3251,3.77,34.82,"meat, fish and eggs",Meat (beef),141,KG,aggregate,Retail,KES,612.5,4.73
2025-04-15,Rift Valley,Turkana,Kakuma 3,3251,3.77,34.82,"meat, fish and eggs",Meat (camel),344,KG,aggregate,Retail,KES,600,4.63
2025-04-15,Rift Valley,Turkana,Kakuma 3,3251,3.77,34.82,"meat, fish and eggs",Meat (goat),451,KG,aggregate,Retail,KES,775,5.99
2025-04-15,Rift Valley,Turkana,Kakuma 3,3251,3.77,34.82,milk and dairy,Milk (UHT),794,500 ML,aggregate,Retail,KES,84.25,0.65
2025-04-15,Rift Valley,Turkana,Kakuma 3,3251,3.77,34.82,miscellaneous food,Salt,185,200 G,aggregate,Retail,KES,10,0.077
2025-04-15,Rift Valley,Turkana,Kakuma 3,3251,3.77,34.82,miscellaneous food,Sugar,97,KG,aggregate,Retail,KES,171.25,1.32
2025-04-15,Rift Valley,Turkana,Kakuma 3,3251,3.77,34.82,oil and fats,Oil (vegetable),96,L,aggregate,Retail,KES,289.75,2.24
2025-04-15,Rift Valley,Turkana,Kakuma 3,3251,3.77,34.82,pulses and nuts,Beans (dry),262,KG,aggregate,Retail,KES,153,1.18
2025-04-15,Rift Valley,Turkana,Kakuma 3,3251,3.77,34.82,vegetables and fruits,Bananas,254,Unit,aggregate,Retail,KES,20,0.15
2025-04-15,Rift Valley,Turkana,Kakuma 4,3249,3.74,34.81,cereals and tubers,Maize,51,KG,aggregate,Retail,KES,63.33,0.49
2025-04-15,Rift Valley,Turkana,Kakuma 4,3249,3.74,34.81,cereals and tubers,Maize flour,76,KG,aggregate,Retail,KES,75.83,0.59
2025-04-15,Rift Valley,Turkana,Kakuma 4,3249,3.74,34.81,cereals and tubers,Potatoes (Irish),148,KG,aggregate,Retail,KES,90,0.7
2025-04-15,Rift Valley,Turkana,Kakuma 4,3249,3.74,34.81,cereals and tubers,Rice,52,KG,aggregate,Retail,KES,140,1.08
2025-04-15,Rift Valley,Turkana,Kakuma 4,3249,3.74,34.81,cereals and tubers,Wheat flour,58,KG,aggregate,Retail,KES,85.83,0.66
2025-04-15,Rift Valley,Turkana,Kakuma 4,3249,3.74,34.81,"meat, fish and eggs",Meat (beef),141,KG,aggregate,Retail,KES,616.67,4.76
2025-04-15,Rift Valley,Turkana,Kakuma 4,3249,3.74,34.81,"meat, fish and eggs",Meat (goat),451,KG,aggregate,Retail,KES,716.67,5.54
2025-04-15,Rift Valley,Turkana,Kakuma 4,3249,3.74,34.81,milk and dairy,Milk (UHT),794,500 ML,aggregate,Retail,KES,83.33,0.64
2025-04-15,Rift Valley,Turkana,Kakuma 4,3249,3.74,34.81,miscellaneous food,Salt,185,200 G,aggregate,Retail,KES,11.67,0.09
2025-04-15,Rift Valley,Turkana,Kakuma 4,3249,3.74,34.81,miscellaneous food,Sugar,97,KG,aggregate,Retail,KES,158.33,1.22
2025-04-15,Rift Valley,Turkana,Kakuma 4,3249,3.74,34.81,oil and fats,Oil (vegetable),96,L,aggregate,Retail,KES,313.33,2.42
2025-04-15,Rift Valley,Turkana,Kakuma 4,3249,3.74,34.81,pulses and nuts,Beans (dry),262,KG,aggregate,Retail,KES,151.67,1.17
2025-04-15,Rift Valley,Turkana,Kakuma 4,3249,3.74,34.81,vegetables and fruits,Bananas,254,Unit,aggregate,Retail,KES,20,0.15
2025-05-15,North Eastern,Garissa,Dagahaley (Daadab),3252,0.19,40.29,cereals and tubers,Maize flour,76,KG,aggregate,Retail,KES,97.55,0.75
2025-05-15,North Eastern,Garissa,Dagahaley (Daadab),3252,0.19,40.29,cereals and tubers,Potatoes (Irish),148,KG,aggregate,Retail,KES,73.72,0.57
2025-05-15,North Eastern,Garissa,Dagahaley (Daadab),3252,0.19,40.29,cereals and tubers,Rice,52,KG,aggregate,Retail,KES,119.08,0.92
2025-05-15,North Eastern,Garissa,Dagahaley (Daadab),3252,0.19,40.29,cereals and tubers,Wheat flour,58,KG,aggregate,Retail,KES,97.98,0.76
2025-05-15,North Eastern,Garissa,Dagahaley (Daadab),3252,0.19,40.29,"meat, fish and eggs",Meat (camel),344,KG,aggregate,Retail,KES,600,4.64
2025-05-15,North Eastern,Garissa,Dagahaley (Daadab),3252,0.19,40.29,"meat, fish and eggs",Meat (goat),451,KG,aggregate,Retail,KES,800,6.19
2025-05-15,North Eastern,Garissa,Dagahaley (Daadab),3252,0.19,40.29,milk and dairy,Milk (UHT),794,500 ML,aggregate,Retail,KES,57,0.44
2025-05-15,North Eastern,Garissa,Dagahaley (Daadab),3252,0.19,40.29,milk and dairy,"Milk (camel, fresh)",817,L,aggregate,Retail,KES,182.21,1.41
2025-05-15,North Eastern,Garissa,Dagahaley (Daadab),3252,0.19,40.29,milk and dairy,"Milk (cow, fresh)",439,L,aggregate,Retail,KES,181.96,1.41
2025-05-15,North Eastern,Garissa,Dagahaley (Daadab),3252,0.19,40.29,miscellaneous food,Salt,185,200 G,aggregate,Retail,KES,10,0.077
2025-05-15,North Eastern,Garissa,Dagahaley (Daadab),3252,0.19,40.29,miscellaneous food,Sugar,97,KG,aggregate,Retail,KES,137.81,1.07
2025-05-15,North Eastern,Garissa,Dagahaley (Daadab),3252,0.19,40.29,oil and fats,Oil (vegetable),96,L,aggregate,Retail,KES,268.92,2.08
2025-05-15,North Eastern,Garissa,Dagahaley (Daadab),3252,0.19,40.29,pulses and nuts,Beans (dry),262,KG,aggregate,Retail,KES,131.99,1.02
2025-05-15,North Eastern,Garissa,Dagahaley (Daadab),3252,0.19,40.29,vegetables and fruits,Bananas,254,Unit,aggregate,Retail,KES,10,0.077
2025-05-15,North Eastern,Garissa,Hagadera (Daadab),3254,0.01,40.37,cereals and tubers,Maize,51,KG,aggregate,Retail,KES,60,0.46
2025-05-15,North Eastern,Garissa,Hagadera (Daadab),3254,0.01,40.37,cereals and tubers,Maize flour,76,KG,aggregate,Retail,KES,100,0.77
2025-05-15,North Eastern,Garissa,Hagadera (Daadab),3254,0.01,40.37,cereals and tubers,Potatoes (Irish),148,KG,aggregate,Retail,KES,78.43,0.61
2025-05-15,North Eastern,Garissa,Hagadera (Daadab),3254,0.01,40.37,cereals and tubers,Rice,52,KG,aggregate,Retail,KES,114.9,0.89
2025-05-15,North Eastern,Garissa,Hagadera (Daadab),3254,0.01,40.37,cereals and tubers,Sorghum,65,KG,aggregate,Retail,KES,50,0.39
2025-05-15,North Eastern,Garissa,Hagadera (Daadab),3254,0.01,40.37,cereals and tubers,Wheat flour,58,KG,aggregate,Retail,KES,99.49,0.77
2025-05-15,North Eastern,Garissa,Hagadera (Daadab),3254,0.01,40.37,"meat, fish and eggs",Meat (camel),344,KG,aggregate,Retail,KES,600,4.64
2025-05-15,North Eastern,Garissa,Hagadera (Daadab),3254,0.01,40.37,"meat, fish and eggs",Meat (goat),451,KG,aggregate,Retail,KES,750,5.8
2025-05-15,North Eastern,Garissa,Hagadera (Daadab),3254,0.01,40.37,miscellaneous food,Salt,185,200 G,aggregate,Retail,KES,10,0.077
2025-05-15,North Eastern,Garissa,Hagadera (Daadab),3254,0.01,40.37,miscellaneous food,Sugar,97,KG,aggregate,Retail,KES,140.72,1.09
2025-05-15,North Eastern,Garissa,Hagadera (Daadab),3254,0.01,40.37,oil and fats,Oil (vegetable),96,L,aggregate,Retail,KES,288.98,2.24
2025-05-15,North Eastern,Garissa,Hagadera (Daadab),3254,0.01,40.37,pulses and nuts,Beans (dry),262,KG,aggregate,Retail,KES,134.13,1.04
2025-05-15,North Eastern,Garissa,Hagadera (Daadab),3254,0.01,40.37,vegetables and fruits,Bananas,254,Unit,aggregate,Retail,KES,10,0.077
2025-05-15,North Eastern,Garissa,IFO (Daadab),3255,0.11,40.32,cereals and tubers,Maize,51,KG,aggregate,Retail,KES,70,0.54
2025-05-15,North Eastern,Garissa,IFO (Daadab),3255,0.11,40.32,cereals and tubers,Maize flour,76,KG,aggregate,Retail,KES,100,0.77
2025-05-15,North Eastern,Garissa,IFO (Daadab),3255,0.11,40.32,cereals and tubers,Potatoes (Irish),148,KG,aggregate,Retail,KES,74.54,0.58
2025-05-15,North Eastern,Garissa,IFO (Daadab),3255,0.11,40.32,cereals and tubers,Rice,52,KG,aggregate,Retail,KES,119.34,0.92
2025-05-15,North Eastern,Garissa,IFO (Daadab),3255,0.11,40.32,cereals and tubers,Wheat flour,58,KG,aggregate,Retail,KES,100,0.77
2025-05-15,North Eastern,Garissa,IFO (Daadab),3255,0.11,40.32,"meat, fish and eggs",Meat (camel),344,KG,aggregate,Retail,KES,660.37,5.11
2025-05-15,North Eastern,Garissa,IFO (Daadab),3255,0.11,40.32,"meat, fish and eggs",Meat (goat),451,KG,aggregate,Retail,KES,794.81,6.15
2025-05-15,North Eastern,Garissa,IFO (Daadab),3255,0.11,40.32,milk and dairy,"Milk (camel, fresh)",817,L,aggregate,Retail,KES,200,1.55
2025-05-15,North Eastern,Garissa,IFO (Daadab),3255,0.11,40.32,miscellaneous food,Salt,185,200 G,aggregate,Retail,KES,10,0.077
2025-05-15,North Eastern,Garissa,IFO (Daadab),3255,0.11,40.32,miscellaneous food,Sugar,97,KG,aggregate,Retail,KES,131.62,1.02
2025-05-15,North Eastern,Garissa,IFO (Daadab),3255,0.11,40.32,oil and fats,Oil (vegetable),96,L,aggregate,Retail,KES,286.76,2.22
2025-05-15,North Eastern,Garissa,IFO (Daadab),3255,0.11,40.32,pulses and nuts,Beans (dry),262,KG,aggregate,Retail,KES,132.07,1.02
2025-05-15,North Eastern,Garissa,IFO (Daadab),3255,0.11,40.32,vegetables and fruits,Bananas,254,Unit,aggregate,Retail,KES,10,0.077
2025-05-15,Rift Valley,Turkana,Kakuma 3,3251,3.77,34.82,cereals and tubers,Maize,51,KG,aggregate,Retail,KES,70,0.54
2025-05-15,Rift Valley,Turkana,Kakuma 3,3251,3.77,34.82,cereals and tubers,Maize flour,76,KG,aggregate,Retail,KES,85,0.66
2025-05-15,Rift Valley,Turkana,Kakuma 3,3251,3.77,34.82,cereals and tubers,Potatoes (Irish),148,KG,aggregate,Retail,KES,73.33,0.57
2025-05-15,Rift Valley,Turkana,Kakuma 3,3251,3.77,34.82,cereals and tubers,Rice,52,KG,aggregate,Retail,KES,180,1.39
2025-05-15,Rift Valley,Turkana,Kakuma 3,3251,3.77,34.82,cereals and tubers,Wheat flour,58,KG,aggregate,Retail,KES,90,0.7
2025-05-15,Rift Valley,Turkana,Kakuma 3,3251,3.77,34.82,"meat, fish and eggs",Meat (beef),141,KG,aggregate,Retail,KES,600,4.64
2025-05-15,Rift Valley,Turkana,Kakuma 3,3251,3.77,34.82,"meat, fish and eggs",Meat (camel),344,KG,aggregate,Retail,KES,600,4.64
2025-05-15,Rift Valley,Turkana,Kakuma 3,3251,3.77,34.82,"meat, fish and eggs",Meat (goat),451,KG,aggregate,Retail,KES,633.33,4.9
2025-05-15,Rift Valley,Turkana,Kakuma 3,3251,3.77,34.82,milk and dairy,Milk (UHT),794,500 ML,aggregate,Retail,KES,75,0.58
2025-05-15,Rift Valley,Turkana,Kakuma 3,3251,3.77,34.82,miscellaneous food,Salt,185,200 G,aggregate,Retail,KES,10,0.077
2025-05-15,Rift Valley,Turkana,Kakuma 3,3251,3.77,34.82,miscellaneous food,Sugar,97,KG,aggregate,Retail,KES,175,1.35
2025-05-15,Rift Valley,Turkana,Kakuma 3,3251,3.77,34.82,oil and fats,Oil (vegetable),96,L,aggregate,Retail,KES,275,2.13
2025-05-15,Rift Valley,Turkana,Kakuma 3,3251,3.77,34.82,pulses and nuts,Beans (dry),262,KG,aggregate,Retail,KES,160,1.24
2025-05-15,Rift Valley,Turkana,Kakuma 3,3251,3.77,34.82,vegetables and fruits,Bananas,254,Unit,aggregate,Retail,KES,20,0.15
2025-05-15,Rift Valley,Turkana,Kakuma 4,3249,3.74,34.81,cereals and tubers,Maize,51,KG,aggregate,Retail,KES,67.5,0.52
2025-05-15,Rift Valley,Turkana,Kakuma 4,3249,3.74,34.81,cereals and tubers,Maize flour,76,KG,aggregate,Retail,KES,90,0.7
2025-05-15,Rift Valley,Turkana,Kakuma 4,3249,3.74,34.81,cereals and tubers,Potatoes (Irish),148,KG,aggregate,Retail,KES,90,0.7
2025-05-15,Rift Valley,Turkana,Kakuma 4,3249,3.74,34.81,cereals and tubers,Rice,52,KG,aggregate,Retail,KES,170,1.32
2025-05-15,Rift Valley,Turkana,Kakuma 4,3249,3.74,34.81,cereals and tubers,Sorghum,65,KG,aggregate,Retail,KES,60,0.46
2025-05-15,Rift Valley,Turkana,Kakuma 4,3249,3.74,34.81,cereals and tubers,Wheat flour,58,KG,aggregate,Retail,KES,85,0.66
2025-05-15,Rift Valley,Turkana,Kakuma 4,3249,3.74,34.81,"meat, fish and eggs",Meat (beef),141,KG,aggregate,Retail,KES,700,5.42
2025-05-15,Rift Valley,Turkana,Kakuma 4,3249,3.74,34.81,"meat, fish and eggs",Meat (goat),451,KG,aggregate,Retail,KES,700,5.42
2025-05-15,Rift Valley,Turkana,Kakuma 4,3249,3.74,34.81,milk and dairy,Milk (UHT),794,500 ML,aggregate,Retail,KES,90,0.7
2025-05-15,Rift Valley,Turkana,Kakuma 4,3249,3.74,34.81,miscellaneous food,Salt,185,200 G,aggregate,Retail,KES,12.5,0.097
2025-05-15,Rift Valley,Turkana,Kakuma 4,3249,3.74,34.81,miscellaneous food,Sugar,97,KG,aggregate,Retail,KES,180,1.39
2025-05-15,Rift Valley,Turkana,Kakuma 4,3249,3.74,34.81,oil and fats,Oil (vegetable),96,L,aggregate,Retail,KES,300,2.32
2025-05-15,Rift Valley,Turkana,Kakuma 4,3249,3.74,34.81,pulses and nuts,Beans (dry),262,KG,aggregate,Retail,KES,155,1.2
2025-05-15,Rift Valley,Turkana,Kakuma 4,3249,3.74,34.81,vegetables and fruits,Bananas,254,Unit,aggregate,Retail,KES,20,0.15
2025-05-15,Rift Valley,Turkana,Kalobeyei (Village 1),3244,3.77,34.73,cereals and tubers,Maize,51,KG,aggregate,Retail,KES,63.33,0.49
2025-05-15,Rift Valley,Turkana,Kalobeyei (Village 1),3244,3.77,34.73,cereals and tubers,Maize flour,76,KG,aggregate,Retail,KES,90,0.7
2025-05-15,Rift Valley,Turkana,Kalobeyei (Village 1),3244,3.77,34.73,cereals and tubers,Potatoes (Irish),148,KG,aggregate,Retail,KES,83.33,0.64
2025-05-15,Rift Valley,Turkana,Kalobeyei (Village 1),3244,3.77,34.73,cereals and tubers,Rice,52,KG,aggregate,Retail,KES,113.33,0.88
2025-05-15,Rift Valley,Turkana,Kalobeyei (Village 1),3244,3.77,34.73,cereals and tubers,Wheat flour,58,KG,aggregate,Retail,KES,86.67,0.67
2025-05-15,Rift Valley,Turkana,Kalobeyei (Village 1),3244,3.77,34.73,"meat, fish and eggs",Meat (beef),141,KG,aggregate,Retail,KES,600,4.64
2025-05-15,Rift Valley,Turkana,Kalobeyei (Village 1),3244,3.77,34.73,"meat, fish and eggs",Meat (goat),451,KG,aggregate,Retail,KES,600,4.64
2025-05-15,Rift Valley,Turkana,Kalobeyei (Village 1),3244,3.77,34.73,milk and dairy,Milk (UHT),794,500 ML,aggregate,Retail,KES,80,0.62
2025-05-15,Rift Valley,Turkana,Kalobeyei (Village 1),3244,3.77,34.73,miscellaneous food,Salt,185,200 G,aggregate,Retail,KES,10,0.077
2025-05-15,Rift Valley,Turkana,Kalobeyei (Village 1),3244,3.77,34.73,miscellaneous food,Sugar,97,KG,aggregate,Retail,KES,173.33,1.34
2025-05-15,Rift Valley,Turkana,Kalobeyei (Village 1),3244,3.77,34.73,oil and fats,Oil (vegetable),96,L,aggregate,Retail,KES,300,2.32
2025-05-15,Rift Valley,Turkana,Kalobeyei (Village 1),3244,3.77,34.73,pulses and nuts,Beans (dry),262,KG,aggregate,Retail,KES,133.33,1.03
2025-05-15,Rift Valley,Turkana,Kalobeyei (Village 1),3244,3.77,34.73,vegetables and fruits,Bananas,254,Unit,aggregate,Retail,KES,20,0.15
2025-05-15,Rift Valley,Turkana,Kalobeyei (Village 2),3246,3.76,34.75,cereals and tubers,Maize,51,KG,aggregate,Retail,KES,60,0.46
2025-05-15,Rift Valley,Turkana,Kalobeyei (Village 2),3246,3.76,34.75,cereals and tubers,Maize flour,76,KG,aggregate,Retail,KES,85,0.66
2025-05-15,Rift Valley,Turkana,Kalobeyei (Village 2),3246,3.76,34.75,cereals and tubers,Potatoes (Irish),148,KG,aggregate,Retail,KES,60,0.46
2025-05-15,Rift Valley,Turkana,Kalobeyei (Village 2),3246,3.76,34.75,cereals and tubers,Rice,52,KG,aggregate,Retail,KES,170,1.32
2025-05-15,Rift Valley,Turkana,Kalobeyei (Village 2),3246,3.76,34.75,cereals and tubers,Wheat flour,58,KG,aggregate,Retail,KES,80,0.62
2025-05-15,Rift Valley,Turkana,Kalobeyei (Village 2),3246,3.76,34.75,"meat, fish and eggs",Meat (camel),344,KG,aggregate,Retail,KES,700,5.42
2025-05-15,Rift Valley,Turkana,Kalobeyei (Village 2),3246,3.76,34.75,"meat, fish and eggs",Meat (goat),451,KG,aggregate,Retail,KES,700,5.42
2025-05-15,Rift Valley,Turkana,Kalobeyei (Village 2),3246,3.76,34.75,miscellaneous food,Salt,185,200 G,aggregate,Retail,KES,15,0.12
2025-05-15,Rift Valley,Turkana,Kalobeyei (Village 2),3246,3.76,34.75,miscellaneous food,Sugar,97,KG,aggregate,Retail,KES,180,1.39
2025-05-15,Rift Valley,Turkana,Kalobeyei (Village 2),3246,3.76,34.75,oil and fats,Oil (vegetable),96,L,aggregate,Retail,KES,320,2.48
2025-05-15,Rift Valley,Turkana,Kalobeyei (Village 2),3246,3.76,34.75,pulses and nuts,Beans (dry),262,KG,aggregate,Retail,KES,160,1.24
2025-05-15,Rift Valley,Turkana,Kalobeyei (Village 2),3246,3.76,34.75,vegetables and fruits,Bananas,254,Unit,aggregate,Retail,KES,20,0.15
2025-05-15,Rift Valley,Turkana,Kalobeyei (Village 3),3247,3.75,34.76,cereals and tubers,Maize,51,KG,aggregate,Retail,KES,62.5,0.48
2025-05-15,Rift Valley,Turkana,Kalobeyei (Village 3),3247,3.75,34.76,cereals and tubers,Potatoes (Irish),148,KG,aggregate,Retail,KES,90,0.7
2025-05-15,Rift Valley,Turkana,Kalobeyei (Village 3),3247,3.75,34.76,cereals and tubers,Rice,52,KG,aggregate,Retail,KES,145,1.12
2025-05-15,Rift Valley,Turkana,Kalobeyei (Village 3),3247,3.75,34.76,cereals and tubers,Wheat flour,58,KG,aggregate,Retail,KES,85,0.66
2025-05-15,Rift Valley,Turkana,Kalobeyei (Village 3),3247,3.75,34.76,"meat, fish and eggs",Meat (beef),141,KG,aggregate,Retail,KES,600,4.64
2025-05-15,Rift Valley,Turkana,Kalobeyei (Village 3),3247,3.75,34.76,milk and dairy,Milk (UHT),794,500 ML,aggregate,Retail,KES,75,0.58
2025-05-15,Rift Valley,Turkana,Kalobeyei (Village 3),3247,3.75,34.76,miscellaneous food,Salt,185,200 G,aggregate,Retail,KES,10,0.077
2025-05-15,Rift Valley,Turkana,Kalobeyei (Village 3),3247,3.75,34.76,miscellaneous food,Sugar,97,KG,aggregate,Retail,KES,180,1.39
2025-05-15,Rift Valley,Turkana,Kalobeyei (Village 3),3247,3.75,34.76,oil and fats,Oil (vegetable),96,L,aggregate,Retail,KES,300,2.32
2025-05-15,Rift Valley,Turkana,Kalobeyei (Village 3),3247,3.75,34.76,pulses and nuts,Beans (dry),262,KG,aggregate,Retail,KES,130,1.01
2025-05-15,Rift Valley,Turkana,Kalobeyei (Village 3),3247,3.75,34.76,vegetables and fruits,Bananas,254,Unit,aggregate,Retail,KES,20,0.15
2025-06-15,North Eastern,Garissa,Dagahaley (Daadab),3252,0.19,40.29,cereals and tubers,Maize flour,76,KG,aggregate,Retail,KES,99.79,0.77
2025-06-15,North Eastern,Garissa,Dagahaley (Daadab),3252,0.19,40.29,cereals and tubers,Potatoes (Irish),148,KG,aggregate,Retail,KES,60.57,0.47
2025-06-15,North Eastern,Garissa,Dagahaley (Daadab),3252,0.19,40.29,cereals and tubers,Rice,52,KG,aggregate,Retail,KES,120.2,0.93
2025-06-15,North Eastern,Garissa,Dagahaley (Daadab),3252,0.19,40.29,"meat, fish and eggs",Meat (camel),344,KG,aggregate,Retail,KES,600,4.64
2025-06-15,North Eastern,Garissa,Dagahaley (Daadab),3252,0.19,40.29,"meat, fish and eggs",Meat (goat),451,KG,aggregate,Retail,KES,800,6.19
2025-06-15,North Eastern,Garissa,Dagahaley (Daadab),3252,0.19,40.29,milk and dairy,Milk (UHT),794,500 ML,aggregate,Retail,KES,57.33,0.44
2025-06-15,North Eastern,Garissa,Dagahaley (Daadab),3252,0.19,40.29,milk and dairy,"Milk (camel, fresh)",817,L,aggregate,Retail,KES,194,1.5
2025-06-15,North Eastern,Garissa,Dagahaley (Daadab),3252,0.19,40.29,milk and dairy,"Milk (cow, fresh)",439,L,aggregate,Retail,KES,119,0.92
2025-06-15,North Eastern,Garissa,Dagahaley (Daadab),3252,0.19,40.29,oil and fats,Oil (vegetable),96,L,aggregate,Retail,KES,264.55,2.05
2025-06-15,North Eastern,Garissa,Dagahaley (Daadab),3252,0.19,40.29,pulses and nuts,Beans (dry),262,KG,aggregate,Retail,KES,146.69,1.13
2025-06-15,North Eastern,Garissa,Dagahaley (Daadab),3252,0.19,40.29,vegetables and fruits,Bananas,254,Unit,aggregate,Retail,KES,10,0.077
2025-06-15,North Eastern,Garissa,Hagadera (Daadab),3254,0.01,40.37,cereals and tubers,Maize,51,KG,aggregate,Retail,KES,70,0.54
2025-06-15,North Eastern,Garissa,Hagadera (Daadab),3254,0.01,40.37,cereals and tubers,Maize flour,76,KG,aggregate,Retail,KES,99.61,0.77
2025-06-15,North Eastern,Garissa,Hagadera (Daadab),3254,0.01,40.37,cereals and tubers,Potatoes (Irish),148,KG,aggregate,Retail,KES,63.44,0.49
2025-06-15,North Eastern,Garissa,Hagadera (Daadab),3254,0.01,40.37,cereals and tubers,Rice,52,KG,aggregate,Retail,KES,108.84,0.84
2025-06-15,North Eastern,Garissa,Hagadera (Daadab),3254,0.01,40.37,"meat, fish and eggs",Meat (camel),344,KG,aggregate,Retail,KES,600,4.64
2025-06-15,North Eastern,Garissa,Hagadera (Daadab),3254,0.01,40.37,"meat, fish and eggs",Meat (goat),451,KG,aggregate,Retail,KES,800,6.19
2025-06-15,North Eastern,Garissa,Hagadera (Daadab),3254,0.01,40.37,oil and fats,Oil (vegetable),96,L,aggregate,Retail,KES,267.06,2.07
2025-06-15,North Eastern,Garissa,Hagadera (Daadab),3254,0.01,40.37,pulses and nuts,Beans (dry),262,KG,aggregate,Retail,KES,130.97,1.01
2025-06-15,North Eastern,Garissa,Hagadera (Daadab),3254,0.01,40.37,vegetables and fruits,Bananas,254,Unit,aggregate,Retail,KES,10,0.077
2025-06-15,North Eastern,Garissa,IFO (Daadab),3255,0.11,40.32,cereals and tubers,Maize,51,KG,aggregate,Retail,KES,70,0.54
2025-06-15,North Eastern,Garissa,IFO (Daadab),3255,0.11,40.32,cereals and tubers,Maize flour,76,KG,aggregate,Retail,KES,100.1,0.77
2025-06-15,North Eastern,Garissa,IFO (Daadab),3255,0.11,40.32,cereals and tubers,Potatoes (Irish),148,KG,aggregate,Retail,KES,63.31,0.49
2025-06-15,North Eastern,Garissa,IFO (Daadab),3255,0.11,40.32,cereals and tubers,Rice,52,KG,aggregate,Retail,KES,118.25,0.91
2025-06-15,North Eastern,Garissa,IFO (Daadab),3255,0.11,40.32,"meat, fish and eggs",Meat (camel),344,KG,aggregate,Retail,KES,695.47,5.38
2025-06-15,North Eastern,Garissa,IFO (Daadab),3255,0.11,40.32,"meat, fish and eggs",Meat (goat),451,KG,aggregate,Retail,KES,793.06,6.14
2025-06-15,North Eastern,Garissa,IFO (Daadab),3255,0.11,40.32,milk and dairy,"Milk (camel, fresh)",817,L,aggregate,Retail,KES,200,1.55
2025-06-15,North Eastern,Garissa,IFO (Daadab),3255,0.11,40.32,milk and dairy,"Milk (cow, fresh)",439,L,aggregate,Retail,KES,200,1.55
2025-06-15,North Eastern,Garissa,IFO (Daadab),3255,0.11,40.32,oil and fats,Oil (vegetable),96,L,aggregate,Retail,KES,278.29,2.15
2025-06-15,North Eastern,Garissa,IFO (Daadab),3255,0.11,40.32,pulses and nuts,Beans (dry),262,KG,aggregate,Retail,KES,138.07,1.07
2025-06-15,North Eastern,Garissa,IFO (Daadab),3255,0.11,40.32,vegetables and fruits,Bananas,254,Unit,aggregate,Retail,KES,10,0.077
2025-06-15,Rift Valley,Turkana,Ethiopia (Kakuma),3253,3.72,34.85,cereals and tubers,Maize,51,KG,aggregate,Retail,KES,70,0.54
2025-06-15,Rift Valley,Turkana,Ethiopia (Kakuma),3253,3.72,34.85,cereals and tubers,Maize flour,76,KG,aggregate,Retail,KES,95,0.73
2025-06-15,Rift Valley,Turkana,Ethiopia (Kakuma),3253,3.72,34.85,cereals and tubers,Potatoes (Irish),148,KG,aggregate,Retail,KES,65,0.5
2025-06-15,Rift Valley,Turkana,Ethiopia (Kakuma),3253,3.72,34.85,cereals and tubers,Rice,52,KG,aggregate,Retail,KES,120,0.93
2025-06-15,Rift Valley,Turkana,Ethiopia (Kakuma),3253,3.72,34.85,cereals and tubers,Wheat flour,58,KG,aggregate,Retail,KES,95,0.73
2025-06-15,Rift Valley,Turkana,Ethiopia (Kakuma),3253,3.72,34.85,"meat, fish and eggs",Meat (beef),141,KG,aggregate,Retail,KES,600,4.64
2025-06-15,Rift Valley,Turkana,Ethiopia (Kakuma),3253,3.72,34.85,milk and dairy,Milk (UHT),794,500 ML,aggregate,Retail,KES,100,0.77
2025-06-15,Rift Valley,Turkana,Ethiopia (Kakuma),3253,3.72,34.85,miscellaneous food,Salt,185,200 G,aggregate,Retail,KES,10,0.077
2025-06-15,Rift Valley,Turkana,Ethiopia (Kakuma),3253,3.72,34.85,miscellaneous food,Sugar,97,KG,aggregate,Retail,KES,180,1.39
2025-06-15,Rift Valley,Turkana,Ethiopia (Kakuma),3253,3.72,34.85,oil and fats,Oil (vegetable),96,L,aggregate,Retail,KES,300,2.32
2025-06-15,Rift Valley,Turkana,Ethiopia (Kakuma),3253,3.72,34.85,pulses and nuts,Beans (dry),262,KG,aggregate,Retail,KES,150,1.16
2025-06-15,Rift Valley,Turkana,Ethiopia (Kakuma),3253,3.72,34.85,vegetables and fruits,Bananas,254,Unit,aggregate,Retail,KES,20,0.15
2025-06-15,Rift Valley,Turkana,HongKong (Kakuma),3250,3.75,34.84,cereals and tubers,Maize,51,KG,aggregate,Retail,KES,65,0.5
2025-06-15,Rift Valley,Turkana,HongKong (Kakuma),3250,3.75,34.84,cereals and tubers,Maize flour,76,KG,aggregate,Retail,KES,90,0.7
2025-06-15,Rift Valley,Turkana,HongKong (Kakuma),3250,3.75,34.84,cereals and tubers,Potatoes (Irish),148,KG,aggregate,Retail,KES,100,0.77
2025-06-15,Rift Valley,Turkana,HongKong (Kakuma),3250,3.75,34.84,cereals and tubers,Rice,52,KG,aggregate,Retail,KES,135,1.04
2025-06-15,Rift Valley,Turkana,HongKong (Kakuma),3250,3.75,34.84,cereals and tubers,Sorghum,65,KG,aggregate,Retail,KES,70,0.54
2025-06-15,Rift Valley,Turkana,HongKong (Kakuma),3250,3.75,34.84,"meat, fish and eggs",Meat (beef),141,KG,aggregate,Retail,KES,600,4.64
2025-06-15,Rift Valley,Turkana,HongKong (Kakuma),3250,3.75,34.84,"meat, fish and eggs",Meat (goat),451,KG,aggregate,Retail,KES,750,5.8
2025-06-15,Rift Valley,Turkana,HongKong (Kakuma),3250,3.75,34.84,milk and dairy,Milk (UHT),794,500 ML,aggregate,Retail,KES,95,0.73
2025-06-15,Rift Valley,Turkana,HongKong (Kakuma),3250,3.75,34.84,oil and fats,Oil (vegetable),96,L,aggregate,Retail,KES,312.5,2.42
2025-06-15,Rift Valley,Turkana,HongKong (Kakuma),3250,3.75,34.84,pulses and nuts,Beans (dry),262,KG,aggregate,Retail,KES,170,1.32
2025-06-15,Rift Valley,Turkana,HongKong (Kakuma),3250,3.75,34.84,vegetables and fruits,Bananas,254,Unit,aggregate,Retail,KES,20,0.15
2025-06-15,Rift Valley,Turkana,Kakuma 2,3248,3.75,34.82,cereals and tubers,Maize,51,KG,aggregate,Retail,KES,80,0.62
2025-06-15,Rift Valley,Turkana,Kakuma 2,3248,3.75,34.82,cereals and tubers,Maize flour,76,KG,aggregate,Retail,KES,85,0.66
2025-06-15,Rift Valley,Turkana,Kakuma 2,3248,3.75,34.82,cereals and tubers,Potatoes (Irish),148,KG,aggregate,Retail,KES,63.33,0.49
2025-06-15,Rift Valley,Turkana,Kakuma 2,3248,3.75,34.82,cereals and tubers,Rice,52,KG,aggregate,Retail,KES,176.67,1.37
2025-06-15,Rift Valley,Turkana,Kakuma 2,3248,3.75,34.82,"meat, fish and eggs",Meat (camel),344,KG,aggregate,Retail,KES,600,4.64
2025-06-15,Rift Valley,Turkana,Kakuma 2,3248,3.75,34.82,"meat, fish and eggs",Meat (goat),451,KG,aggregate,Retail,KES,666.67,5.16
2025-06-15,Rift Valley,Turkana,Kakuma 2,3248,3.75,34.82,milk and dairy,Milk (UHT),794,500 ML,aggregate,Retail,KES,80,0.62
2025-06-15,Rift Valley,Turkana,Kakuma 2,3248,3.75,34.82,oil and fats,Oil (vegetable),96,L,aggregate,Retail,KES,286.67,2.22
2025-06-15,Rift Valley,Turkana,Kakuma 2,3248,3.75,34.82,pulses and nuts,Beans (dry),262,KG,aggregate,Retail,KES,143.33,1.11
2025-06-15,Rift Valley,Turkana,Kakuma 2,3248,3.75,34.82,vegetables and fruits,Bananas,254,Unit,aggregate,Retail,KES,20,0.15
2025-06-15,Rift Valley,Turkana,Kakuma 3,3251,3.77,34.82,cereals and tubers,Maize,51,KG,aggregate,Retail,KES,63.33,0.49
2025-06-15,Rift Valley,Turkana,Kakuma 3,3251,3.77,34.82,cereals and tubers,Maize flour,76,KG,aggregate,Retail,KES,85,0.66
2025-06-15,Rift Valley,Turkana,Kakuma 3,3251,3.77,34.82,cereals and tubers,Potatoes (Irish),148,KG,aggregate,Retail,KES,70,0.54
2025-06-15,Rift Valley,Turkana,Kakuma 3,3251,3.77,34.82,cereals and tubers,Rice,52,KG,aggregate,Retail,KES,153.33,1.19
2025-06-15,Rift Valley,Turkana,Kakuma 3,3251,3.77,34.82,"meat, fish and eggs",Meat (beef),141,KG,aggregate,Retail,KES,600,4.64
2025-06-15,Rift Valley,Turkana,Kakuma 3,3251,3.77,34.82,"meat, fish and eggs",Meat (camel),344,KG,aggregate,Retail,KES,600,4.64
2025-06-15,Rift Valley,Turkana,Kakuma 3,3251,3.77,34.82,"meat, fish and eggs",Meat (goat),451,KG,aggregate,Retail,KES,700,5.42
2025-06-15,Rift Valley,Turkana,Kakuma 3,3251,3.77,34.82,milk and dairy,Milk (UHT),794,500 ML,aggregate,Retail,KES,80,0.62
2025-06-15,Rift Valley,Turkana,Kakuma 3,3251,3.77,34.82,oil and fats,Oil (vegetable),96,L,aggregate,Retail,KES,290,2.24
2025-06-15,Rift Valley,Turkana,Kakuma 3,3251,3.77,34.82,pulses and nuts,Beans (dry),262,KG,aggregate,Retail,KES,160,1.24
2025-06-15,Rift Valley,Turkana,Kakuma 3,3251,3.77,34.82,vegetables and fruits,Bananas,254,Unit,aggregate,Retail,KES,20,0.15
2025-06-15,Rift Valley,Turkana,Kakuma 4,3249,3.74,34.81,cereals and tubers,Maize flour,76,KG,aggregate,Retail,KES,85,0.66
2025-06-15,Rift Valley,Turkana,Kakuma 4,3249,3.74,34.81,cereals and tubers,Potatoes (Irish),148,KG,aggregate,Retail,KES,66.67,0.52
2025-06-15,Rift Valley,Turkana,Kakuma 4,3249,3.74,34.81,cereals and tubers,Rice,52,KG,aggregate,Retail,KES,140,1.08
2025-06-15,Rift Valley,Turkana,Kakuma 4,3249,3.74,34.81,"meat, fish and eggs",Meat (goat),451,KG,aggregate,Retail,KES,700,5.42
2025-06-15,Rift Valley,Turkana,Kakuma 4,3249,3.74,34.81,milk and dairy,Milk (UHT),794,500 ML,aggregate,Retail,KES,80,0.62
2025-06-15,Rift Valley,Turkana,Kakuma 4,3249,3.74,34.81,oil and fats,Oil (vegetable),96,L,aggregate,Retail,KES,286.67,2.22
2025-06-15,Rift Valley,Turkana,Kakuma 4,3249,3.74,34.81,pulses and nuts,Beans (dry),262,KG,aggregate,Retail,KES,163.33,1.26
2025-06-15,Rift Valley,Turkana,Kakuma 4,3249,3.74,34.81,vegetables and fruits,Bananas,254,Unit,aggregate,Retail,KES,20,0.15
2025-06-15,Rift Valley,Turkana,Kalobeyei (Village 1),3244,3.77,34.73,cereals and tubers,Maize,51,KG,aggregate,Retail,KES,57.5,0.44
2025-06-15,Rift Valley,Turkana,Kalobeyei (Village 1),3244,3.77,34.73,cereals and tubers,Maize flour,76,KG,aggregate,Retail,KES,90,0.7
2025-06-15,Rift Valley,Turkana,Kalobeyei (Village 1),3244,3.77,34.73,cereals and tubers,Potatoes (Irish),148,KG,aggregate,Retail,KES,90,0.7
2025-06-15,Rift Valley,Turkana,Kalobeyei (Village 1),3244,3.77,34.73,cereals and tubers,Rice,52,KG,aggregate,Retail,KES,113.33,0.88
2025-06-15,Rift Valley,Turkana,Kalobeyei (Village 1),3244,3.77,34.73,"meat, fish and eggs",Meat (beef),141,KG,aggregate,Retail,KES,600,4.64
2025-06-15,Rift Valley,Turkana,Kalobeyei (Village 1),3244,3.77,34.73,"meat, fish and eggs",Meat (goat),451,KG,aggregate,Retail,KES,600,4.64
2025-06-15,Rift Valley,Turkana,Kalobeyei (Village 1),3244,3.77,34.73,milk and dairy,Milk (UHT),794,500 ML,aggregate,Retail,KES,83.33,0.64
2025-06-15,Rift Valley,Turkana,Kalobeyei (Village 1),3244,3.77,34.73,miscellaneous food,Salt,185,200 G,aggregate,Retail,KES,10,0.077
2025-06-15,Rift Valley,Turkana,Kalobeyei (Village 1),3244,3.77,34.73,oil and fats,Oil (vegetable),96,L,aggregate,Retail,KES,300,2.32
2025-06-15,Rift Valley,Turkana,Kalobeyei (Village 1),3244,3.77,34.73,vegetables and fruits,Bananas,254,Unit,aggregate,Retail,KES,20,0.15
2025-06-15,Rift Valley,Turkana,Kalobeyei (Village 2),3246,3.76,34.75,cereals and tubers,Maize,51,KG,aggregate,Retail,KES,60,0.46
2025-06-15,Rift Valley,Turkana,Kalobeyei (Village 2),3246,3.76,34.75,cereals and tubers,Maize flour,76,KG,aggregate,Retail,KES,87.5,0.68
2025-06-15,Rift Valley,Turkana,Kalobeyei (Village 2),3246,3.76,34.75,cereals and tubers,Potatoes (Irish),148,KG,aggregate,Retail,KES,60,0.46
2025-06-15,Rift Valley,Turkana,Kalobeyei (Village 2),3246,3.76,34.75,cereals and tubers,Rice,52,KG,aggregate,Retail,KES,175,1.35
2025-06-15,Rift Valley,Turkana,Kalobeyei (Village 2),3246,3.76,34.75,cereals and tubers,Sorghum,65,KG,aggregate,Retail,KES,60,0.46
2025-06-15,Rift Valley,Turkana,Kalobeyei (Village 2),3246,3.76,34.75,"meat, fish and eggs",Meat (goat),451,KG,aggregate,Retail,KES,600,4.64
2025-06-15,Rift Valley,Turkana,Kalobeyei (Village 2),3246,3.76,34.75,milk and dairy,Milk (UHT),794,500 ML,aggregate,Retail,KES,75,0.58
2025-06-15,Rift Valley,Turkana,Kalobeyei (Village 2),3246,3.76,34.75,oil and fats,Oil (vegetable),96,L,aggregate,Retail,KES,310,2.4
2025-06-15,Rift Valley,Turkana,Kalobeyei (Village 2),3246,3.76,34.75,pulses and nuts,Beans (dry),262,KG,aggregate,Retail,KES,135,1.04
2025-06-15,Rift Valley,Turkana,Kalobeyei (Village 2),3246,3.76,34.75,vegetables and fruits,Bananas,254,Unit,aggregate,Retail,KES,20,0.15
2025-06-15,Rift Valley,Turkana,Kalobeyei (Village 3),3247,3.75,34.76,cereals and tubers,Maize,51,KG,aggregate,Retail,KES,60,0.46
2025-06-15,Rift Valley,Turkana,Kalobeyei (Village 3),3247,3.75,34.76,cereals and tubers,Potatoes (Irish),148,KG,aggregate,Retail,KES,76.67,0.59
2025-06-15,Rift Valley,Turkana,Kalobeyei (Village 3),3247,3.75,34.76,cereals and tubers,Rice,52,KG,aggregate,Retail,KES,130,1.01
2025-06-15,Rift Valley,Turkana,Kalobeyei (Village 3),3247,3.75,34.76,"meat, fish and eggs",Meat (beef),141,KG,aggregate,Retail,KES,600,4.64
2025-06-15,Rift Valley,Turkana,Kalobeyei (Village 3),3247,3.75,34.76,"meat, fish and eggs",Meat (camel),344,KG,aggregate,Retail,KES,650,5.03
2025-06-15,Rift Valley,Turkana,Kalobeyei (Village 3),3247,3.75,34.76,"meat, fish and eggs",Meat (goat),451,KG,aggregate,Retail,KES,650,5.03
2025-06-15,Rift Valley,Turkana,Kalobeyei (Village 3),3247,3.75,34.76,milk and dairy,Milk (UHT),794,500 ML,aggregate,Retail,KES,76.67,0.59
2025-06-15,Rift Valley,Turkana,Kalobeyei (Village 3),3247,3.75,34.76,oil and fats,Oil (vegetable),96,L,aggregate,Retail,KES,276.67,2.14
2025-06-15,Rift Valley,Turkana,Kalobeyei (Village 3),3247,3.75,34.76,pulses and nuts,Beans (dry),262,KG,aggregate,Retail,KES,130,1.01
2025-06-15,Rift Valley,Turkana,Kalobeyei (Village 3),3247,3.75,34.76,vegetables and fruits,Bananas,254,Unit,aggregate,Retail,KES,18.33,0.14
2025-06-15,Rift Valley,Turkana,Mogadishu (Kakuma),3245,3.72,34.85,cereals and tubers,Maize flour,76,KG,aggregate,Retail,KES,100,0.77
2025-06-15,Rift Valley,Turkana,Mogadishu (Kakuma),3245,3.72,34.85,cereals and tubers,Potatoes (Irish),148,KG,aggregate,Retail,KES,70,0.54
2025-06-15,Rift Valley,Turkana,Mogadishu (Kakuma),3245,3.72,34.85,cereals and tubers,Rice,52,KG,aggregate,Retail,KES,200,1.55
2025-06-15,Rift Valley,Turkana,Mogadishu (Kakuma),3245,3.72,34.85,"meat, fish and eggs",Meat (camel),344,KG,aggregate,Retail,KES,500,3.87
2025-06-15,Rift Valley,Turkana,Mogadishu (Kakuma),3245,3.72,34.85,milk and dairy,Milk (UHT),794,500 ML,aggregate,Retail,KES,100,0.77
2025-06-15,Rift Valley,Turkana,Mogadishu (Kakuma),3245,3.72,34.85,miscellaneous food,Salt,185,200 G,aggregate,Retail,KES,10,0.077
2025-06-15,Rift Valley,Turkana,Mogadishu (Kakuma),3245,3.72,34.85,oil and fats,Oil (vegetable),96,L,aggregate,Retail,KES,300,2.32
2025-06-15,Rift Valley,Turkana,Mogadishu (Kakuma),3245,3.72,34.85,pulses and nuts,Beans (dry),262,KG,aggregate,Retail,KES,160,1.24
2025-07-15,North Eastern,Garissa,Dagahaley (Daadab),3252,0.19,40.29,cereals and tubers,Maize flour,76,KG,aggregate,Retail,KES,100,0.77
2025-07-15,North Eastern,Garissa,Dagahaley (Daadab),3252,0.19,40.29,cereals and tubers,Potatoes (Irish),148,KG,aggregate,Retail,KES,53.89,0.42
2025-07-15,North Eastern,Garissa,Dagahaley (Daadab),3252,0.19,40.29,cereals and tubers,Rice,52,KG,aggregate,Retail,KES,117.09,0.91
2025-07-15,North Eastern,Garissa,Dagahaley (Daadab),3252,0.19,40.29,cereals and tubers,Wheat flour,58,KG,aggregate,Retail,KES,100.58,0.78
2025-07-15,North Eastern,Garissa,Dagahaley (Daadab),3252,0.19,40.29,"meat, fish and eggs",Meat (camel),344,KG,aggregate,Retail,KES,600,4.64
2025-07-15,North Eastern,Garissa,Dagahaley (Daadab),3252,0.19,40.29,"meat, fish and eggs",Meat (goat),451,KG,aggregate,Retail,KES,800,6.19
2025-07-15,North Eastern,Garissa,Dagahaley (Daadab),3252,0.19,40.29,milk and dairy,Milk (UHT),794,500 ML,aggregate,Retail,KES,58,0.45
2025-07-15,North Eastern,Garissa,Dagahaley (Daadab),3252,0.19,40.29,milk and dairy,"Milk (camel, fresh)",817,L,aggregate,Retail,KES,200,1.55
2025-07-15,North Eastern,Garissa,Dagahaley (Daadab),3252,0.19,40.29,milk and dairy,"Milk (cow, fresh)",439,L,aggregate,Retail,KES,50,0.39
2025-07-15,North Eastern,Garissa,Dagahaley (Daadab),3252,0.19,40.29,miscellaneous food,Salt,185,200 G,aggregate,Retail,KES,10,0.077
2025-07-15,North Eastern,Garissa,Dagahaley (Daadab),3252,0.19,40.29,miscellaneous food,Sugar,97,KG,aggregate,Retail,KES,125.25,0.97
2025-07-15,North Eastern,Garissa,Dagahaley (Daadab),3252,0.19,40.29,oil and fats,Oil (vegetable),96,L,aggregate,Retail,KES,267.98,2.07
2025-07-15,North Eastern,Garissa,Dagahaley (Daadab),3252,0.19,40.29,pulses and nuts,Beans (dry),262,KG,aggregate,Retail,KES,141.93,1.1
2025-07-15,North Eastern,Garissa,Dagahaley (Daadab),3252,0.19,40.29,vegetables and fruits,Bananas,254,Unit,aggregate,Retail,KES,10,0.077
2025-07-15,North Eastern,Garissa,Hagadera (Daadab),3254,0.01,40.37,cereals and tubers,Maize flour,76,KG,aggregate,Retail,KES,100,0.77
2025-07-15,North Eastern,Garissa,Hagadera (Daadab),3254,0.01,40.37,cereals and tubers,Potatoes (Irish),148,KG,aggregate,Retail,KES,55.9,0.43
2025-07-15,North Eastern,Garissa,Hagadera (Daadab),3254,0.01,40.37,cereals and tubers,Rice,52,KG,aggregate,Retail,KES,102.23,0.79
2025-07-15,North Eastern,Garissa,Hagadera (Daadab),3254,0.01,40.37,cereals and tubers,Wheat flour,58,KG,aggregate,Retail,KES,100,0.77
2025-07-15,North Eastern,Garissa,Hagadera (Daadab),3254,0.01,40.37,"meat, fish and eggs",Meat (camel),344,KG,aggregate,Retail,KES,600,4.64
2025-07-15,North Eastern,Garissa,Hagadera (Daadab),3254,0.01,40.37,"meat, fish and eggs",Meat (goat),451,KG,aggregate,Retail,KES,800,6.19
2025-07-15,North Eastern,Garissa,Hagadera (Daadab),3254,0.01,40.37,miscellaneous food,Salt,185,200 G,aggregate,Retail,KES,10,0.077
2025-07-15,North Eastern,Garissa,Hagadera (Daadab),3254,0.01,40.37,miscellaneous food,Sugar,97,KG,aggregate,Retail,KES,134.78,1.04
2025-07-15,North Eastern,Garissa,Hagadera (Daadab),3254,0.01,40.37,oil and fats,Oil (vegetable),96,L,aggregate,Retail,KES,289.37,2.24
2025-07-15,North Eastern,Garissa,Hagadera (Daadab),3254,0.01,40.37,pulses and nuts,Beans (dry),262,KG,aggregate,Retail,KES,127.86,0.99
2025-07-15,North Eastern,Garissa,Hagadera (Daadab),3254,0.01,40.37,vegetables and fruits,Bananas,254,Unit,aggregate,Retail,KES,10,0.077
2025-07-15,North Eastern,Garissa,IFO (Daadab),3255,0.11,40.32,cereals and tubers,Maize,51,KG,aggregate,Retail,KES,70,0.54
2025-07-15,North Eastern,Garissa,IFO (Daadab),3255,0.11,40.32,cereals and tubers,Maize flour,76,KG,aggregate,Retail,KES,100,0.77
2025-07-15,North Eastern,Garissa,IFO (Daadab),3255,0.11,40.32,cereals and tubers,Potatoes (Irish),148,KG,aggregate,Retail,KES,55.97,0.43
2025-07-15,North Eastern,Garissa,IFO (Daadab),3255,0.11,40.32,cereals and tubers,Rice,52,KG,aggregate,Retail,KES,119.46,0.92
2025-07-15,North Eastern,Garissa,IFO (Daadab),3255,0.11,40.32,cereals and tubers,Wheat flour,58,KG,aggregate,Retail,KES,100,0.77
2025-07-15,North Eastern,Garissa,IFO (Daadab),3255,0.11,40.32,"meat, fish and eggs",Meat (camel),344,KG,aggregate,Retail,KES,661.46,5.12
2025-07-15,North Eastern,Garissa,IFO (Daadab),3255,0.11,40.32,"meat, fish and eggs",Meat (goat),451,KG,aggregate,Retail,KES,791.67,6.13
2025-07-15,North Eastern,Garissa,IFO (Daadab),3255,0.11,40.32,milk and dairy,"Milk (camel, fresh)",817,L,aggregate,Retail,KES,200,1.55
2025-07-15,North Eastern,Garissa,IFO (Daadab),3255,0.11,40.32,miscellaneous food,Salt,185,200 G,aggregate,Retail,KES,10,0.077
2025-07-15,North Eastern,Garissa,IFO (Daadab),3255,0.11,40.32,miscellaneous food,Sugar,97,KG,aggregate,Retail,KES,130.32,1.01
2025-07-15,North Eastern,Garissa,IFO (Daadab),3255,0.11,40.32,oil and fats,Oil (vegetable),96,L,aggregate,Retail,KES,284.14,2.2
2025-07-15,North Eastern,Garissa,IFO (Daadab),3255,0.11,40.32,pulses and nuts,Beans (dry),262,KG,aggregate,Retail,KES,130.95,1.01
2025-07-15,North Eastern,Garissa,IFO (Daadab),3255,0.11,40.32,vegetables and fruits,Bananas,254,Unit,aggregate,Retail,KES,10,0.077
2025-07-15,Rift Valley,Turkana,Kakuma 2,3248,3.75,34.82,cereals and tubers,Maize,51,KG,aggregate,Retail,KES,80,0.62
2025-07-15,Rift Valley,Turkana,Kakuma 2,3248,3.75,34.82,cereals and tubers,Maize flour,76,KG,aggregate,Retail,KES,83.33,0.64
2025-07-15,Rift Valley,Turkana,Kakuma 2,3248,3.75,34.82,cereals and tubers,Potatoes (Irish),148,KG,aggregate,Retail,KES,70,0.54
2025-07-15,Rift Valley,Turkana,Kakuma 2,3248,3.75,34.82,cereals and tubers,Rice,52,KG,aggregate,Retail,KES,180,1.39
2025-07-15,Rift Valley,Turkana,Kakuma 2,3248,3.75,34.82,cereals and tubers,Wheat flour,58,KG,aggregate,Retail,KES,80,0.62
2025-07-15,Rift Valley,Turkana,Kakuma 2,3248,3.75,34.82,"meat, fish and eggs",Meat (goat),451,KG,aggregate,Retail,KES,700,5.42
2025-07-15,Rift Valley,Turkana,Kakuma 2,3248,3.75,34.82,milk and dairy,Milk (UHT),794,500 ML,aggregate,Retail,KES,80,0.62
2025-07-15,Rift Valley,Turkana,Kakuma 2,3248,3.75,34.82,miscellaneous food,Salt,185,200 G,aggregate,Retail,KES,10,0.077
2025-07-15,Rift Valley,Turkana,Kakuma 2,3248,3.75,34.82,miscellaneous food,Sugar,97,KG,aggregate,Retail,KES,160,1.24
2025-07-15,Rift Valley,Turkana,Kakuma 2,3248,3.75,34.82,oil and fats,Oil (vegetable),96,L,aggregate,Retail,KES,250,1.93
2025-07-15,Rift Valley,Turkana,Kakuma 2,3248,3.75,34.82,pulses and nuts,Beans (dry),262,KG,aggregate,Retail,KES,136.67,1.06
2025-07-15,Rift Valley,Turkana,Kakuma 2,3248,3.75,34.82,vegetables and fruits,Bananas,254,Unit,aggregate,Retail,KES,20,0.15
2025-07-15,Rift Valley,Turkana,Kakuma 3,3251,3.77,34.82,cereals and tubers,Maize,51,KG,aggregate,Retail,KES,76.67,0.59
2025-07-15,Rift Valley,Turkana,Kakuma 3,3251,3.77,34.82,cereals and tubers,Maize flour,76,KG,aggregate,Retail,KES,88,0.68
2025-07-15,Rift Valley,Turkana,Kakuma 3,3251,3.77,34.82,cereals and tubers,Potatoes (Irish),148,KG,aggregate,Retail,KES,62.5,0.48
2025-07-15,Rift Valley,Turkana,Kakuma 3,3251,3.77,34.82,cereals and tubers,Rice,52,KG,aggregate,Retail,KES,180,1.39
2025-07-15,Rift Valley,Turkana,Kakuma 3,3251,3.77,34.82,cereals and tubers,Wheat flour,58,KG,aggregate,Retail,KES,84,0.65
2025-07-15,Rift Valley,Turkana,Kakuma 3,3251,3.77,34.82,"meat, fish and eggs",Meat (camel),344,KG,aggregate,Retail,KES,500,3.87
2025-07-15,Rift Valley,Turkana,Kakuma 3,3251,3.77,34.82,"meat, fish and eggs",Meat (goat),451,KG,aggregate,Retail,KES,633.33,4.9
2025-07-15,Rift Valley,Turkana,Kakuma 3,3251,3.77,34.82,milk and dairy,Milk (UHT),794,500 ML,aggregate,Retail,KES,80,0.62
2025-07-15,Rift Valley,Turkana,Kakuma 3,3251,3.77,34.82,miscellaneous food,Salt,185,200 G,aggregate,Retail,KES,10,0.077
2025-07-15,Rift Valley,Turkana,Kakuma 3,3251,3.77,34.82,miscellaneous food,Sugar,97,KG,aggregate,Retail,KES,162,1.25
2025-07-15,Rift Valley,Turkana,Kakuma 3,3251,3.77,34.82,oil and fats,Oil (vegetable),96,L,aggregate,Retail,KES,264,2.04
2025-07-15,Rift Valley,Turkana,Kakuma 3,3251,3.77,34.82,pulses and nuts,Beans (dry),262,KG,aggregate,Retail,KES,157.5,1.22
2025-07-15,Rift Valley,Turkana,Kakuma 3,3251,3.77,34.82,vegetables and fruits,Bananas,254,Unit,aggregate,Retail,KES,20,0.15
2025-07-15,Rift Valley,Turkana,Kakuma 4,3249,3.74,34.81,cereals and tubers,Maize flour,76,KG,aggregate,Retail,KES,90,0.7
2025-07-15,Rift Valley,Turkana,Kakuma 4,3249,3.74,34.81,cereals and tubers,Potatoes (Irish),148,KG,aggregate,Retail,KES,55,0.43
2025-07-15,Rift Valley,Turkana,Kakuma 4,3249,3.74,34.81,cereals and tubers,Rice,52,KG,aggregate,Retail,KES,130,1.01
2025-07-15,Rift Valley,Turkana,Kakuma 4,3249,3.74,34.81,cereals and tubers,Wheat flour,58,KG,aggregate,Retail,KES,81.25,0.63
2025-07-15,Rift Valley,Turkana,Kakuma 4,3249,3.74,34.81,"meat, fish and eggs",Meat (beef),141,KG,aggregate,Retail,KES,600,4.64
2025-07-15,Rift Valley,Turkana,Kakuma 4,3249,3.74,34.81,"meat, fish and eggs",Meat (goat),451,KG,aggregate,Retail,KES,700,5.42
2025-07-15,Rift Valley,Turkana,Kakuma 4,3249,3.74,34.81,milk and dairy,Milk (UHT),794,500 ML,aggregate,Retail,KES,85,0.66
2025-07-15,Rift Valley,Turkana,Kakuma 4,3249,3.74,34.81,miscellaneous food,Salt,185,200 G,aggregate,Retail,KES,12.5,0.097
2025-07-15,Rift Valley,Turkana,Kakuma 4,3249,3.74,34.81,miscellaneous food,Sugar,97,KG,aggregate,Retail,KES,177.5,1.37
2025-07-15,Rift Valley,Turkana,Kakuma 4,3249,3.74,34.81,oil and fats,Oil (vegetable),96,L,aggregate,Retail,KES,305,2.36
2025-07-15,Rift Valley,Turkana,Kakuma 4,3249,3.74,34.81,pulses and nuts,Beans (dry),262,KG,aggregate,Retail,KES,142.5,1.1
2025-07-15,Rift Valley,Turkana,Kakuma 4,3249,3.74,34.81,vegetables and fruits,Bananas,254,Unit,aggregate,Retail,KES,20,0.15
2025-07-15,Rift Valley,Turkana,Kalobeyei (Village 1),3244,3.77,34.73,cereals and tubers,Maize,51,KG,aggregate,Retail,KES,60,0.46
2025-07-15,Rift Valley,Turkana,Kalobeyei (Village 1),3244,3.77,34.73,cereals and tubers,Maize flour,76,KG,aggregate,Retail,KES,86,0.67
2025-07-15,Rift Valley,Turkana,Kalobeyei (Village 1),3244,3.77,34.73,cereals and tubers,Potatoes (Irish),148,KG,aggregate,Retail,KES,75,0.58
2025-07-15,Rift Valley,Turkana,Kalobeyei (Village 1),3244,3.77,34.73,cereals and tubers,Rice,52,KG,aggregate,Retail,KES,128,0.99
2025-07-15,Rift Valley,Turkana,Kalobeyei (Village 1),3244,3.77,34.73,cereals and tubers,Wheat flour,58,KG,aggregate,Retail,KES,82,0.63
2025-07-15,Rift Valley,Turkana,Kalobeyei (Village 1),3244,3.77,34.73,"meat, fish and eggs",Meat (beef),141,KG,aggregate,Retail,KES,600,4.64
2025-07-15,Rift Valley,Turkana,Kalobeyei (Village 1),3244,3.77,34.73,milk and dairy,Milk (UHT),794,500 ML,aggregate,Retail,KES,82,0.63
2025-07-15,Rift Valley,Turkana,Kalobeyei (Village 1),3244,3.77,34.73,miscellaneous food,Salt,185,200 G,aggregate,Retail,KES,10,0.077
2025-07-15,Rift Valley,Turkana,Kalobeyei (Village 1),3244,3.77,34.73,miscellaneous food,Sugar,97,KG,aggregate,Retail,KES,174,1.35
2025-07-15,Rift Valley,Turkana,Kalobeyei (Village 1),3244,3.77,34.73,oil and fats,Oil (vegetable),96,L,aggregate,Retail,KES,270,2.09
2025-07-15,Rift Valley,Turkana,Kalobeyei (Village 1),3244,3.77,34.73,pulses and nuts,Beans (dry),262,KG,aggregate,Retail,KES,130,1.01
2025-07-15,Rift Valley,Turkana,Kalobeyei (Village 1),3244,3.77,34.73,vegetables and fruits,Bananas,254,Unit,aggregate,Retail,KES,20,0.15
2025-07-15,Rift Valley,Turkana,Kalobeyei (Village 2),3246,3.76,34.75,cereals and tubers,Maize,51,KG,aggregate,Retail,KES,57.5,0.45
2025-07-15,Rift Valley,Turkana,Kalobeyei (Village 2),3246,3.76,34.75,cereals and tubers,Maize flour,76,KG,aggregate,Retail,KES,86.25,0.67
2025-07-15,Rift Valley,Turkana,Kalobeyei (Village 2),3246,3.76,34.75,cereals and tubers,Potatoes (Irish),148,KG,aggregate,Retail,KES,46.67,0.36
2025-07-15,Rift Valley,Turkana,Kalobeyei (Village 2),3246,3.76,34.75,cereals and tubers,Rice,52,KG,aggregate,Retail,KES,152.5,1.18
2025-07-15,Rift Valley,Turkana,Kalobeyei (Village 2),3246,3.76,34.75,cereals and tubers,Sorghum,65,KG,aggregate,Retail,KES,80,0.62
2025-07-15,Rift Valley,Turkana,Kalobeyei (Village 2),3246,3.76,34.75,cereals and tubers,Wheat flour,58,KG,aggregate,Retail,KES,80,0.62
2025-07-15,Rift Valley,Turkana,Kalobeyei (Village 2),3246,3.76,34.75,milk and dairy,Milk (UHT),794,500 ML,aggregate,Retail,KES,82.5,0.64
2025-07-15,Rift Valley,Turkana,Kalobeyei (Village 2),3246,3.76,34.75,miscellaneous food,Salt,185,200 G,aggregate,Retail,KES,10,0.077
2025-07-15,Rift Valley,Turkana,Kalobeyei (Village 2),3246,3.76,34.75,miscellaneous food,Sugar,97,KG,aggregate,Retail,KES,170,1.32
2025-07-15,Rift Valley,Turkana,Kalobeyei (Village 2),3246,3.76,34.75,oil and fats,Oil (vegetable),96,L,aggregate,Retail,KES,295,2.28
2025-07-15,Rift Valley,Turkana,Kalobeyei (Village 2),3246,3.76,34.75,pulses and nuts,Beans (dry),262,KG,aggregate,Retail,KES,142.5,1.1
2025-07-15,Rift Valley,Turkana,Kalobeyei (Village 3),3247,3.75,34.76,cereals and tubers,Maize,51,KG,aggregate,Retail,KES,60,0.46
2025-07-15,Rift Valley,Turkana,Kalobeyei (Village 3),3247,3.75,34.76,cereals and tubers,Maize flour,76,KG,aggregate,Retail,KES,90,0.7
2025-07-15,Rift Valley,Turkana,Kalobeyei (Village 3),3247,3.75,34.76,cereals and tubers,Potatoes (Irish),148,KG,aggregate,Retail,KES,50,0.39
2025-07-15,Rift Valley,Turkana,Kalobeyei (Village 3),3247,3.75,34.76,cereals and tubers,Rice,52,KG,aggregate,Retail,KES,120,0.93
2025-07-15,Rift Valley,Turkana,Kalobeyei (Village 3),3247,3.75,34.76,cereals and tubers,Wheat flour,58,KG,aggregate,Retail,KES,80,0.62
2025-07-15,Rift Valley,Turkana,Kalobeyei (Village 3),3247,3.75,34.76,"meat, fish and eggs",Meat (beef),141,KG,aggregate,Retail,KES,600,4.64
2025-07-15,Rift Valley,Turkana,Kalobeyei (Village 3),3247,3.75,34.76,milk and dairy,Milk (UHT),794,500 ML,aggregate,Retail,KES,80,0.62
2025-07-15,Rift Valley,Turkana,Kalobeyei (Village 3),3247,3.75,34.76,miscellaneous food,Salt,185,200 G,aggregate,Retail,KES,10,0.077
2025-07-15,Rift Valley,Turkana,Kalobeyei (Village 3),3247,3.75,34.76,miscellaneous food,Sugar,97,KG,aggregate,Retail,KES,165,1.28
2025-07-15,Rift Valley,Turkana,Kalobeyei (Village 3),3247,3.75,34.76,oil and fats,Oil (vegetable),96,L,aggregate,Retail,KES,250,1.93
2025-07-15,Rift Valley,Turkana,Kalobeyei (Village 3),3247,3.75,34.76,pulses and nuts,Beans (dry),262,KG,aggregate,Retail,KES,140,1.08
2025-07-15,Rift Valley,Turkana,Kalobeyei (Village 3),3247,3.75,34.76,vegetables and fruits,Bananas,254,Unit,aggregate,Retail,KES,20,0.15
2025-08-15,North Eastern,Garissa,Hagadera (Daadab),3254,0.01,40.37,cereals and tubers,Maize flour,76,KG,aggregate,Retail,KES,100,0.77
2025-08-15,North Eastern,Garissa,Hagadera (Daadab),3254,0.01,40.37,cereals and tubers,Potatoes (Irish),148,KG,aggregate,Retail,KES,50,0.39
2025-08-15,North Eastern,Garissa,Hagadera (Daadab),3254,0.01,40.37,cereals and tubers,Rice,52,KG,aggregate,Retail,KES,104,0.8
2025-08-15,North Eastern,Garissa,Hagadera (Daadab),3254,0.01,40.37,cereals and tubers,Wheat flour,58,KG,aggregate,Retail,KES,100,0.77
2025-08-15,North Eastern,Garissa,Hagadera (Daadab),3254,0.01,40.37,"meat, fish and eggs",Meat (camel),344,KG,aggregate,Retail,KES,600,4.64
2025-08-15,North Eastern,Garissa,Hagadera (Daadab),3254,0.01,40.37,"meat, fish and eggs",Meat (goat),451,KG,aggregate,Retail,KES,800,6.19
2025-08-15,North Eastern,Garissa,Hagadera (Daadab),3254,0.01,40.37,miscellaneous food,Salt,185,200 G,aggregate,Retail,KES,10,0.077
2025-08-15,North Eastern,Garissa,Hagadera (Daadab),3254,0.01,40.37,miscellaneous food,Sugar,97,KG,aggregate,Retail,KES,123,0.95
2025-08-15,North Eastern,Garissa,Hagadera (Daadab),3254,0.01,40.37,oil and fats,Oil (vegetable),96,L,aggregate,Retail,KES,264.44,2.05
2025-08-15,North Eastern,Garissa,Hagadera (Daadab),3254,0.01,40.37,pulses and nuts,Beans (dry),262,KG,aggregate,Retail,KES,115,0.89
2025-08-15,North Eastern,Garissa,Hagadera (Daadab),3254,0.01,40.37,vegetables and fruits,Bananas,254,Unit,aggregate,Retail,KES,10,0.077
2025-08-15,North Eastern,Garissa,IFO (Daadab),3255,0.11,40.32,cereals and tubers,Maize,51,KG,aggregate,Retail,KES,70,0.54
2025-08-15,North Eastern,Garissa,IFO (Daadab),3255,0.11,40.32,cereals and tubers,Maize flour,76,KG,aggregate,Retail,KES,100,0.77
2025-08-15,North Eastern,Garissa,IFO (Daadab),3255,0.11,40.32,cereals and tubers,Potatoes (Irish),148,KG,aggregate,Retail,KES,50,0.39
2025-08-15,North Eastern,Garissa,IFO (Daadab),3255,0.11,40.32,cereals and tubers,Rice,52,KG,aggregate,Retail,KES,120,0.93
2025-08-15,North Eastern,Garissa,IFO (Daadab),3255,0.11,40.32,cereals and tubers,Wheat flour,58,KG,aggregate,Retail,KES,100,0.77
2025-08-15,North Eastern,Garissa,IFO (Daadab),3255,0.11,40.32,"meat, fish and eggs",Meat (camel),344,KG,aggregate,Retail,KES,650,5.03
2025-08-15,North Eastern,Garissa,IFO (Daadab),3255,0.11,40.32,"meat, fish and eggs",Meat (goat),451,KG,aggregate,Retail,KES,800,6.19
2025-08-15,North Eastern,Garissa,IFO (Daadab),3255,0.11,40.32,miscellaneous food,Salt,185,200 G,aggregate,Retail,KES,10,0.077
2025-08-15,North Eastern,Garissa,IFO (Daadab),3255,0.11,40.32,miscellaneous food,Sugar,97,KG,aggregate,Retail,KES,130.59,1.01
2025-08-15,North Eastern,Garissa,IFO (Daadab),3255,0.11,40.32,oil and fats,Oil (vegetable),96,L,aggregate,Retail,KES,284.12,2.2
2025-08-15,North Eastern,Garissa,IFO (Daadab),3255,0.11,40.32,pulses and nuts,Beans (dry),262,KG,aggregate,Retail,KES,130.59,1.01
2025-08-15,North Eastern,Garissa,IFO (Daadab),3255,0.11,40.32,vegetables and fruits,Bananas,254,Unit,aggregate,Retail,KES,10,0.077
2025-08-15,Rift Valley,Turkana,Ethiopia (Kakuma),3253,3.72,34.85,cereals and tubers,Maize,51,KG,aggregate,Retail,KES,80,0.62
2025-08-15,Rift Valley,Turkana,Ethiopia (Kakuma),3253,3.72,34.85,cereals and tubers,Maize flour,76,KG,aggregate,Retail,KES,83.33,0.64
2025-08-15,Rift Valley,Turkana,Ethiopia (Kakuma),3253,3.72,34.85,cereals and tubers,Rice,52,KG,aggregate,Retail,KES,103.33,0.8
2025-08-15,Rift Valley,Turkana,Ethiopia (Kakuma),3253,3.72,34.85,cereals and tubers,Wheat flour,58,KG,aggregate,Retail,KES,80,0.62
2025-08-15,Rift Valley,Turkana,Ethiopia (Kakuma),3253,3.72,34.85,"meat, fish and eggs",Meat (beef),141,KG,aggregate,Retail,KES,500,3.87
2025-08-15,Rift Valley,Turkana,Ethiopia (Kakuma),3253,3.72,34.85,"meat, fish and eggs",Meat (goat),451,KG,aggregate,Retail,KES,600,4.64
2025-08-15,Rift Valley,Turkana,Ethiopia (Kakuma),3253,3.72,34.85,milk and dairy,Milk (UHT),794,500 ML,aggregate,Retail,KES,100,0.77
2025-08-15,Rift Valley,Turkana,Ethiopia (Kakuma),3253,3.72,34.85,miscellaneous food,Salt,185,200 G,aggregate,Retail,KES,10,0.077
2025-08-15,Rift Valley,Turkana,Ethiopia (Kakuma),3253,3.72,34.85,miscellaneous food,Sugar,97,KG,aggregate,Retail,KES,173.33,1.34
2025-08-15,Rift Valley,Turkana,Ethiopia (Kakuma),3253,3.72,34.85,oil and fats,Oil (vegetable),96,L,aggregate,Retail,KES,266.67,2.06
2025-08-15,Rift Valley,Turkana,Ethiopia (Kakuma),3253,3.72,34.85,pulses and nuts,Beans (dry),262,KG,aggregate,Retail,KES,100,0.77
2025-08-15,Rift Valley,Turkana,HongKong (Kakuma),3250,3.75,34.84,cereals and tubers,Maize,51,KG,aggregate,Retail,KES,85,0.66
2025-08-15,Rift Valley,Turkana,HongKong (Kakuma),3250,3.75,34.84,cereals and tubers,Maize flour,76,KG,aggregate,Retail,KES,86.67,0.67
2025-08-15,Rift Valley,Turkana,HongKong (Kakuma),3250,3.75,34.84,cereals and tubers,Potatoes (Irish),148,KG,aggregate,Retail,KES,50,0.39
2025-08-15,Rift Valley,Turkana,HongKong (Kakuma),3250,3.75,34.84,cereals and tubers,Rice,52,KG,aggregate,Retail,KES,100,0.77
2025-08-15,Rift Valley,Turkana,HongKong (Kakuma),3250,3.75,34.84,cereals and tubers,Sorghum,65,KG,aggregate,Retail,KES,80,0.62
2025-08-15,Rift Valley,Turkana,HongKong (Kakuma),3250,3.75,34.84,cereals and tubers,Wheat flour,58,KG,aggregate,Retail,KES,80,0.62
2025-08-15,Rift Valley,Turkana,HongKong (Kakuma),3250,3.75,34.84,milk and dairy,Milk (UHT),794,500 ML,aggregate,Retail,KES,100,0.77
2025-08-15,Rift Valley,Turkana,HongKong (Kakuma),3250,3.75,34.84,miscellaneous food,Salt,185,200 G,aggregate,Retail,KES,10,0.077
2025-08-15,Rift Valley,Turkana,HongKong (Kakuma),3250,3.75,34.84,miscellaneous food,Sugar,97,KG,aggregate,Retail,KES,173.33,1.34
2025-08-15,Rift Valley,Turkana,HongKong (Kakuma),3250,3.75,34.84,oil and fats,Oil (vegetable),96,L,aggregate,Retail,KES,260,2.01
2025-08-15,Rift Valley,Turkana,HongKong (Kakuma),3250,3.75,34.84,pulses and nuts,Beans (dry),262,KG,aggregate,Retail,KES,100,0.77
2025-08-15,Rift Valley,Turkana,HongKong (Kakuma),3250,3.75,34.84,vegetables and fruits,Bananas,254,Unit,aggregate,Retail,KES,20,0.15
2025-08-15,Rift Valley,Turkana,Kakuma 2,3248,3.75,34.82,cereals and tubers,Maize flour,76,KG,aggregate,Retail,KES,80,0.62
2025-08-15,Rift Valley,Turkana,Kakuma 2,3248,3.75,34.82,cereals and tubers,Rice,52,KG,aggregate,Retail,KES,100,0.77
2025-08-15,Rift Valley,Turkana,Kakuma 2,3248,3.75,34.82,cereals and tubers,Wheat flour,58,KG,aggregate,Retail,KES,80,0.62
2025-08-15,Rift Valley,Turkana,Kakuma 2,3248,3.75,34.82,"meat, fish and eggs",Meat (goat),451,KG,aggregate,Retail,KES,600,4.64
2025-08-15,Rift Valley,Turkana,Kakuma 2,3248,3.75,34.82,milk and dairy,Milk (UHT),794,500 ML,aggregate,Retail,KES,100,0.77
2025-08-15,Rift Valley,Turkana,Kakuma 2,3248,3.75,34.82,miscellaneous food,Salt,185,200 G,aggregate,Retail,KES,10,0.077
2025-08-15,Rift Valley,Turkana,Kakuma 2,3248,3.75,34.82,miscellaneous food,Sugar,97,KG,aggregate,Retail,KES,170,1.32
2025-08-15,Rift Valley,Turkana,Kakuma 2,3248,3.75,34.82,oil and fats,Oil (vegetable),96,L,aggregate,Retail,KES,270,2.09
2025-08-15,Rift Valley,Turkana,Kakuma 2,3248,3.75,34.82,pulses and nuts,Beans (dry),262,KG,aggregate,Retail,KES,105,0.81
2025-08-15,Rift Valley,Turkana,Kakuma 3,3251,3.77,34.82,cereals and tubers,Maize,51,KG,aggregate,Retail,KES,70,0.54
2025-08-15,Rift Valley,Turkana,Kakuma 3,3251,3.77,34.82,cereals and tubers,Maize flour,76,KG,aggregate,Retail,KES,80,0.62
2025-08-15,Rift Valley,Turkana,Kakuma 3,3251,3.77,34.82,cereals and tubers,Rice,52,KG,aggregate,Retail,KES,110,0.85
2025-08-15,Rift Valley,Turkana,Kakuma 3,3251,3.77,34.82,cereals and tubers,Wheat flour,58,KG,aggregate,Retail,KES,85,0.66
2025-08-15,Rift Valley,Turkana,Kakuma 3,3251,3.77,34.82,"meat, fish and eggs",Meat (beef),141,KG,aggregate,Retail,KES,500,3.87
2025-08-15,Rift Valley,Turkana,Kakuma 3,3251,3.77,34.82,"meat, fish and eggs",Meat (goat),451,KG,aggregate,Retail,KES,600,4.64
2025-08-15,Rift Valley,Turkana,Kakuma 3,3251,3.77,34.82,milk and dairy,Milk (UHT),794,500 ML,aggregate,Retail,KES,100,0.77
2025-08-15,Rift Valley,Turkana,Kakuma 3,3251,3.77,34.82,milk and dairy,"Milk (camel, fresh)",817,L,aggregate,Retail,KES,250,1.93
2025-08-15,Rift Valley,Turkana,Kakuma 3,3251,3.77,34.82,miscellaneous food,Salt,185,200 G,aggregate,Retail,KES,55,0.43
2025-08-15,Rift Valley,Turkana,Kakuma 3,3251,3.77,34.82,miscellaneous food,Sugar,97,KG,aggregate,Retail,KES,170,1.32
2025-08-15,Rift Valley,Turkana,Kakuma 3,3251,3.77,34.82,oil and fats,Oil (vegetable),96,L,aggregate,Retail,KES,290,2.24
2025-08-15,Rift Valley,Turkana,Kakuma 3,3251,3.77,34.82,pulses and nuts,Beans (dry),262,KG,aggregate,Retail,KES,100,0.77
2025-08-15,Rift Valley,Turkana,Kakuma 3,3251,3.77,34.82,vegetables and fruits,Bananas,254,Unit,aggregate,Retail,KES,20,0.15
2025-08-15,Rift Valley,Turkana,Kakuma 4,3249,3.74,34.81,cereals and tubers,Maize,51,KG,aggregate,Retail,KES,73.33,0.57
2025-08-15,Rift Valley,Turkana,Kakuma 4,3249,3.74,34.81,cereals and tubers,Maize flour,76,KG,aggregate,Retail,KES,80,0.62
2025-08-15,Rift Valley,Turkana,Kakuma 4,3249,3.74,34.81,cereals and tubers,Potatoes (Irish),148,KG,aggregate,Retail,KES,60,0.46
2025-08-15,Rift Valley,Turkana,Kakuma 4,3249,3.74,34.81,cereals and tubers,Rice,52,KG,aggregate,Retail,KES,113.33,0.88
2025-08-15,Rift Valley,Turkana,Kakuma 4,3249,3.74,34.81,cereals and tubers,Wheat flour,58,KG,aggregate,Retail,KES,90,0.7
2025-08-15,Rift Valley,Turkana,Kakuma 4,3249,3.74,34.81,milk and dairy,Milk (UHT),794,500 ML,aggregate,Retail,KES,100,0.77
2025-08-15,Rift Valley,Turkana,Kakuma 4,3249,3.74,34.81,miscellaneous food,Salt,185,200 G,aggregate,Retail,KES,10,0.077
2025-08-15,Rift Valley,Turkana,Kakuma 4,3249,3.74,34.81,miscellaneous food,Sugar,97,KG,aggregate,Retail,KES,170,1.32
2025-08-15,Rift Valley,Turkana,Kakuma 4,3249,3.74,34.81,oil and fats,Oil (vegetable),96,L,aggregate,Retail,KES,280,2.17
2025-08-15,Rift Valley,Turkana,Kakuma 4,3249,3.74,34.81,pulses and nuts,Beans (dry),262,KG,aggregate,Retail,KES,115,0.89
2025-08-15,Rift Valley,Turkana,Kakuma 4,3249,3.74,34.81,vegetables and fruits,Bananas,254,Unit,aggregate,Retail,KES,20,0.15
2025-08-15,Rift Valley,Turkana,Kalobeyei (Village 1),3244,3.77,34.73,cereals and tubers,Maize,51,KG,aggregate,Retail,KES,70,0.54
2025-08-15,Rift Valley,Turkana,Kalobeyei (Village 1),3244,3.77,34.73,cereals and tubers,Maize flour,76,KG,aggregate,Retail,KES,80,0.62
2025-08-15,Rift Valley,Turkana,Kalobeyei (Village 1),3244,3.77,34.73,cereals and tubers,Rice,52,KG,aggregate,Retail,KES,113.33,0.88
2025-08-15,Rift Valley,Turkana,Kalobeyei (Village 1),3244,3.77,34.73,milk and dairy,Milk (UHT),794,500 ML,aggregate,Retail,KES,100,0.77
2025-08-15,Rift Valley,Turkana,Kalobeyei (Village 1),3244,3.77,34.73,miscellaneous food,Salt,185,200 G,aggregate,Retail,KES,10,0.077
2025-08-15,Rift Valley,Turkana,Kalobeyei (Village 1),3244,3.77,34.73,miscellaneous food,Sugar,97,KG,aggregate,Retail,KES,170,1.32
2025-08-15,Rift Valley,Turkana,Kalobeyei (Village 1),3244,3.77,34.73,oil and fats,Oil (vegetable),96,L,aggregate,Retail,KES,280,2.17
2025-08-15,Rift Valley,Turkana,Kalobeyei (Village 2),3246,3.76,34.75,cereals and tubers,Maize,51,KG,aggregate,Retail,KES,70,0.54
2025-08-15,Rift Valley,Turkana,Kalobeyei (Village 2),3246,3.76,34.75,cereals and tubers,Maize flour,76,KG,aggregate,Retail,KES,80,0.62
2025-08-15,Rift Valley,Turkana,Kalobeyei (Village 2),3246,3.76,34.75,cereals and tubers,Potatoes (Irish),148,KG,aggregate,Retail,KES,75,0.58
2025-08-15,Rift Valley,Turkana,Kalobeyei (Village 2),3246,3.76,34.75,cereals and tubers,Rice,52,KG,aggregate,Retail,KES,120,0.93
2025-08-15,Rift Valley,Turkana,Kalobeyei (Village 2),3246,3.76,34.75,cereals and tubers,Wheat flour,58,KG,aggregate,Retail,KES,90,0.7
2025-08-15,Rift Valley,Turkana,Kalobeyei (Village 2),3246,3.76,34.75,"meat, fish and eggs",Meat (goat),451,KG,aggregate,Retail,KES,600,4.64
2025-08-15,Rift Valley,Turkana,Kalobeyei (Village 2),3246,3.76,34.75,miscellaneous food,Salt,185,200 G,aggregate,Retail,KES,10,0.077
2025-08-15,Rift Valley,Turkana,Kalobeyei (Village 2),3246,3.76,34.75,miscellaneous food,Sugar,97,KG,aggregate,Retail,KES,170,1.32
2025-08-15,Rift Valley,Turkana,Kalobeyei (Village 2),3246,3.76,34.75,oil and fats,Oil (vegetable),96,L,aggregate,Retail,KES,280,2.17
2025-08-15,Rift Valley,Turkana,Kalobeyei (Village 2),3246,3.76,34.75,pulses and nuts,Beans (dry),262,KG,aggregate,Retail,KES,100,0.77
2025-08-15,Rift Valley,Turkana,Kalobeyei (Village 2),3246,3.76,34.75,vegetables and fruits,Bananas,254,Unit,aggregate,Retail,KES,20,0.15
2025-08-15,Rift Valley,Turkana,Kalobeyei (Village 3),3247,3.75,34.76,cereals and tubers,Maize,51,KG,aggregate,Retail,KES,66.67,0.52
2025-08-15,Rift Valley,Turkana,Kalobeyei (Village 3),3247,3.75,34.76,cereals and tubers,Maize flour,76,KG,aggregate,Retail,KES,83.33,0.64
2025-08-15,Rift Valley,Turkana,Kalobeyei (Village 3),3247,3.75,34.76,cereals and tubers,Potatoes (Irish),148,KG,aggregate,Retail,KES,80,0.62
2025-08-15,Rift Valley,Turkana,Kalobeyei (Village 3),3247,3.75,34.76,cereals and tubers,Rice,52,KG,aggregate,Retail,KES,120,0.93
2025-08-15,Rift Valley,Turkana,Kalobeyei (Village 3),3247,3.75,34.76,cereals and tubers,Wheat flour,58,KG,aggregate,Retail,KES,90,0.7
2025-08-15,Rift Valley,Turkana,Kalobeyei (Village 3),3247,3.75,34.76,milk and dairy,Milk (UHT),794,500 ML,aggregate,Retail,KES,100,0.77
2025-08-15,Rift Valley,Turkana,Kalobeyei (Village 3),3247,3.75,34.76,miscellaneous food,Salt,185,200 G,aggregate,Retail,KES,10,0.077
2025-08-15,Rift Valley,Turkana,Kalobeyei (Village 3),3247,3.75,34.76,miscellaneous food,Sugar,97,KG,aggregate,Retail,KES,170,1.32
2025-08-15,Rift Valley,Turkana,Kalobeyei (Village 3),3247,3.75,34.76,oil and fats,Oil (vegetable),96,L,aggregate,Retail,KES,293.33,2.27
2025-08-15,Rift Valley,Turkana,Kalobeyei (Village 3),3247,3.75,34.76,pulses and nuts,Beans (dry),262,KG,aggregate,Retail,KES,100,0.77
2025-08-15,Rift Valley,Turkana,Kalobeyei (Village 3),3247,3.75,34.76,vegetables and fruits,Bananas,254,Unit,aggregate,Retail,KES,20,0.15
2025-08-15,Rift Valley,Turkana,Mogadishu (Kakuma),3245,3.72,34.85,cereals and tubers,Maize,51,KG,aggregate,Retail,KES,80,0.62
2025-08-15,Rift Valley,Turkana,Mogadishu (Kakuma),3245,3.72,34.85,cereals and tubers,Maize flour,76,KG,aggregate,Retail,KES,90,0.7
2025-08-15,Rift Valley,Turkana,Mogadishu (Kakuma),3245,3.72,34.85,cereals and tubers,Rice,52,KG,aggregate,Retail,KES,110,0.85
2025-08-15,Rift Valley,Turkana,Mogadishu (Kakuma),3245,3.72,34.85,cereals and tubers,Sorghum,65,KG,aggregate,Retail,KES,80,0.62
2025-08-15,Rift Valley,Turkana,Mogadishu (Kakuma),3245,3.72,34.85,cereals and tubers,Wheat flour,58,KG,aggregate,Retail,KES,90,0.7
2025-08-15,Rift Valley,Turkana,Mogadishu (Kakuma),3245,3.72,34.85,"meat, fish and eggs",Meat (camel),344,KG,aggregate,Retail,KES,550,4.26
2025-08-15,Rift Valley,Turkana,Mogadishu (Kakuma),3245,3.72,34.85,milk and dairy,Milk (UHT),794,500 ML,aggregate,Retail,KES,100,0.77
2025-08-15,Rift Valley,Turkana,Mogadishu (Kakuma),3245,3.72,34.85,miscellaneous food,Salt,185,200 G,aggregate,Retail,KES,10,0.077
2025-08-15,Rift Valley,Turkana,Mogadishu (Kakuma),3245,3.72,34.85,miscellaneous food,Sugar,97,KG,aggregate,Retail,KES,170,1.32
2025-08-15,Rift Valley,Turkana,Mogadishu (Kakuma),3245,3.72,34.85,oil and fats,Oil (vegetable),96,L,aggregate,Retail,KES,270,2.09
2025-08-15,Rift Valley,Turkana,Mogadishu (Kakuma),3245,3.72,34.85,pulses and nuts,Beans (dry),262,KG,aggregate,Retail,KES,100,0.77
2025-08-15,Rift Valley,Turkana,Mogadishu (Kakuma),3245,3.72,34.85,vegetables and fruits,Bananas,254,Unit,aggregate,Retail,KES,20,0.15
2025-09-15,North Eastern,Garissa,Dagahaley (Daadab),3252,0.19,40.29,cereals and tubers,Maize,51,KG,aggregate,Retail,KES,60,0.46
2025-09-15,North Eastern,Garissa,Dagahaley (Daadab),3252,0.19,40.29,cereals and tubers,Maize flour,76,KG,aggregate,Retail,KES,100,0.77
2025-09-15,North Eastern,Garissa,Dagahaley (Daadab),3252,0.19,40.29,cereals and tubers,Potatoes (Irish),148,KG,aggregate,Retail,KES,53.57,0.41
2025-09-15,North Eastern,Garissa,Dagahaley (Daadab),3252,0.19,40.29,cereals and tubers,Rice,52,KG,aggregate,Retail,KES,101.25,0.78
2025-09-15,North Eastern,Garissa,Dagahaley (Daadab),3252,0.19,40.29,cereals and tubers,Sorghum,65,KG,aggregate,Retail,KES,76.67,0.59
2025-09-15,North Eastern,Garissa,Dagahaley (Daadab),3252,0.19,40.29,"meat, fish and eggs",Meat (camel),344,KG,aggregate,Retail,KES,600,4.64
2025-09-15,North Eastern,Garissa,Dagahaley (Daadab),3252,0.19,40.29,"meat, fish and eggs",Meat (goat),451,KG,aggregate,Retail,KES,791.67,6.13
2025-09-15,North Eastern,Garissa,Dagahaley (Daadab),3252,0.19,40.29,milk and dairy,Milk (UHT),794,500 ML,aggregate,Retail,KES,80,0.62
2025-09-15,North Eastern,Garissa,Dagahaley (Daadab),3252,0.19,40.29,milk and dairy,"Milk (camel, fresh)",817,L,aggregate,Retail,KES,160.5,1.24
2025-09-15,North Eastern,Garissa,Dagahaley (Daadab),3252,0.19,40.29,milk and dairy,"Milk (cow, fresh)",439,L,aggregate,Retail,KES,166,1.28
2025-09-15,North Eastern,Garissa,Dagahaley (Daadab),3252,0.19,40.29,oil and fats,Oil (vegetable),96,L,aggregate,Retail,KES,248.29,1.92
2025-09-15,North Eastern,Garissa,Dagahaley (Daadab),3252,0.19,40.29,pulses and nuts,Beans (dry),262,KG,aggregate,Retail,KES,101.5,0.79
2025-09-15,North Eastern,Garissa,Dagahaley (Daadab),3252,0.19,40.29,vegetables and fruits,Bananas,254,Unit,aggregate,Retail,KES,10,0.077
2025-09-15,North Eastern,Garissa,Hagadera (Daadab),3254,0.01,40.37,cereals and tubers,Maize flour,76,KG,aggregate,Retail,KES,91.81,0.71
2025-09-15,North Eastern,Garissa,Hagadera (Daadab),3254,0.01,40.37,cereals and tubers,Potatoes (Irish),148,KG,aggregate,Retail,KES,60,0.46
2025-09-15,North Eastern,Garissa,Hagadera (Daadab),3254,0.01,40.37,cereals and tubers,Rice,52,KG,aggregate,Retail,KES,105,0.81
2025-09-15,North Eastern,Garissa,Hagadera (Daadab),3254,0.01,40.37,"meat, fish and eggs",Meat (camel),344,KG,aggregate,Retail,KES,600,4.64
2025-09-15,North Eastern,Garissa,Hagadera (Daadab),3254,0.01,40.37,oil and fats,Oil (vegetable),96,L,aggregate,Retail,KES,257.6,1.99
2025-09-15,North Eastern,Garissa,Hagadera (Daadab),3254,0.01,40.37,pulses and nuts,Beans (dry),262,KG,aggregate,Retail,KES,112.14,0.87
2025-09-15,North Eastern,Garissa,Hagadera (Daadab),3254,0.01,40.37,vegetables and fruits,Bananas,254,Unit,aggregate,Retail,KES,10,0.077
2025-09-15,North Eastern,Garissa,IFO (Daadab),3255,0.11,40.32,cereals and tubers,Maize,51,KG,aggregate,Retail,KES,70,0.54
2025-09-15,North Eastern,Garissa,IFO (Daadab),3255,0.11,40.32,cereals and tubers,Maize flour,76,KG,aggregate,Retail,KES,100,0.77
2025-09-15,North Eastern,Garissa,IFO (Daadab),3255,0.11,40.32,cereals and tubers,Potatoes (Irish),148,KG,aggregate,Retail,KES,59.38,0.46
2025-09-15,North Eastern,Garissa,IFO (Daadab),3255,0.11,40.32,cereals and tubers,Rice,52,KG,aggregate,Retail,KES,113.27,0.88
2025-09-15,North Eastern,Garissa,IFO (Daadab),3255,0.11,40.32,"meat, fish and eggs",Meat (camel),344,KG,aggregate,Retail,KES,691.67,5.35
2025-09-15,North Eastern,Garissa,IFO (Daadab),3255,0.11,40.32,"meat, fish and eggs",Meat (goat),451,KG,aggregate,Retail,KES,775,6
2025-09-15,North Eastern,Garissa,IFO (Daadab),3255,0.11,40.32,milk and dairy,"Milk (camel, fresh)",817,L,aggregate,Retail,KES,200,1.55
2025-09-15,North Eastern,Garissa,IFO (Daadab),3255,0.11,40.32,oil and fats,Oil (vegetable),96,L,aggregate,Retail,KES,250.22,1.94
2025-09-15,North Eastern,Garissa,IFO (Daadab),3255,0.11,40.32,pulses and nuts,Beans (dry),262,KG,aggregate,Retail,KES,116.77,0.9
2025-09-15,North Eastern,Garissa,IFO (Daadab),3255,0.11,40.32,vegetables and fruits,Bananas,254,Unit,aggregate,Retail,KES,10,0.077
2025-09-15,Rift Valley,Turkana,Ethiopia (Kakuma),3253,3.72,34.85,cereals and tubers,Maize,51,KG,aggregate,Retail,KES,70,0.54
2025-09-15,Rift Valley,Turkana,Ethiopia (Kakuma),3253,3.72,34.85,cereals and tubers,Maize flour,76,KG,aggregate,Retail,KES,92.5,0.72
2025-09-15,Rift Valley,Turkana,Ethiopia (Kakuma),3253,3.72,34.85,cereals and tubers,Potatoes (Irish),148,KG,aggregate,Retail,KES,60,0.46
2025-09-15,Rift Valley,Turkana,Ethiopia (Kakuma),3253,3.72,34.85,cereals and tubers,Rice,52,KG,aggregate,Retail,KES,133.33,1.03
2025-09-15,Rift Valley,Turkana,Ethiopia (Kakuma),3253,3.72,34.85,milk and dairy,Milk (UHT),794,500 ML,aggregate,Retail,KES,86.67,0.67
2025-09-15,Rift Valley,Turkana,Ethiopia (Kakuma),3253,3.72,34.85,miscellaneous food,Salt,185,200 G,aggregate,Retail,KES,11.25,0.087
2025-09-15,Rift Valley,Turkana,Ethiopia (Kakuma),3253,3.72,34.85,oil and fats,Oil (vegetable),96,L,aggregate,Retail,KES,283.33,2.19
2025-09-15,Rift Valley,Turkana,Ethiopia (Kakuma),3253,3.72,34.85,pulses and nuts,Beans (dry),262,KG,aggregate,Retail,KES,136.67,1.06
2025-09-15,Rift Valley,Turkana,Ethiopia (Kakuma),3253,3.72,34.85,vegetables and fruits,Bananas,254,Unit,aggregate,Retail,KES,20,0.15
2025-09-15,Rift Valley,Turkana,Kakuma 2,3248,3.75,34.82,cereals and tubers,Maize,51,KG,aggregate,Retail,KES,55,0.43
2025-09-15,Rift Valley,Turkana,Kakuma 2,3248,3.75,34.82,cereals and tubers,Maize flour,76,KG,aggregate,Retail,KES,80,0.62
2025-09-15,Rift Valley,Turkana,Kakuma 2,3248,3.75,34.82,cereals and tubers,Potatoes (Irish),148,KG,aggregate,Retail,KES,70,0.54
2025-09-15,Rift Valley,Turkana,Kakuma 2,3248,3.75,34.82,"meat, fish and eggs",Meat (goat),451,KG,aggregate,Retail,KES,700,5.42
2025-09-15,Rift Valley,Turkana,Kakuma 2,3248,3.75,34.82,milk and dairy,Milk (UHT),794,500 ML,aggregate,Retail,KES,75,0.58
2025-09-15,Rift Valley,Turkana,Kakuma 2,3248,3.75,34.82,oil and fats,Oil (vegetable),96,L,aggregate,Retail,KES,275,2.13
2025-09-15,Rift Valley,Turkana,Kakuma 2,3248,3.75,34.82,pulses and nuts,Beans (dry),262,KG,aggregate,Retail,KES,125,0.97
2025-09-15,Rift Valley,Turkana,Kakuma 3,3251,3.77,34.82,cereals and tubers,Maize,51,KG,aggregate,Retail,KES,66.67,0.52
2025-09-15,Rift Valley,Turkana,Kakuma 3,3251,3.77,34.82,cereals and tubers,Maize flour,76,KG,aggregate,Retail,KES,80,0.62
2025-09-15,Rift Valley,Turkana,Kakuma 3,3251,3.77,34.82,cereals and tubers,Potatoes (Irish),148,KG,aggregate,Retail,KES,60,0.46
2025-09-15,Rift Valley,Turkana,Kakuma 3,3251,3.77,34.82,cereals and tubers,Rice,52,KG,aggregate,Retail,KES,132.5,1.03
2025-09-15,Rift Valley,Turkana,Kakuma 3,3251,3.77,34.82,cereals and tubers,Sorghum,65,KG,aggregate,Retail,KES,100,0.77
2025-09-15,Rift Valley,Turkana,Kakuma 3,3251,3.77,34.82,"meat, fish and eggs",Meat (camel),344,KG,aggregate,Retail,KES,400,3.1
2025-09-15,Rift Valley,Turkana,Kakuma 3,3251,3.77,34.82,"meat, fish and eggs",Meat (goat),451,KG,aggregate,Retail,KES,625,4.84
2025-09-15,Rift Valley,Turkana,Kakuma 3,3251,3.77,34.82,milk and dairy,Milk (UHT),794,500 ML,aggregate,Retail,KES,70,0.54
2025-09-15,Rift Valley,Turkana,Kakuma 3,3251,3.77,34.82,milk and dairy,"Milk (camel, fresh)",817,L,aggregate,Retail,KES,200,1.55
2025-09-15,Rift Valley,Turkana,Kakuma 3,3251,3.77,34.82,oil and fats,Oil (vegetable),96,L,aggregate,Retail,KES,275,2.13
2025-09-15,Rift Valley,Turkana,Kakuma 3,3251,3.77,34.82,pulses and nuts,Beans (dry),262,KG,aggregate,Retail,KES,150,1.16
2025-09-15,Rift Valley,Turkana,Kakuma 3,3251,3.77,34.82,vegetables and fruits,Bananas,254,Unit,aggregate,Retail,KES,15,0.12
2025-09-15,Rift Valley,Turkana,Kalobeyei (Village 1),3244,3.77,34.73,cereals and tubers,Maize,51,KG,aggregate,Retail,KES,51.67,0.4
2025-09-15,Rift Valley,Turkana,Kalobeyei (Village 1),3244,3.77,34.73,cereals and tubers,Maize flour,76,KG,aggregate,Retail,KES,80,0.62
2025-09-15,Rift Valley,Turkana,Kalobeyei (Village 1),3244,3.77,34.73,cereals and tubers,Rice,52,KG,aggregate,Retail,KES,106.67,0.83
2025-09-15,Rift Valley,Turkana,Kalobeyei (Village 1),3244,3.77,34.73,milk and dairy,Milk (UHT),794,500 ML,aggregate,Retail,KES,80,0.62
2025-09-15,Rift Valley,Turkana,Kalobeyei (Village 1),3244,3.77,34.73,oil and fats,Oil (vegetable),96,L,aggregate,Retail,KES,275,2.13
2025-09-15,Rift Valley,Turkana,Kalobeyei (Village 2),3246,3.76,34.75,cereals and tubers,Maize,51,KG,aggregate,Retail,KES,56.67,0.44
2025-09-15,Rift Valley,Turkana,Kalobeyei (Village 2),3246,3.76,34.75,cereals and tubers,Maize flour,76,KG,aggregate,Retail,KES,83.33,0.64
2025-09-15,Rift Valley,Turkana,Kalobeyei (Village 2),3246,3.76,34.75,cereals and tubers,Rice,52,KG,aggregate,Retail,KES,100,0.77
2025-09-15,Rift Valley,Turkana,Kalobeyei (Village 2),3246,3.76,34.75,cereals and tubers,Sorghum,65,KG,aggregate,Retail,KES,90,0.7
2025-09-15,Rift Valley,Turkana,Kalobeyei (Village 2),3246,3.76,34.75,milk and dairy,Milk (UHT),794,500 ML,aggregate,Retail,KES,80,0.62
2025-09-15,Rift Valley,Turkana,Kalobeyei (Village 2),3246,3.76,34.75,oil and fats,Oil (vegetable),96,L,aggregate,Retail,KES,276.67,2.14
2025-09-15,Rift Valley,Turkana,Kalobeyei (Village 2),3246,3.76,34.75,pulses and nuts,Beans (dry),262,KG,aggregate,Retail,KES,130,1.01
2025-09-15,Rift Valley,Turkana,Kalobeyei (Village 3),3247,3.75,34.76,cereals and tubers,Maize,51,KG,aggregate,Retail,KES,60,0.46
2025-09-15,Rift Valley,Turkana,Kalobeyei (Village 3),3247,3.75,34.76,cereals and tubers,Maize flour,76,KG,aggregate,Retail,KES,83.33,0.64
2025-09-15,Rift Valley,Turkana,Kalobeyei (Village 3),3247,3.75,34.76,cereals and tubers,Potatoes (Irish),148,KG,aggregate,Retail,KES,73.33,0.57
2025-09-15,Rift Valley,Turkana,Kalobeyei (Village 3),3247,3.75,34.76,cereals and tubers,Rice,52,KG,aggregate,Retail,KES,116.67,0.9
2025-09-15,Rift Valley,Turkana,Kalobeyei (Village 3),3247,3.75,34.76,cereals and tubers,Sorghum,65,KG,aggregate,Retail,KES,80,0.62
2025-09-15,Rift Valley,Turkana,Kalobeyei (Village 3),3247,3.75,34.76,milk and dairy,Milk (UHT),794,500 ML,aggregate,Retail,KES,80,0.62
2025-09-15,Rift Valley,Turkana,Kalobeyei (Village 3),3247,3.75,34.76,oil and fats,Oil (vegetable),96,L,aggregate,Retail,KES,283.33,2.19
2025-09-15,Rift Valley,Turkana,Kalobeyei (Village 3),3247,3.75,34.76,pulses and nuts,Beans (dry),262,KG,aggregate,Retail,KES,93.33,0.72
2025-09-15,Rift Valley,Turkana,Kalobeyei (Village 3),3247,3.75,34.76,vegetables and fruits,Bananas,254,Unit,aggregate,Retail,KES,20,0.15
2025-09-15,Rift Valley,Turkana,Mogadishu (Kakuma),3245,3.72,34.85,cereals and tubers,Maize,51,KG,aggregate,Retail,KES,60,0.46
2025-09-15,Rift Valley,Turkana,Mogadishu (Kakuma),3245,3.72,34.85,cereals and tubers,Maize flour,76,KG,aggregate,Retail,KES,83.33,0.64
2025-09-15,Rift Valley,Turkana,Mogadishu (Kakuma),3245,3.72,34.85,cereals and tubers,Potatoes (Irish),148,KG,aggregate,Retail,KES,56.67,0.44
2025-09-15,Rift Valley,Turkana,Mogadishu (Kakuma),3245,3.72,34.85,cereals and tubers,Rice,52,KG,aggregate,Retail,KES,150,1.16
2025-09-15,Rift Valley,Turkana,Mogadishu (Kakuma),3245,3.72,34.85,cereals and tubers,Sorghum,65,KG,aggregate,Retail,KES,90,0.7
2025-09-15,Rift Valley,Turkana,Mogadishu (Kakuma),3245,3.72,34.85,cereals and tubers,Wheat flour,58,KG,aggregate,Retail,KES,86.67,0.67
2025-09-15,Rift Valley,Turkana,Mogadishu (Kakuma),3245,3.72,34.85,milk and dairy,Milk (UHT),794,500 ML,aggregate,Retail,KES,80,0.62
2025-09-15,Rift Valley,Turkana,Mogadishu (Kakuma),3245,3.72,34.85,milk and dairy,"Milk (camel, fresh)",817,L,aggregate,Retail,KES,200,1.55
2025-09-15,Rift Valley,Turkana,Mogadishu (Kakuma),3245,3.72,34.85,miscellaneous food,Salt,185,200 G,aggregate,Retail,KES,11.67,0.09
2025-09-15,Rift Valley,Turkana,Mogadishu (Kakuma),3245,3.72,34.85,miscellaneous food,Sugar,97,KG,aggregate,Retail,KES,180,1.39
2025-09-15,Rift Valley,Turkana,Mogadishu (Kakuma),3245,3.72,34.85,oil and fats,Oil (vegetable),96,L,aggregate,Retail,KES,293.33,2.27
2025-09-15,Rift Valley,Turkana,Mogadishu (Kakuma),3245,3.72,34.85,pulses and nuts,Beans (dry),262,KG,aggregate,Retail,KES,146.67,1.14
2025-10-15,North Eastern,Garissa,Dagahaley (Daadab),3252,0.19,40.29,cereals and tubers,Maize,51,KG,aggregate,Retail,KES,85,0.66
2025-10-15,North Eastern,Garissa,Dagahaley (Daadab),3252,0.19,40.29,cereals and tubers,Maize flour,76,KG,aggregate,Retail,KES,89.15,0.69
2025-10-15,North Eastern,Garissa,Dagahaley (Daadab),3252,0.19,40.29,cereals and tubers,Potatoes (Irish),148,KG,aggregate,Retail,KES,57.87,0.45
2025-10-15,North Eastern,Garissa,Dagahaley (Daadab),3252,0.19,40.29,cereals and tubers,Rice,52,KG,aggregate,Retail,KES,108.34,0.84
2025-10-15,North Eastern,Garissa,Dagahaley (Daadab),3252,0.19,40.29,cereals and tubers,Sorghum,65,KG,aggregate,Retail,KES,80,0.62
2025-10-15,North Eastern,Garissa,Dagahaley (Daadab),3252,0.19,40.29,cereals and tubers,Wheat flour,58,KG,aggregate,Retail,KES,94.07,0.73
2025-10-15,North Eastern,Garissa,Dagahaley (Daadab),3252,0.19,40.29,"meat, fish and eggs",Meat (camel),344,KG,aggregate,Retail,KES,628.51,4.87
2025-10-15,North Eastern,Garissa,Dagahaley (Daadab),3252,0.19,40.29,"meat, fish and eggs",Meat (goat),451,KG,aggregate,Retail,KES,765.35,5.93
2025-10-15,North Eastern,Garissa,Dagahaley (Daadab),3252,0.19,40.29,milk and dairy,"Milk (camel, fresh)",817,L,aggregate,Retail,KES,187.37,1.45
2025-10-15,North Eastern,Garissa,Dagahaley (Daadab),3252,0.19,40.29,milk and dairy,"Milk (cow, fresh)",439,L,aggregate,Retail,KES,187.37,1.45
2025-10-15,North Eastern,Garissa,Dagahaley (Daadab),3252,0.19,40.29,miscellaneous food,Salt,185,200 G,aggregate,Retail,KES,10,0.077
2025-10-15,North Eastern,Garissa,Dagahaley (Daadab),3252,0.19,40.29,miscellaneous food,Sugar,97,KG,aggregate,Retail,KES,117.29,0.91
2025-10-15,North Eastern,Garissa,Dagahaley (Daadab),3252,0.19,40.29,oil and fats,Oil (vegetable),96,L,aggregate,Retail,KES,253.65,1.96
2025-10-15,North Eastern,Garissa,Dagahaley (Daadab),3252,0.19,40.29,pulses and nuts,Beans (dry),262,KG,aggregate,Retail,KES,118.19,0.92
2025-10-15,North Eastern,Garissa,Dagahaley (Daadab),3252,0.19,40.29,vegetables and fruits,Bananas,254,Unit,aggregate,Retail,KES,10,0.077
2025-10-15,North Eastern,Garissa,Hagadera (Daadab),3254,0.01,40.37,cereals and tubers,Maize,51,KG,aggregate,Retail,KES,54.04,0.42
2025-10-15,North Eastern,Garissa,Hagadera (Daadab),3254,0.01,40.37,cereals and tubers,Maize flour,76,KG,aggregate,Retail,KES,92.4,0.72
2025-10-15,North Eastern,Garissa,Hagadera (Daadab),3254,0.01,40.37,cereals and tubers,Potatoes (Irish),148,KG,aggregate,Retail,KES,63.21,0.49
2025-10-15,North Eastern,Garissa,Hagadera (Daadab),3254,0.01,40.37,cereals and tubers,Rice,52,KG,aggregate,Retail,KES,105.42,0.82
2025-10-15,North Eastern,Garissa,Hagadera (Daadab),3254,0.01,40.37,cereals and tubers,Wheat flour,58,KG,aggregate,Retail,KES,95.04,0.74
2025-10-15,North Eastern,Garissa,Hagadera (Daadab),3254,0.01,40.37,"meat, fish and eggs",Meat (camel),344,KG,aggregate,Retail,KES,600,4.65
2025-10-15,North Eastern,Garissa,Hagadera (Daadab),3254,0.01,40.37,"meat, fish and eggs",Meat (goat),451,KG,aggregate,Retail,KES,781.58,6.05
2025-10-15,North Eastern,Garissa,Hagadera (Daadab),3254,0.01,40.37,milk and dairy,"Milk (camel, fresh)",817,L,aggregate,Retail,KES,150,1.16
2025-10-15,North Eastern,Garissa,Hagadera (Daadab),3254,0.01,40.37,milk and dairy,"Milk (cow, fresh)",439,L,aggregate,Retail,KES,167.5,1.3
2025-10-15,North Eastern,Garissa,Hagadera (Daadab),3254,0.01,40.37,miscellaneous food,Salt,185,200 G,aggregate,Retail,KES,10,0.077
2025-10-15,North Eastern,Garissa,Hagadera (Daadab),3254,0.01,40.37,miscellaneous food,Sugar,97,KG,aggregate,Retail,KES,120.36,0.93
2025-10-15,North Eastern,Garissa,Hagadera (Daadab),3254,0.01,40.37,oil and fats,Oil (vegetable),96,L,aggregate,Retail,KES,269.09,2.08
2025-10-15,North Eastern,Garissa,Hagadera (Daadab),3254,0.01,40.37,pulses and nuts,Beans (dry),262,KG,aggregate,Retail,KES,110.64,0.86
2025-10-15,North Eastern,Garissa,Hagadera (Daadab),3254,0.01,40.37,vegetables and fruits,Bananas,254,Unit,aggregate,Retail,KES,10,0.077
2025-10-15,North Eastern,Garissa,IFO (Daadab),3255,0.11,40.32,cereals and tubers,Maize,51,KG,aggregate,Retail,KES,67.15,0.52
2025-10-15,North Eastern,Garissa,IFO (Daadab),3255,0.11,40.32,cereals and tubers,Maize flour,76,KG,aggregate,Retail,KES,101.06,0.78
2025-10-15,North Eastern,Garissa,IFO (Daadab),3255,0.11,40.32,cereals and tubers,Potatoes (Irish),148,KG,aggregate,Retail,KES,57.58,0.45
2025-10-15,North Eastern,Garissa,IFO (Daadab),3255,0.11,40.32,cereals and tubers,Rice,52,KG,aggregate,Retail,KES,111.65,0.86
2025-10-15,North Eastern,Garissa,IFO (Daadab),3255,0.11,40.32,cereals and tubers,Sorghum,65,KG,aggregate,Retail,KES,100.18,0.78
2025-10-15,North Eastern,Garissa,IFO (Daadab),3255,0.11,40.32,cereals and tubers,Wheat flour,58,KG,aggregate,Retail,KES,100.69,0.78
2025-10-15,North Eastern,Garissa,IFO (Daadab),3255,0.11,40.32,"meat, fish and eggs",Meat (beef),141,KG,aggregate,Retail,KES,5,0.039
2025-10-15,North Eastern,Garissa,IFO (Daadab),3255,0.11,40.32,"meat, fish and eggs",Meat (camel),344,KG,aggregate,Retail,KES,616.28,4.77
2025-10-15,North Eastern,Garissa,IFO (Daadab),3255,0.11,40.32,"meat, fish and eggs",Meat (goat),451,KG,aggregate,Retail,KES,797.26,6.17
2025-10-15,North Eastern,Garissa,IFO (Daadab),3255,0.11,40.32,milk and dairy,Milk (UHT),794,500 ML,aggregate,Retail,KES,100.45,0.78
2025-10-15,North Eastern,Garissa,IFO (Daadab),3255,0.11,40.32,milk and dairy,"Milk (camel, fresh)",817,L,aggregate,Retail,KES,155.29,1.2
2025-10-15,North Eastern,Garissa,IFO (Daadab),3255,0.11,40.32,milk and dairy,"Milk (cow, fresh)",439,L,aggregate,Retail,KES,150,1.16
2025-10-15,North Eastern,Garissa,IFO (Daadab),3255,0.11,40.32,miscellaneous food,Salt,185,200 G,aggregate,Retail,KES,11.02,0.085
2025-10-15,North Eastern,Garissa,IFO (Daadab),3255,0.11,40.32,miscellaneous food,Sugar,97,KG,aggregate,Retail,KES,120.07,0.93
2025-10-15,North Eastern,Garissa,IFO (Daadab),3255,0.11,40.32,oil and fats,Oil (vegetable),96,L,aggregate,Retail,KES,260.84,2.02
2025-10-15,North Eastern,Garissa,IFO (Daadab),3255,0.11,40.32,pulses and nuts,Beans (dry),262,KG,aggregate,Retail,KES,119.13,0.92
2025-10-15,North Eastern,Garissa,IFO (Daadab),3255,0.11,40.32,vegetables and fruits,Bananas,254,Unit,aggregate,Retail,KES,7.73,0.06
2025-10-15,Rift Valley,Turkana,Ethiopia (Kakuma),3253,3.72,34.85,cereals and tubers,Maize,51,KG,aggregate,Retail,KES,52.5,0.41
2025-10-15,Rift Valley,Turkana,Ethiopia (Kakuma),3253,3.72,34.85,cereals and tubers,Maize flour,76,KG,aggregate,Retail,KES,82.5,0.64
2025-10-15,Rift Valley,Turkana,Ethiopia (Kakuma),3253,3.72,34.85,cereals and tubers,Potatoes (Irish),148,KG,aggregate,Retail,KES,73.33,0.57
2025-10-15,Rift Valley,Turkana,Ethiopia (Kakuma),3253,3.72,34.85,cereals and tubers,Rice,52,KG,aggregate,Retail,KES,116,0.9
2025-10-15,Rift Valley,Turkana,Ethiopia (Kakuma),3253,3.72,34.85,cereals and tubers,Sorghum,65,KG,aggregate,Retail,KES,80,0.62
2025-10-15,Rift Valley,Turkana,Ethiopia (Kakuma),3253,3.72,34.85,cereals and tubers,Wheat flour,58,KG,aggregate,Retail,KES,90,0.7
2025-10-15,Rift Valley,Turkana,Ethiopia (Kakuma),3253,3.72,34.85,"meat, fish and eggs",Meat (beef),141,KG,aggregate,Retail,KES,700,5.42
2025-10-15,Rift Valley,Turkana,Ethiopia (Kakuma),3253,3.72,34.85,"meat, fish and eggs",Meat (camel),344,KG,aggregate,Retail,KES,400,3.1
2025-10-15,Rift Valley,Turkana,Ethiopia (Kakuma),3253,3.72,34.85,"meat, fish and eggs",Meat (goat),451,KG,aggregate,Retail,KES,650,5.03
2025-10-15,Rift Valley,Turkana,Ethiopia (Kakuma),3253,3.72,34.85,milk and dairy,Milk (UHT),794,500 ML,aggregate,Retail,KES,90,0.7
2025-10-15,Rift Valley,Turkana,Ethiopia (Kakuma),3253,3.72,34.85,milk and dairy,"Milk (camel, fresh)",817,L,aggregate,Retail,KES,200,1.55
2025-10-15,Rift Valley,Turkana,Ethiopia (Kakuma),3253,3.72,34.85,miscellaneous food,Salt,185,200 G,aggregate,Retail,KES,12.5,0.097
2025-10-15,Rift Valley,Turkana,Ethiopia (Kakuma),3253,3.72,34.85,miscellaneous food,Sugar,97,KG,aggregate,Retail,KES,172.5,1.34
2025-10-15,Rift Valley,Turkana,Ethiopia (Kakuma),3253,3.72,34.85,oil and fats,Oil (vegetable),96,L,aggregate,Retail,KES,291.67,2.26
2025-10-15,Rift Valley,Turkana,Ethiopia (Kakuma),3253,3.72,34.85,pulses and nuts,Beans (dry),262,KG,aggregate,Retail,KES,125,0.97
2025-10-15,Rift Valley,Turkana,Ethiopia (Kakuma),3253,3.72,34.85,vegetables and fruits,Bananas,254,Unit,aggregate,Retail,KES,20,0.15
2025-10-15,Rift Valley,Turkana,HongKong (Kakuma),3250,3.75,34.84,cereals and tubers,Maize,51,KG,aggregate,Retail,KES,65,0.5
2025-10-15,Rift Valley,Turkana,HongKong (Kakuma),3250,3.75,34.84,cereals and tubers,Maize flour,76,KG,aggregate,Retail,KES,83.33,0.65
2025-10-15,Rift Valley,Turkana,HongKong (Kakuma),3250,3.75,34.84,cereals and tubers,Potatoes (Irish),148,KG,aggregate,Retail,KES,90,0.7
2025-10-15,Rift Valley,Turkana,HongKong (Kakuma),3250,3.75,34.84,cereals and tubers,Rice,52,KG,aggregate,Retail,KES,123.33,0.95
2025-10-15,Rift Valley,Turkana,HongKong (Kakuma),3250,3.75,34.84,cereals and tubers,Sorghum,65,KG,aggregate,Retail,KES,80,0.62
2025-10-15,Rift Valley,Turkana,HongKong (Kakuma),3250,3.75,34.84,cereals and tubers,Wheat flour,58,KG,aggregate,Retail,KES,86.67,0.67
2025-10-15,Rift Valley,Turkana,HongKong (Kakuma),3250,3.75,34.84,"meat, fish and eggs",Meat (beef),141,KG,aggregate,Retail,KES,700,5.42
2025-10-15,Rift Valley,Turkana,HongKong (Kakuma),3250,3.75,34.84,"meat, fish and eggs",Meat (goat),451,KG,aggregate,Retail,KES,700,5.42
2025-10-15,Rift Valley,Turkana,HongKong (Kakuma),3250,3.75,34.84,milk and dairy,Milk (UHT),794,500 ML,aggregate,Retail,KES,90,0.7
2025-10-15,Rift Valley,Turkana,HongKong (Kakuma),3250,3.75,34.84,miscellaneous food,Salt,185,200 G,aggregate,Retail,KES,15,0.12
2025-10-15,Rift Valley,Turkana,HongKong (Kakuma),3250,3.75,34.84,miscellaneous food,Sugar,97,KG,aggregate,Retail,KES,183.33,1.42
2025-10-15,Rift Valley,Turkana,HongKong (Kakuma),3250,3.75,34.84,oil and fats,Oil (vegetable),96,L,aggregate,Retail,KES,290,2.25
2025-10-15,Rift Valley,Turkana,HongKong (Kakuma),3250,3.75,34.84,pulses and nuts,Beans (dry),262,KG,aggregate,Retail,KES,140,1.08
2025-10-15,Rift Valley,Turkana,HongKong (Kakuma),3250,3.75,34.84,vegetables and fruits,Bananas,254,Unit,aggregate,Retail,KES,20,0.15
2025-10-15,Rift Valley,Turkana,Kakuma 2,3248,3.75,34.82,cereals and tubers,Maize,51,KG,aggregate,Retail,KES,50,0.39
2025-10-15,Rift Valley,Turkana,Kakuma 2,3248,3.75,34.82,cereals and tubers,Maize flour,76,KG,aggregate,Retail,KES,80,0.62
2025-10-15,Rift Valley,Turkana,Kakuma 2,3248,3.75,34.82,cereals and tubers,Potatoes (Irish),148,KG,aggregate,Retail,KES,72,0.56
2025-10-15,Rift Valley,Turkana,Kakuma 2,3248,3.75,34.82,cereals and tubers,Sorghum,65,KG,aggregate,Retail,KES,130,1.01
2025-10-15,Rift Valley,Turkana,Kakuma 2,3248,3.75,34.82,cereals and tubers,Wheat flour,58,KG,aggregate,Retail,KES,80,0.62
2025-10-15,Rift Valley,Turkana,Kakuma 2,3248,3.75,34.82,"meat, fish and eggs",Meat (beef),141,KG,aggregate,Retail,KES,600,4.65
2025-10-15,Rift Valley,Turkana,Kakuma 2,3248,3.75,34.82,"meat, fish and eggs",Meat (goat),451,KG,aggregate,Retail,KES,650,5.03
2025-10-15,Rift Valley,Turkana,Kakuma 2,3248,3.75,34.82,milk and dairy,Milk (UHT),794,500 ML,aggregate,Retail,KES,75,0.58
2025-10-15,Rift Valley,Turkana,Kakuma 2,3248,3.75,34.82,miscellaneous food,Salt,185,200 G,aggregate,Retail,KES,14,0.11
2025-10-15,Rift Valley,Turkana,Kakuma 2,3248,3.75,34.82,miscellaneous food,Sugar,97,KG,aggregate,Retail,KES,160,1.24
2025-10-15,Rift Valley,Turkana,Kakuma 2,3248,3.75,34.82,oil and fats,Oil (vegetable),96,L,aggregate,Retail,KES,270,2.09
2025-10-15,Rift Valley,Turkana,Kakuma 2,3248,3.75,34.82,pulses and nuts,Beans (dry),262,KG,aggregate,Retail,KES,116,0.9
2025-10-15,Rift Valley,Turkana,Kakuma 2,3248,3.75,34.82,vegetables and fruits,Bananas,254,Unit,aggregate,Retail,KES,16.67,0.13
2025-10-15,Rift Valley,Turkana,Kakuma 3,3251,3.77,34.82,cereals and tubers,Maize,51,KG,aggregate,Retail,KES,55,0.43
2025-10-15,Rift Valley,Turkana,Kakuma 3,3251,3.77,34.82,cereals and tubers,Maize flour,76,KG,aggregate,Retail,KES,80,0.62
2025-10-15,Rift Valley,Turkana,Kakuma 3,3251,3.77,34.82,cereals and tubers,Potatoes (Irish),148,KG,aggregate,Retail,KES,80,0.62
2025-10-15,Rift Valley,Turkana,Kakuma 3,3251,3.77,34.82,cereals and tubers,Rice,52,KG,aggregate,Retail,KES,133.33,1.03
2025-10-15,Rift Valley,Turkana,Kakuma 3,3251,3.77,34.82,cereals and tubers,Sorghum,65,KG,aggregate,Retail,KES,70,0.54
2025-10-15,Rift Valley,Turkana,Kakuma 3,3251,3.77,34.82,cereals and tubers,Wheat flour,58,KG,aggregate,Retail,KES,80,0.62
2025-10-15,Rift Valley,Turkana,Kakuma 3,3251,3.77,34.82,"meat, fish and eggs",Meat (beef),141,KG,aggregate,Retail,KES,550,4.26
2025-10-15,Rift Valley,Turkana,Kakuma 3,3251,3.77,34.82,"meat, fish and eggs",Meat (goat),451,KG,aggregate,Retail,KES,650,5.03
2025-10-15,Rift Valley,Turkana,Kakuma 3,3251,3.77,34.82,milk and dairy,Milk (UHT),794,500 ML,aggregate,Retail,KES,80,0.62
2025-10-15,Rift Valley,Turkana,Kakuma 3,3251,3.77,34.82,milk and dairy,"Milk (camel, fresh)",817,L,aggregate,Retail,KES,200,1.55
2025-10-15,Rift Valley,Turkana,Kakuma 3,3251,3.77,34.82,miscellaneous food,Salt,185,200 G,aggregate,Retail,KES,13.33,0.1
2025-10-15,Rift Valley,Turkana,Kakuma 3,3251,3.77,34.82,miscellaneous food,Sugar,97,KG,aggregate,Retail,KES,160,1.24
2025-10-15,Rift Valley,Turkana,Kakuma 3,3251,3.77,34.82,oil and fats,Oil (vegetable),96,L,aggregate,Retail,KES,263.33,2.04
2025-10-15,Rift Valley,Turkana,Kakuma 3,3251,3.77,34.82,pulses and nuts,Beans (dry),262,KG,aggregate,Retail,KES,135,1.05
2025-10-15,Rift Valley,Turkana,Kakuma 3,3251,3.77,34.82,vegetables and fruits,Bananas,254,Unit,aggregate,Retail,KES,20,0.15
2025-10-15,Rift Valley,Turkana,Kakuma 4,3249,3.74,34.81,cereals and tubers,Maize flour,76,KG,aggregate,Retail,KES,74,0.57
2025-10-15,Rift Valley,Turkana,Kakuma 4,3249,3.74,34.81,cereals and tubers,Potatoes (Irish),148,KG,aggregate,Retail,KES,94,0.73
2025-10-15,Rift Valley,Turkana,Kakuma 4,3249,3.74,34.81,cereals and tubers,Rice,52,KG,aggregate,Retail,KES,120,0.93
2025-10-15,Rift Valley,Turkana,Kakuma 4,3249,3.74,34.81,cereals and tubers,Wheat flour,58,KG,aggregate,Retail,KES,80,0.62
2025-10-15,Rift Valley,Turkana,Kakuma 4,3249,3.74,34.81,"meat, fish and eggs",Meat (beef),141,KG,aggregate,Retail,KES,700,5.42
2025-10-15,Rift Valley,Turkana,Kakuma 4,3249,3.74,34.81,"meat, fish and eggs",Meat (goat),451,KG,aggregate,Retail,KES,666.67,5.16
2025-10-15,Rift Valley,Turkana,Kakuma 4,3249,3.74,34.81,milk and dairy,Milk (UHT),794,500 ML,aggregate,Retail,KES,80,0.62
2025-10-15,Rift Valley,Turkana,Kakuma 4,3249,3.74,34.81,miscellaneous food,Salt,185,200 G,aggregate,Retail,KES,13,0.1
2025-10-15,Rift Valley,Turkana,Kakuma 4,3249,3.74,34.81,miscellaneous food,Sugar,97,KG,aggregate,Retail,KES,165,1.28
2025-10-15,Rift Valley,Turkana,Kakuma 4,3249,3.74,34.81,oil and fats,Oil (vegetable),96,L,aggregate,Retail,KES,295,2.28
2025-10-15,Rift Valley,Turkana,Kakuma 4,3249,3.74,34.81,pulses and nuts,Beans (dry),262,KG,aggregate,Retail,KES,135,1.05
2025-10-15,Rift Valley,Turkana,Kakuma 4,3249,3.74,34.81,vegetables and fruits,Bananas,254,Unit,aggregate,Retail,KES,18.33,0.14
2025-10-15,Rift Valley,Turkana,Kalobeyei (Village 1),3244,3.77,34.73,cereals and tubers,Maize,51,KG,aggregate,Retail,KES,52.86,0.41
2025-10-15,Rift Valley,Turkana,Kalobeyei (Village 1),3244,3.77,34.73,cereals and tubers,Maize flour,76,KG,aggregate,Retail,KES,80,0.62
2025-10-15,Rift Valley,Turkana,Kalobeyei (Village 1),3244,3.77,34.73,cereals and tubers,Potatoes (Irish),148,KG,aggregate,Retail,KES,70,0.54
2025-10-15,Rift Valley,Turkana,Kalobeyei (Village 1),3244,3.77,34.73,cereals and tubers,Rice,52,KG,aggregate,Retail,KES,108.57,0.84
2025-10-15,Rift Valley,Turkana,Kalobeyei (Village 1),3244,3.77,34.73,cereals and tubers,Sorghum,65,KG,aggregate,Retail,KES,60,0.46
2025-10-15,Rift Valley,Turkana,Kalobeyei (Village 1),3244,3.77,34.73,"meat, fish and eggs",Meat (beef),141,KG,aggregate,Retail,KES,600,4.65
2025-10-15,Rift Valley,Turkana,Kalobeyei (Village 1),3244,3.77,34.73,"meat, fish and eggs",Meat (goat),451,KG,aggregate,Retail,KES,600,4.65
2025-10-15,Rift Valley,Turkana,Kalobeyei (Village 1),3244,3.77,34.73,milk and dairy,Milk (UHT),794,500 ML,aggregate,Retail,KES,80,0.62
2025-10-15,Rift Valley,Turkana,Kalobeyei (Village 1),3244,3.77,34.73,miscellaneous food,Salt,185,200 G,aggregate,Retail,KES,12.14,0.094
2025-10-15,Rift Valley,Turkana,Kalobeyei (Village 1),3244,3.77,34.73,miscellaneous food,Sugar,97,KG,aggregate,Retail,KES,160,1.24
2025-10-15,Rift Valley,Turkana,Kalobeyei (Village 1),3244,3.77,34.73,oil and fats,Oil (vegetable),96,L,aggregate,Retail,KES,271.43,2.1
2025-10-15,Rift Valley,Turkana,Kalobeyei (Village 1),3244,3.77,34.73,pulses and nuts,Beans (dry),262,KG,aggregate,Retail,KES,102.86,0.8
2025-10-15,Rift Valley,Turkana,Kalobeyei (Village 1),3244,3.77,34.73,vegetables and fruits,Bananas,254,Unit,aggregate,Retail,KES,20,0.15
2025-10-15,Rift Valley,Turkana,Mogadishu (Kakuma),3245,3.72,34.85,cereals and tubers,Maize,51,KG,aggregate,Retail,KES,60,0.46
2025-10-15,Rift Valley,Turkana,Mogadishu (Kakuma),3245,3.72,34.85,cereals and tubers,Maize flour,76,KG,aggregate,Retail,KES,90,0.7
2025-10-15,Rift Valley,Turkana,Mogadishu (Kakuma),3245,3.72,34.85,cereals and tubers,Potatoes (Irish),148,KG,aggregate,Retail,KES,70,0.54
2025-10-15,Rift Valley,Turkana,Mogadishu (Kakuma),3245,3.72,34.85,cereals and tubers,Rice,52,KG,aggregate,Retail,KES,100,0.77
2025-10-15,Rift Valley,Turkana,Mogadishu (Kakuma),3245,3.72,34.85,cereals and tubers,Wheat flour,58,KG,aggregate,Retail,KES,90,0.7
2025-10-15,Rift Valley,Turkana,Mogadishu (Kakuma),3245,3.72,34.85,milk and dairy,Milk (UHT),794,500 ML,aggregate,Retail,KES,80,0.62
2025-10-15,Rift Valley,Turkana,Mogadishu (Kakuma),3245,3.72,34.85,miscellaneous food,Salt,185,200 G,aggregate,Retail,KES,15,0.12
2025-10-15,Rift Valley,Turkana,Mogadishu (Kakuma),3245,3.72,34.85,miscellaneous food,Sugar,97,KG,aggregate,Retail,KES,160,1.24
2025-10-15,Rift Valley,Turkana,Mogadishu (Kakuma),3245,3.72,34.85,oil and fats,Oil (vegetable),96,L,aggregate,Retail,KES,300,2.32
2025-10-15,Rift Valley,Turkana,Mogadishu (Kakuma),3245,3.72,34.85,pulses and nuts,Beans (dry),262,KG,aggregate,Retail,KES,150,1.16
2025-10-15,Rift Valley,Turkana,Mogadishu (Kakuma),3245,3.72,34.85,vegetables and fruits,Bananas,254,Unit,aggregate,Retail,KES,20,0.15
2025-11-15,North Eastern,Garissa,Dagahaley (Daadab),3252,0.19,40.29,cereals and tubers,Maize,51,KG,aggregate,Retail,KES,60,0.46
2025-11-15,North Eastern,Garissa,Dagahaley (Daadab),3252,0.19,40.29,cereals and tubers,Maize flour,76,KG,aggregate,Retail,KES,99.22,0.77
2025-11-15,North Eastern,Garissa,Dagahaley (Daadab),3252,0.19,40.29,cereals and tubers,Potatoes (Irish),148,KG,aggregate,Retail,KES,60.16,0.47
2025-11-15,North Eastern,Garissa,Dagahaley (Daadab),3252,0.19,40.29,cereals and tubers,Rice,52,KG,aggregate,Retail,KES,110.56,0.85
2025-11-15,North Eastern,Garissa,Dagahaley (Daadab),3252,0.19,40.29,cereals and tubers,Wheat flour,58,KG,aggregate,Retail,KES,99.65,0.77
2025-11-15,North Eastern,Garissa,Dagahaley (Daadab),3252,0.19,40.29,"meat, fish and eggs",Meat (camel),344,KG,aggregate,Retail,KES,766.67,5.93
2025-11-15,North Eastern,Garissa,Dagahaley (Daadab),3252,0.19,40.29,"meat, fish and eggs",Meat (goat),451,KG,aggregate,Retail,KES,881.25,6.81
2025-11-15,North Eastern,Garissa,Dagahaley (Daadab),3252,0.19,40.29,milk and dairy,Milk (UHT),794,500 ML,aggregate,Retail,KES,52.23,0.4
2025-11-15,North Eastern,Garissa,Dagahaley (Daadab),3252,0.19,40.29,milk and dairy,"Milk (camel, fresh)",817,L,aggregate,Retail,KES,210.04,1.62
2025-11-15,North Eastern,Garissa,Dagahaley (Daadab),3252,0.19,40.29,milk and dairy,"Milk (cow, fresh)",439,L,aggregate,Retail,KES,208,1.61
2025-11-15,North Eastern,Garissa,Dagahaley (Daadab),3252,0.19,40.29,miscellaneous food,Salt,185,200 G,aggregate,Retail,KES,10.65,0.082
2025-11-15,North Eastern,Garissa,Dagahaley (Daadab),3252,0.19,40.29,miscellaneous food,Sugar,97,KG,aggregate,Retail,KES,119.15,0.92
2025-11-15,North Eastern,Garissa,Dagahaley (Daadab),3252,0.19,40.29,oil and fats,Oil (vegetable),96,L,aggregate,Retail,KES,247.52,1.91
2025-11-15,North Eastern,Garissa,Dagahaley (Daadab),3252,0.19,40.29,pulses and nuts,Beans (dry),262,KG,aggregate,Retail,KES,105.41,0.81
2025-11-15,North Eastern,Garissa,Dagahaley (Daadab),3252,0.19,40.29,vegetables and fruits,Bananas,254,Unit,aggregate,Retail,KES,10,0.077
2025-11-15,North Eastern,Garissa,Hagadera (Daadab),3254,0.01,40.37,cereals and tubers,Maize,51,KG,aggregate,Retail,KES,51.52,0.4
2025-11-15,North Eastern,Garissa,Hagadera (Daadab),3254,0.01,40.37,cereals and tubers,Maize flour,76,KG,aggregate,Retail,KES,93.25,0.72
2025-11-15,North Eastern,Garissa,Hagadera (Daadab),3254,0.01,40.37,cereals and tubers,Potatoes (Irish),148,KG,aggregate,Retail,KES,66.75,0.52
2025-11-15,North Eastern,Garissa,Hagadera (Daadab),3254,0.01,40.37,cereals and tubers,Rice,52,KG,aggregate,Retail,KES,111.97,0.87
2025-11-15,North Eastern,Garissa,Hagadera (Daadab),3254,0.01,40.37,cereals and tubers,Wheat flour,58,KG,aggregate,Retail,KES,97.06,0.75
2025-11-15,North Eastern,Garissa,Hagadera (Daadab),3254,0.01,40.37,"meat, fish and eggs",Meat (camel),344,KG,aggregate,Retail,KES,600,4.64
2025-11-15,North Eastern,Garissa,Hagadera (Daadab),3254,0.01,40.37,"meat, fish and eggs",Meat (goat),451,KG,aggregate,Retail,KES,800,6.19
2025-11-15,North Eastern,Garissa,Hagadera (Daadab),3254,0.01,40.37,milk and dairy,"Milk (camel, fresh)",817,L,aggregate,Retail,KES,150,1.16
2025-11-15,North Eastern,Garissa,Hagadera (Daadab),3254,0.01,40.37,milk and dairy,"Milk (cow, fresh)",439,L,aggregate,Retail,KES,150,1.16
2025-11-15,North Eastern,Garissa,Hagadera (Daadab),3254,0.01,40.37,miscellaneous food,Salt,185,200 G,aggregate,Retail,KES,10,0.077
2025-11-15,North Eastern,Garissa,Hagadera (Daadab),3254,0.01,40.37,miscellaneous food,Sugar,97,KG,aggregate,Retail,KES,122.15,0.94
2025-11-15,North Eastern,Garissa,Hagadera (Daadab),3254,0.01,40.37,oil and fats,Oil (vegetable),96,L,aggregate,Retail,KES,251.69,1.95
2025-11-15,North Eastern,Garissa,Hagadera (Daadab),3254,0.01,40.37,pulses and nuts,Beans (dry),262,KG,aggregate,Retail,KES,119.26,0.92
2025-11-15,North Eastern,Garissa,Hagadera (Daadab),3254,0.01,40.37,vegetables and fruits,Bananas,254,Unit,aggregate,Retail,KES,10,0.077
2025-11-15,North Eastern,Garissa,IFO (Daadab),3255,0.11,40.32,cereals and tubers,Maize,51,KG,aggregate,Retail,KES,65.18,0.5
2025-11-15,North Eastern,Garissa,IFO (Daadab),3255,0.11,40.32,cereals and tubers,Maize flour,76,KG,aggregate,Retail,KES,101.28,0.78
2025-11-15,North Eastern,Garissa,IFO (Daadab),3255,0.11,40.32,cereals and tubers,Potatoes (Irish),148,KG,aggregate,Retail,KES,56.43,0.44
2025-11-15,North Eastern,Garissa,IFO (Daadab),3255,0.11,40.32,cereals and tubers,Rice,52,KG,aggregate,Retail,KES,109.68,0.85
2025-11-15,North Eastern,Garissa,IFO (Daadab),3255,0.11,40.32,cereals and tubers,Sorghum,65,KG,aggregate,Retail,KES,99.87,0.77
2025-11-15,North Eastern,Garissa,IFO (Daadab),3255,0.11,40.32,cereals and tubers,Wheat flour,58,KG,aggregate,Retail,KES,102.23,0.79
2025-11-15,North Eastern,Garissa,IFO (Daadab),3255,0.11,40.32,"meat, fish and eggs",Meat (camel),344,KG,aggregate,Retail,KES,638.59,4.94
2025-11-15,North Eastern,Garissa,IFO (Daadab),3255,0.11,40.32,"meat, fish and eggs",Meat (goat),451,KG,aggregate,Retail,KES,794.33,6.14
2025-11-15,North Eastern,Garissa,IFO (Daadab),3255,0.11,40.32,milk and dairy,Milk (UHT),794,500 ML,aggregate,Retail,KES,100.34,0.78
2025-11-15,North Eastern,Garissa,IFO (Daadab),3255,0.11,40.32,milk and dairy,"Milk (camel, fresh)",817,L,aggregate,Retail,KES,179.7,1.39
2025-11-15,North Eastern,Garissa,IFO (Daadab),3255,0.11,40.32,milk and dairy,"Milk (cow, fresh)",439,L,aggregate,Retail,KES,169.58,1.31
2025-11-15,North Eastern,Garissa,IFO (Daadab),3255,0.11,40.32,miscellaneous food,Salt,185,200 G,aggregate,Retail,KES,14.32,0.11
2025-11-15,North Eastern,Garissa,IFO (Daadab),3255,0.11,40.32,miscellaneous food,Sugar,97,KG,aggregate,Retail,KES,120.46,0.93
2025-11-15,North Eastern,Garissa,IFO (Daadab),3255,0.11,40.32,oil and fats,Oil (vegetable),96,L,aggregate,Retail,KES,264.68,2.05
2025-11-15,North Eastern,Garissa,IFO (Daadab),3255,0.11,40.32,pulses and nuts,Beans (dry),262,KG,aggregate,Retail,KES,117.41,0.91
2025-11-15,North Eastern,Garissa,IFO (Daadab),3255,0.11,40.32,vegetables and fruits,Bananas,254,Unit,aggregate,Retail,KES,7.31,0.057
2025-11-15,Rift Valley,Turkana,Ethiopia (Kakuma),3253,3.72,34.85,cereals and tubers,Maize,51,KG,aggregate,Retail,KES,66.11,0.51
2025-11-15,Rift Valley,Turkana,Ethiopia (Kakuma),3253,3.72,34.85,cereals and tubers,Maize flour,76,KG,aggregate,Retail,KES,80.56,0.62
2025-11-15,Rift Valley,Turkana,Ethiopia (Kakuma),3253,3.72,34.85,cereals and tubers,Potatoes (Irish),148,KG,aggregate,Retail,KES,76.57,0.59
2025-11-15,Rift Valley,Turkana,Ethiopia (Kakuma),3253,3.72,34.85,cereals and tubers,Rice,52,KG,aggregate,Retail,KES,116.52,0.9
2025-11-15,Rift Valley,Turkana,Ethiopia (Kakuma),3253,3.72,34.85,cereals and tubers,Sorghum,65,KG,aggregate,Retail,KES,80,0.62
2025-11-15,Rift Valley,Turkana,Ethiopia (Kakuma),3253,3.72,34.85,cereals and tubers,Wheat flour,58,KG,aggregate,Retail,KES,87.41,0.68
2025-11-15,Rift Valley,Turkana,Ethiopia (Kakuma),3253,3.72,34.85,"meat, fish and eggs",Meat (beef),141,KG,aggregate,Retail,KES,700,5.41
2025-11-15,Rift Valley,Turkana,Ethiopia (Kakuma),3253,3.72,34.85,"meat, fish and eggs",Meat (camel),344,KG,aggregate,Retail,KES,400,3.09
2025-11-15,Rift Valley,Turkana,Ethiopia (Kakuma),3253,3.72,34.85,"meat, fish and eggs",Meat (goat),451,KG,aggregate,Retail,KES,688.89,5.33
2025-11-15,Rift Valley,Turkana,Ethiopia (Kakuma),3253,3.72,34.85,milk and dairy,Milk (UHT),794,500 ML,aggregate,Retail,KES,82.22,0.64
2025-11-15,Rift Valley,Turkana,Ethiopia (Kakuma),3253,3.72,34.85,milk and dairy,"Milk (camel, fresh)",817,L,aggregate,Retail,KES,200,1.55
2025-11-15,Rift Valley,Turkana,Ethiopia (Kakuma),3253,3.72,34.85,miscellaneous food,Salt,185,200 G,aggregate,Retail,KES,10.56,0.082
2025-11-15,Rift Valley,Turkana,Ethiopia (Kakuma),3253,3.72,34.85,miscellaneous food,Sugar,97,KG,aggregate,Retail,KES,165.37,1.28
2025-11-15,Rift Valley,Turkana,Ethiopia (Kakuma),3253,3.72,34.85,oil and fats,Oil (vegetable),96,L,aggregate,Retail,KES,259.26,2
2025-11-15,Rift Valley,Turkana,Ethiopia (Kakuma),3253,3.72,34.85,pulses and nuts,Beans (dry),262,KG,aggregate,Retail,KES,118.52,0.92
2025-11-15,Rift Valley,Turkana,Ethiopia (Kakuma),3253,3.72,34.85,vegetables and fruits,Bananas,254,Unit,aggregate,Retail,KES,20,0.15
2025-11-15,Rift Valley,Turkana,HongKong (Kakuma),3250,3.75,34.84,cereals and tubers,Maize,51,KG,aggregate,Retail,KES,53.33,0.41
2025-11-15,Rift Valley,Turkana,HongKong (Kakuma),3250,3.75,34.84,cereals and tubers,Maize flour,76,KG,aggregate,Retail,KES,82.69,0.64
2025-11-15,Rift Valley,Turkana,HongKong (Kakuma),3250,3.75,34.84,cereals and tubers,Potatoes (Irish),148,KG,aggregate,Retail,KES,101.67,0.79
2025-11-15,Rift Valley,Turkana,HongKong (Kakuma),3250,3.75,34.84,cereals and tubers,Rice,52,KG,aggregate,Retail,KES,163.52,1.26
2025-11-15,Rift Valley,Turkana,HongKong (Kakuma),3250,3.75,34.84,cereals and tubers,Sorghum,65,KG,aggregate,Retail,KES,80,0.62
2025-11-15,Rift Valley,Turkana,HongKong (Kakuma),3250,3.75,34.84,cereals and tubers,Wheat flour,58,KG,aggregate,Retail,KES,87.31,0.68
2025-11-15,Rift Valley,Turkana,HongKong (Kakuma),3250,3.75,34.84,"meat, fish and eggs",Meat (beef),141,KG,aggregate,Retail,KES,661.11,5.11
2025-11-15,Rift Valley,Turkana,HongKong (Kakuma),3250,3.75,34.84,"meat, fish and eggs",Meat (goat),451,KG,aggregate,Retail,KES,700,5.41
2025-11-15,Rift Valley,Turkana,HongKong (Kakuma),3250,3.75,34.84,milk and dairy,Milk (UHT),794,500 ML,aggregate,Retail,KES,90,0.7
2025-11-15,Rift Valley,Turkana,HongKong (Kakuma),3250,3.75,34.84,miscellaneous food,Salt,185,200 G,aggregate,Retail,KES,14.03,0.11
2025-11-15,Rift Valley,Turkana,HongKong (Kakuma),3250,3.75,34.84,miscellaneous food,Sugar,97,KG,aggregate,Retail,KES,174.91,1.35
2025-11-15,Rift Valley,Turkana,HongKong (Kakuma),3250,3.75,34.84,oil and fats,Oil (vegetable),96,L,aggregate,Retail,KES,293.89,2.27
2025-11-15,Rift Valley,Turkana,HongKong (Kakuma),3250,3.75,34.84,pulses and nuts,Beans (dry),262,KG,aggregate,Retail,KES,149.72,1.16
2025-11-15,Rift Valley,Turkana,HongKong (Kakuma),3250,3.75,34.84,vegetables and fruits,Bananas,254,Unit,aggregate,Retail,KES,20,0.15
2025-11-15,Rift Valley,Turkana,Kakuma 2,3248,3.75,34.82,cereals and tubers,Maize,51,KG,aggregate,Retail,KES,52.59,0.41
2025-11-15,Rift Valley,Turkana,Kakuma 2,3248,3.75,34.82,cereals and tubers,Maize flour,76,KG,aggregate,Retail,KES,78.06,0.6
2025-11-15,Rift Valley,Turkana,Kakuma 2,3248,3.75,34.82,cereals and tubers,Potatoes (Irish),148,KG,aggregate,Retail,KES,74.33,0.57
2025-11-15,Rift Valley,Turkana,Kakuma 2,3248,3.75,34.82,cereals and tubers,Sorghum,65,KG,aggregate,Retail,KES,130,1.01
2025-11-15,Rift Valley,Turkana,Kakuma 2,3248,3.75,34.82,cereals and tubers,Wheat flour,58,KG,aggregate,Retail,KES,83.89,0.65
2025-11-15,Rift Valley,Turkana,Kakuma 2,3248,3.75,34.82,"meat, fish and eggs",Meat (beef),141,KG,aggregate,Retail,KES,600,4.64
2025-11-15,Rift Valley,Turkana,Kakuma 2,3248,3.75,34.82,"meat, fish and eggs",Meat (goat),451,KG,aggregate,Retail,KES,688.89,5.33
2025-11-15,Rift Valley,Turkana,Kakuma 2,3248,3.75,34.82,milk and dairy,Milk (UHT),794,500 ML,aggregate,Retail,KES,76.3,0.59
2025-11-15,Rift Valley,Turkana,Kakuma 2,3248,3.75,34.82,miscellaneous food,Salt,185,200 G,aggregate,Retail,KES,12.19,0.094
2025-11-15,Rift Valley,Turkana,Kakuma 2,3248,3.75,34.82,miscellaneous food,Sugar,97,KG,aggregate,Retail,KES,157.41,1.22
2025-11-15,Rift Valley,Turkana,Kakuma 2,3248,3.75,34.82,oil and fats,Oil (vegetable),96,L,aggregate,Retail,KES,280.37,2.17
2025-11-15,Rift Valley,Turkana,Kakuma 2,3248,3.75,34.82,pulses and nuts,Beans (dry),262,KG,aggregate,Retail,KES,132.07,1.02
2025-11-15,Rift Valley,Turkana,Kakuma 2,3248,3.75,34.82,vegetables and fruits,Bananas,254,Unit,aggregate,Retail,KES,19.26,0.15
2025-11-15,Rift Valley,Turkana,Kakuma 3,3251,3.77,34.82,cereals and tubers,Maize,51,KG,aggregate,Retail,KES,55,0.43
2025-11-15,Rift Valley,Turkana,Kakuma 3,3251,3.77,34.82,cereals and tubers,Maize flour,76,KG,aggregate,Retail,KES,82.59,0.64
2025-11-15,Rift Valley,Turkana,Kakuma 3,3251,3.77,34.82,cereals and tubers,Potatoes (Irish),148,KG,aggregate,Retail,KES,80,0.62
2025-11-15,Rift Valley,Turkana,Kakuma 3,3251,3.77,34.82,cereals and tubers,Rice,52,KG,aggregate,Retail,KES,124.91,0.97
2025-11-15,Rift Valley,Turkana,Kakuma 3,3251,3.77,34.82,cereals and tubers,Sorghum,65,KG,aggregate,Retail,KES,89.44,0.69
2025-11-15,Rift Valley,Turkana,Kakuma 3,3251,3.77,34.82,cereals and tubers,Wheat flour,58,KG,aggregate,Retail,KES,87.78,0.68
2025-11-15,Rift Valley,Turkana,Kakuma 3,3251,3.77,34.82,"meat, fish and eggs",Meat (beef),141,KG,aggregate,Retail,KES,550,4.25
2025-11-15,Rift Valley,Turkana,Kakuma 3,3251,3.77,34.82,"meat, fish and eggs",Meat (camel),344,KG,aggregate,Retail,KES,500,3.87
2025-11-15,Rift Valley,Turkana,Kakuma 3,3251,3.77,34.82,"meat, fish and eggs",Meat (goat),451,KG,aggregate,Retail,KES,688.89,5.33
2025-11-15,Rift Valley,Turkana,Kakuma 3,3251,3.77,34.82,milk and dairy,Milk (UHT),794,500 ML,aggregate,Retail,KES,80,0.62
2025-11-15,Rift Valley,Turkana,Kakuma 3,3251,3.77,34.82,milk and dairy,"Milk (camel, fresh)",817,L,aggregate,Retail,KES,200,1.55
2025-11-15,Rift Valley,Turkana,Kakuma 3,3251,3.77,34.82,miscellaneous food,Salt,185,200 G,aggregate,Retail,KES,14.63,0.11
2025-11-15,Rift Valley,Turkana,Kakuma 3,3251,3.77,34.82,miscellaneous food,Sugar,97,KG,aggregate,Retail,KES,162.59,1.26
2025-11-15,Rift Valley,Turkana,Kakuma 3,3251,3.77,34.82,oil and fats,Oil (vegetable),96,L,aggregate,Retail,KES,271.11,2.1
2025-11-15,Rift Valley,Turkana,Kakuma 3,3251,3.77,34.82,pulses and nuts,Beans (dry),262,KG,aggregate,Retail,KES,133.7,1.03
2025-11-15,Rift Valley,Turkana,Kakuma 3,3251,3.77,34.82,vegetables and fruits,Bananas,254,Unit,aggregate,Retail,KES,20,0.15
2025-11-15,Rift Valley,Turkana,Kakuma 4,3249,3.74,34.81,cereals and tubers,Maize,51,KG,aggregate,Retail,KES,58.52,0.45
2025-11-15,Rift Valley,Turkana,Kakuma 4,3249,3.74,34.81,cereals and tubers,Maize flour,76,KG,aggregate,Retail,KES,76.07,0.59
2025-11-15,Rift Valley,Turkana,Kakuma 4,3249,3.74,34.81,cereals and tubers,Potatoes (Irish),148,KG,aggregate,Retail,KES,83.11,0.64
2025-11-15,Rift Valley,Turkana,Kakuma 4,3249,3.74,34.81,cereals and tubers,Rice,52,KG,aggregate,Retail,KES,120,0.93
2025-11-15,Rift Valley,Turkana,Kakuma 4,3249,3.74,34.81,cereals and tubers,Wheat flour,58,KG,aggregate,Retail,KES,83.89,0.65
2025-11-15,Rift Valley,Turkana,Kakuma 4,3249,3.74,34.81,"meat, fish and eggs",Meat (beef),141,KG,aggregate,Retail,KES,700,5.41
2025-11-15,Rift Valley,Turkana,Kakuma 4,3249,3.74,34.81,"meat, fish and eggs",Meat (goat),451,KG,aggregate,Retail,KES,673.15,5.2
2025-11-15,Rift Valley,Turkana,Kakuma 4,3249,3.74,34.81,milk and dairy,Milk (UHT),794,500 ML,aggregate,Retail,KES,85.19,0.66
2025-11-15,Rift Valley,Turkana,Kakuma 4,3249,3.74,34.81,miscellaneous food,Salt,185,200 G,aggregate,Retail,KES,14.56,0.11
2025-11-15,Rift Valley,Turkana,Kakuma 4,3249,3.74,34.81,miscellaneous food,Sugar,97,KG,aggregate,Retail,KES,171.48,1.33
2025-11-15,Rift Valley,Turkana,Kakuma 4,3249,3.74,34.81,oil and fats,Oil (vegetable),96,L,aggregate,Retail,KES,298.89,2.31
2025-11-15,Rift Valley,Turkana,Kakuma 4,3249,3.74,34.81,pulses and nuts,Beans (dry),262,KG,aggregate,Retail,KES,123.33,0.95
2025-11-15,Rift Valley,Turkana,Kakuma 4,3249,3.74,34.81,vegetables and fruits,Bananas,254,Unit,aggregate,Retail,KES,19.63,0.15
2025-11-15,Rift Valley,Turkana,Kalobeyei (Village 1),3244,3.77,34.73,cereals and tubers,Maize,51,KG,aggregate,Retail,KES,66.19,0.51
2025-11-15,Rift Valley,Turkana,Kalobeyei (Village 1),3244,3.77,34.73,cereals and tubers,Maize flour,76,KG,aggregate,Retail,KES,80,0.62
2025-11-15,Rift Valley,Turkana,Kalobeyei (Village 1),3244,3.77,34.73,cereals and tubers,Potatoes (Irish),148,KG,aggregate,Retail,KES,77.78,0.6
2025-11-15,Rift Valley,Turkana,Kalobeyei (Village 1),3244,3.77,34.73,cereals and tubers,Rice,52,KG,aggregate,Retail,KES,112.28,0.87
2025-11-15,Rift Valley,Turkana,Kalobeyei (Village 1),3244,3.77,34.73,cereals and tubers,Sorghum,65,KG,aggregate,Retail,KES,75.56,0.58
2025-11-15,Rift Valley,Turkana,Kalobeyei (Village 1),3244,3.77,34.73,cereals and tubers,Wheat flour,58,KG,aggregate,Retail,KES,88.73,0.69
2025-11-15,Rift Valley,Turkana,Kalobeyei (Village 1),3244,3.77,34.73,"meat, fish and eggs",Meat (beef),141,KG,aggregate,Retail,KES,600,4.64
2025-11-15,Rift Valley,Turkana,Kalobeyei (Village 1),3244,3.77,34.73,"meat, fish and eggs",Meat (goat),451,KG,aggregate,Retail,KES,600,4.64
2025-11-15,Rift Valley,Turkana,Kalobeyei (Village 1),3244,3.77,34.73,milk and dairy,Milk (UHT),794,500 ML,aggregate,Retail,KES,80,0.62
2025-11-15,Rift Valley,Turkana,Kalobeyei (Village 1),3244,3.77,34.73,miscellaneous food,Salt,185,200 G,aggregate,Retail,KES,13.07,0.1
2025-11-15,Rift Valley,Turkana,Kalobeyei (Village 1),3244,3.77,34.73,miscellaneous food,Sugar,97,KG,aggregate,Retail,KES,157.41,1.22
2025-11-15,Rift Valley,Turkana,Kalobeyei (Village 1),3244,3.77,34.73,oil and fats,Oil (vegetable),96,L,aggregate,Retail,KES,267.72,2.07
2025-11-15,Rift Valley,Turkana,Kalobeyei (Village 1),3244,3.77,34.73,vegetables and fruits,Bananas,254,Unit,aggregate,Retail,KES,20,0.15
2025-11-15,Rift Valley,Turkana,Kalobeyei (Village 2),3246,3.76,34.75,cereals and tubers,Maize,51,KG,aggregate,Retail,KES,65,0.5
2025-11-15,Rift Valley,Turkana,Kalobeyei (Village 2),3246,3.76,34.75,cereals and tubers,Maize flour,76,KG,aggregate,Retail,KES,80,0.62
2025-11-15,Rift Valley,Turkana,Kalobeyei (Village 2),3246,3.76,34.75,cereals and tubers,Rice,52,KG,aggregate,Retail,KES,100,0.77
2025-11-15,Rift Valley,Turkana,Kalobeyei (Village 2),3246,3.76,34.75,cereals and tubers,Sorghum,65,KG,aggregate,Retail,KES,80,0.62
2025-11-15,Rift Valley,Turkana,Kalobeyei (Village 2),3246,3.76,34.75,cereals and tubers,Wheat flour,58,KG,aggregate,Retail,KES,80,0.62
2025-11-15,Rift Valley,Turkana,Kalobeyei (Village 2),3246,3.76,34.75,"meat, fish and eggs",Meat (goat),451,KG,aggregate,Retail,KES,650,5.03
2025-11-15,Rift Valley,Turkana,Kalobeyei (Village 2),3246,3.76,34.75,miscellaneous food,Salt,185,200 G,aggregate,Retail,KES,10,0.077
2025-11-15,Rift Valley,Turkana,Kalobeyei (Village 2),3246,3.76,34.75,miscellaneous food,Sugar,97,KG,aggregate,Retail,KES,155,1.2
2025-11-15,Rift Valley,Turkana,Kalobeyei (Village 2),3246,3.76,34.75,oil and fats,Oil (vegetable),96,L,aggregate,Retail,KES,250,1.93
2025-11-15,Rift Valley,Turkana,Kalobeyei (Village 2),3246,3.76,34.75,pulses and nuts,Beans (dry),262,KG,aggregate,Retail,KES,120,0.93
2025-11-15,Rift Valley,Turkana,Kalobeyei (Village 3),3247,3.75,34.76,cereals and tubers,Maize,51,KG,aggregate,Retail,KES,60,0.46
2025-11-15,Rift Valley,Turkana,Kalobeyei (Village 3),3247,3.75,34.76,cereals and tubers,Maize flour,76,KG,aggregate,Retail,KES,80,0.62
2025-11-15,Rift Valley,Turkana,Kalobeyei (Village 3),3247,3.75,34.76,cereals and tubers,Potatoes (Irish),148,KG,aggregate,Retail,KES,80,0.62
2025-11-15,Rift Valley,Turkana,Kalobeyei (Village 3),3247,3.75,34.76,cereals and tubers,Rice,52,KG,aggregate,Retail,KES,100,0.77
2025-11-15,Rift Valley,Turkana,Kalobeyei (Village 3),3247,3.75,34.76,cereals and tubers,Wheat flour,58,KG,aggregate,Retail,KES,90,0.7
2025-11-15,Rift Valley,Turkana,Kalobeyei (Village 3),3247,3.75,34.76,"meat, fish and eggs",Meat (beef),141,KG,aggregate,Retail,KES,500,3.87
2025-11-15,Rift Valley,Turkana,Kalobeyei (Village 3),3247,3.75,34.76,milk and dairy,Milk (UHT),794,500 ML,aggregate,Retail,KES,80,0.62
2025-11-15,Rift Valley,Turkana,Kalobeyei (Village 3),3247,3.75,34.76,miscellaneous food,Salt,185,200 G,aggregate,Retail,KES,12.5,0.097
2025-11-15,Rift Valley,Turkana,Kalobeyei (Village 3),3247,3.75,34.76,miscellaneous food,Sugar,97,KG,aggregate,Retail,KES,160,1.24
2025-11-15,Rift Valley,Turkana,Kalobeyei (Village 3),3247,3.75,34.76,oil and fats,Oil (vegetable),96,L,aggregate,Retail,KES,300,2.32
2025-11-15,Rift Valley,Turkana,Kalobeyei (Village 3),3247,3.75,34.76,pulses and nuts,Beans (dry),262,KG,aggregate,Retail,KES,100,0.77
2025-11-15,Rift Valley,Turkana,Kalobeyei (Village 3),3247,3.75,34.76,vegetables and fruits,Bananas,254,Unit,aggregate,Retail,KES,20,0.15
2025-11-15,Rift Valley,Turkana,Mogadishu (Kakuma),3245,3.72,34.85,cereals and tubers,Maize,51,KG,aggregate,Retail,KES,62.59,0.48
2025-11-15,Rift Valley,Turkana,Mogadishu (Kakuma),3245,3.72,34.85,cereals and tubers,Maize flour,76,KG,aggregate,Retail,KES,84.17,0.65
2025-11-15,Rift Valley,Turkana,Mogadishu (Kakuma),3245,3.72,34.85,cereals and tubers,Potatoes (Irish),148,KG,aggregate,Retail,KES,77.78,0.6
2025-11-15,Rift Valley,Turkana,Mogadishu (Kakuma),3245,3.72,34.85,cereals and tubers,Rice,52,KG,aggregate,Retail,KES,138.89,1.07
2025-11-15,Rift Valley,Turkana,Mogadishu (Kakuma),3245,3.72,34.85,cereals and tubers,Sorghum,65,KG,aggregate,Retail,KES,90,0.7
2025-11-15,Rift Valley,Turkana,Mogadishu (Kakuma),3245,3.72,34.85,cereals and tubers,Wheat flour,58,KG,aggregate,Retail,KES,90,0.7
2025-11-15,Rift Valley,Turkana,Mogadishu (Kakuma),3245,3.72,34.85,"meat, fish and eggs",Meat (beef),141,KG,aggregate,Retail,KES,700,5.41
2025-11-15,Rift Valley,Turkana,Mogadishu (Kakuma),3245,3.72,34.85,"meat, fish and eggs",Meat (goat),451,KG,aggregate,Retail,KES,650,5.03
2025-11-15,Rift Valley,Turkana,Mogadishu (Kakuma),3245,3.72,34.85,milk and dairy,"Milk (camel, fresh)",817,L,aggregate,Retail,KES,200,1.55
2025-11-15,Rift Valley,Turkana,Mogadishu (Kakuma),3245,3.72,34.85,miscellaneous food,Salt,185,200 G,aggregate,Retail,KES,12.08,0.093
2025-11-15,Rift Valley,Turkana,Mogadishu (Kakuma),3245,3.72,34.85,miscellaneous food,Sugar,97,KG,aggregate,Retail,KES,169.72,1.31
2025-11-15,Rift Valley,Turkana,Mogadishu (Kakuma),3245,3.72,34.85,oil and fats,Oil (vegetable),96,L,aggregate,Retail,KES,290.28,2.24
2025-11-15,Rift Valley,Turkana,Mogadishu (Kakuma),3245,3.72,34.85,pulses and nuts,Beans (dry),262,KG,aggregate,Retail,KES,140.28,1.08
2025-12-15,North Eastern,Garissa,Dagahaley (Daadab),3252,0.19,40.29,cereals and tubers,Maize flour,76,KG,aggregate,Retail,KES,90,0.7
2025-12-15,North Eastern,Garissa,Dagahaley (Daadab),3252,0.19,40.29,cereals and tubers,Rice,52,KG,aggregate,Retail,KES,100,0.78
2025-12-15,North Eastern,Garissa,Dagahaley (Daadab),3252,0.19,40.29,oil and fats,Oil (vegetable),96,L,aggregate,Retail,KES,240,1.86
2025-12-15,North Eastern,Garissa,Dagahaley (Daadab),3252,0.19,40.29,pulses and nuts,Beans (dry),262,KG,aggregate,Retail,KES,110,0.85
2025-12-15,North Eastern,Garissa,IFO (Daadab),3255,0.11,40.32,cereals and tubers,Maize,51,KG,aggregate,Retail,KES,60,0.47
2025-12-15,North Eastern,Garissa,IFO (Daadab),3255,0.11,40.32,cereals and tubers,Maize flour,76,KG,aggregate,Retail,KES,100,0.78
2025-12-15,North Eastern,Garissa,IFO (Daadab),3255,0.11,40.32,cereals and tubers,Potatoes (Irish),148,KG,aggregate,Retail,KES,60,0.47
2025-12-15,North Eastern,Garissa,IFO (Daadab),3255,0.11,40.32,cereals and tubers,Rice,52,KG,aggregate,Retail,KES,117.14,0.91
2025-12-15,North Eastern,Garissa,IFO (Daadab),3255,0.11,40.32,"meat, fish and eggs",Meat (camel),344,KG,aggregate,Retail,KES,750,5.81
2025-12-15,North Eastern,Garissa,IFO (Daadab),3255,0.11,40.32,"meat, fish and eggs",Meat (goat),451,KG,aggregate,Retail,KES,850,6.59
2025-12-15,North Eastern,Garissa,IFO (Daadab),3255,0.11,40.32,milk and dairy,"Milk (camel, fresh)",817,L,aggregate,Retail,KES,200,1.55
2025-12-15,North Eastern,Garissa,IFO (Daadab),3255,0.11,40.32,pulses and nuts,Beans (dry),262,KG,aggregate,Retail,KES,111.43,0.86
2025-12-15,North Eastern,Garissa,IFO (Daadab),3255,0.11,40.32,vegetables and fruits,Bananas,254,Unit,aggregate,Retail,KES,10,0.078
2026-01-15,North Eastern,Garissa,Dagahaley (Daadab),3252,0.19,40.29,cereals and tubers,Maize flour,76,KG,aggregate,Retail,KES,98.4,0.76
2026-01-15,North Eastern,Garissa,Dagahaley (Daadab),3252,0.19,40.29,cereals and tubers,Potatoes (Irish),148,KG,aggregate,Retail,KES,64.12,0.5
2026-01-15,North Eastern,Garissa,Dagahaley (Daadab),3252,0.19,40.29,cereals and tubers,Rice,52,KG,aggregate,Retail,KES,111.52,0.86
2026-01-15,North Eastern,Garissa,Dagahaley (Daadab),3252,0.19,40.29,cereals and tubers,Wheat flour,58,KG,aggregate,Retail,KES,100,0.78
2026-01-15,North Eastern,Garissa,Dagahaley (Daadab),3252,0.19,40.29,"meat, fish and eggs",Meat (camel),344,KG,aggregate,Retail,KES,800,6.2
2026-01-15,North Eastern,Garissa,Dagahaley (Daadab),3252,0.19,40.29,milk and dairy,Milk (UHT),794,500 ML,aggregate,Retail,KES,50.87,0.39
2026-01-15,North Eastern,Garissa,Dagahaley (Daadab),3252,0.19,40.29,milk and dairy,"Milk (camel, fresh)",817,L,aggregate,Retail,KES,180,1.4
2026-01-15,North Eastern,Garissa,Dagahaley (Daadab),3252,0.19,40.29,milk and dairy,"Milk (cow, fresh)",439,L,aggregate,Retail,KES,180,1.4
2026-01-15,North Eastern,Garissa,Dagahaley (Daadab),3252,0.19,40.29,miscellaneous food,Salt,185,200 G,aggregate,Retail,KES,10.6,0.082
2026-01-15,North Eastern,Garissa,Dagahaley (Daadab),3252,0.19,40.29,miscellaneous food,Sugar,97,KG,aggregate,Retail,KES,116.6,0.9
2026-01-15,North Eastern,Garissa,Dagahaley (Daadab),3252,0.19,40.29,oil and fats,Oil (vegetable),96,L,aggregate,Retail,KES,248.4,1.93
2026-01-15,North Eastern,Garissa,Dagahaley (Daadab),3252,0.19,40.29,pulses and nuts,Beans (dry),262,KG,aggregate,Retail,KES,112.56,0.87
2026-01-15,North Eastern,Garissa,Dagahaley (Daadab),3252,0.19,40.29,vegetables and fruits,Bananas,254,Unit,aggregate,Retail,KES,10,0.078
2026-01-15,North Eastern,Garissa,Hagadera (Daadab),3254,0.01,40.37,cereals and tubers,Maize,51,KG,aggregate,Retail,KES,60,0.47
2026-01-15,North Eastern,Garissa,Hagadera (Daadab),3254,0.01,40.37,cereals and tubers,Maize flour,76,KG,aggregate,Retail,KES,94.22,0.73
2026-01-15,North Eastern,Garissa,Hagadera (Daadab),3254,0.01,40.37,cereals and tubers,Potatoes (Irish),148,KG,aggregate,Retail,KES,72.5,0.56
2026-01-15,North Eastern,Garissa,Hagadera (Daadab),3254,0.01,40.37,cereals and tubers,Rice,52,KG,aggregate,Retail,KES,100.67,0.78
2026-01-15,North Eastern,Garissa,Hagadera (Daadab),3254,0.01,40.37,cereals and tubers,Wheat flour,58,KG,aggregate,Retail,KES,98.11,0.76
2026-01-15,North Eastern,Garissa,Hagadera (Daadab),3254,0.01,40.37,"meat, fish and eggs",Meat (camel),344,KG,aggregate,Retail,KES,600,4.65
2026-01-15,North Eastern,Garissa,Hagadera (Daadab),3254,0.01,40.37,"meat, fish and eggs",Meat (goat),451,KG,aggregate,Retail,KES,800,6.2
2026-01-15,North Eastern,Garissa,Hagadera (Daadab),3254,0.01,40.37,miscellaneous food,Salt,185,200 G,aggregate,Retail,KES,14.11,0.11
2026-01-15,North Eastern,Garissa,Hagadera (Daadab),3254,0.01,40.37,miscellaneous food,Sugar,97,KG,aggregate,Retail,KES,111,0.86
2026-01-15,North Eastern,Garissa,Hagadera (Daadab),3254,0.01,40.37,oil and fats,Oil (vegetable),96,L,aggregate,Retail,KES,259.89,2.02
2026-01-15,North Eastern,Garissa,Hagadera (Daadab),3254,0.01,40.37,pulses and nuts,Beans (dry),262,KG,aggregate,Retail,KES,120.11,0.93
2026-01-15,North Eastern,Garissa,Hagadera (Daadab),3254,0.01,40.37,vegetables and fruits,Bananas,254,Unit,aggregate,Retail,KES,10,0.078
2026-01-15,North Eastern,Garissa,IFO (Daadab),3255,0.11,40.32,cereals and tubers,Maize,51,KG,aggregate,Retail,KES,66.46,0.52
2026-01-15,North Eastern,Garissa,IFO (Daadab),3255,0.11,40.32,cereals and tubers,Maize flour,76,KG,aggregate,Retail,KES,100,0.78
2026-01-15,North Eastern,Garissa,IFO (Daadab),3255,0.11,40.32,cereals and tubers,Potatoes (Irish),148,KG,aggregate,Retail,KES,61.95,0.48
2026-01-15,North Eastern,Garissa,IFO (Daadab),3255,0.11,40.32,cereals and tubers,Rice,52,KG,aggregate,Retail,KES,116.13,0.9
2026-01-15,North Eastern,Garissa,IFO (Daadab),3255,0.11,40.32,cereals and tubers,Wheat flour,58,KG,aggregate,Retail,KES,99.57,0.77
2026-01-15,North Eastern,Garissa,IFO (Daadab),3255,0.11,40.32,"meat, fish and eggs",Meat (camel),344,KG,aggregate,Retail,KES,743.52,5.77
2026-01-15,North Eastern,Garissa,IFO (Daadab),3255,0.11,40.32,"meat, fish and eggs",Meat (goat),451,KG,aggregate,Retail,KES,841.57,6.53
2026-01-15,North Eastern,Garissa,IFO (Daadab),3255,0.11,40.32,milk and dairy,"Milk (camel, fresh)",817,L,aggregate,Retail,KES,219.44,1.7
2026-01-15,North Eastern,Garissa,IFO (Daadab),3255,0.11,40.32,miscellaneous food,Salt,185,200 G,aggregate,Retail,KES,13.79,0.11
2026-01-15,North Eastern,Garissa,IFO (Daadab),3255,0.11,40.32,miscellaneous food,Sugar,97,KG,aggregate,Retail,KES,119.57,0.93
2026-01-15,North Eastern,Garissa,IFO (Daadab),3255,0.11,40.32,oil and fats,Oil (vegetable),96,L,aggregate,Retail,KES,248.2,1.92
2026-01-15,North Eastern,Garissa,IFO (Daadab),3255,0.11,40.32,pulses and nuts,Beans (dry),262,KG,aggregate,Retail,KES,114.94,0.89
2026-01-15,North Eastern,Garissa,IFO (Daadab),3255,0.11,40.32,vegetables and fruits,Bananas,254,Unit,aggregate,Retail,KES,10.2,0.079
2026-02-15,North Eastern,Garissa,Dagahaley (Daadab),3252,0.19,40.29,cereals and tubers,Maize flour,76,KG,aggregate,Retail,KES,96.01,0.74
2026-02-15,North Eastern,Garissa,Dagahaley (Daadab),3252,0.19,40.29,cereals and tubers,Potatoes (Irish),148,KG,aggregate,Retail,KES,69.5,0.54
2026-02-15,North Eastern,Garissa,Dagahaley (Daadab),3252,0.19,40.29,cereals and tubers,Rice,52,KG,aggregate,Retail,KES,111.28,0.86
2026-02-15,North Eastern,Garissa,Dagahaley (Daadab),3252,0.19,40.29,cereals and tubers,Wheat flour,58,KG,aggregate,Retail,KES,100,0.78
2026-02-15,North Eastern,Garissa,Dagahaley (Daadab),3252,0.19,40.29,"meat, fish and eggs",Meat (camel),344,KG,aggregate,Retail,KES,667.5,5.17
2026-02-15,North Eastern,Garissa,Dagahaley (Daadab),3252,0.19,40.29,"meat, fish and eggs",Meat (goat),451,KG,aggregate,Retail,KES,767.5,5.95
2026-02-15,North Eastern,Garissa,Dagahaley (Daadab),3252,0.19,40.29,milk and dairy,"Milk (camel, fresh)",817,L,aggregate,Retail,KES,180,1.4
2026-02-15,North Eastern,Garissa,Dagahaley (Daadab),3252,0.19,40.29,milk and dairy,"Milk (cow, fresh)",439,L,aggregate,Retail,KES,180,1.4
2026-02-15,North Eastern,Garissa,Dagahaley (Daadab),3252,0.19,40.29,miscellaneous food,Salt,185,200 G,aggregate,Retail,KES,10,0.078
2026-02-15,North Eastern,Garissa,Dagahaley (Daadab),3252,0.19,40.29,miscellaneous food,Sugar,97,KG,aggregate,Retail,KES,116.6,0.9
2026-02-15,North Eastern,Garissa,Dagahaley (Daadab),3252,0.19,40.29,oil and fats,Oil (vegetable),96,L,aggregate,Retail,KES,247.11,1.92
2026-02-15,North Eastern,Garissa,Dagahaley (Daadab),3252,0.19,40.29,pulses and nuts,Beans (dry),262,KG,aggregate,Retail,KES,114.87,0.89
2026-02-15,North Eastern,Garissa,Dagahaley (Daadab),3252,0.19,40.29,vegetables and fruits,Bananas,254,Unit,aggregate,Retail,KES,10,0.078
2026-02-15,North Eastern,Garissa,Hagadera (Daadab),3254,0.01,40.37,cereals and tubers,Maize,51,KG,aggregate,Retail,KES,60,0.47
2026-02-15,North Eastern,Garissa,Hagadera (Daadab),3254,0.01,40.37,cereals and tubers,Maize flour,76,KG,aggregate,Retail,KES,90.83,0.7
2026-02-15,North Eastern,Garissa,Hagadera (Daadab),3254,0.01,40.37,cereals and tubers,Potatoes (Irish),148,KG,aggregate,Retail,KES,71.67,0.56
2026-02-15,North Eastern,Garissa,Hagadera (Daadab),3254,0.01,40.37,cereals and tubers,Rice,52,KG,aggregate,Retail,KES,100.24,0.78
2026-02-15,North Eastern,Garissa,Hagadera (Daadab),3254,0.01,40.37,cereals and tubers,Wheat flour,58,KG,aggregate,Retail,KES,97.01,0.75
2026-02-15,North Eastern,Garissa,Hagadera (Daadab),3254,0.01,40.37,"meat, fish and eggs",Meat (camel),344,KG,aggregate,Retail,KES,600,4.65
2026-02-15,North Eastern,Garissa,Hagadera (Daadab),3254,0.01,40.37,"meat, fish and eggs",Meat (goat),451,KG,aggregate,Retail,KES,793.52,6.15
2026-02-15,North Eastern,Garissa,Hagadera (Daadab),3254,0.01,40.37,miscellaneous food,Salt,185,200 G,aggregate,Retail,KES,11.86,0.092
2026-02-15,North Eastern,Garissa,Hagadera (Daadab),3254,0.01,40.37,miscellaneous food,Sugar,97,KG,aggregate,Retail,KES,111.08,0.86
2026-02-15,North Eastern,Garissa,Hagadera (Daadab),3254,0.01,40.37,oil and fats,Oil (vegetable),96,L,aggregate,Retail,KES,274.92,2.13
2026-02-15,North Eastern,Garissa,Hagadera (Daadab),3254,0.01,40.37,pulses and nuts,Beans (dry),262,KG,aggregate,Retail,KES,119.16,0.92
2026-02-15,North Eastern,Garissa,Hagadera (Daadab),3254,0.01,40.37,vegetables and fruits,Bananas,254,Unit,aggregate,Retail,KES,10,0.078
2026-02-15,North Eastern,Garissa,IFO (Daadab),3255,0.11,40.32,cereals and tubers,Maize,51,KG,aggregate,Retail,KES,70.65,0.55
2026-02-15,North Eastern,Garissa,IFO (Daadab),3255,0.11,40.32,cereals and tubers,Maize flour,76,KG,aggregate,Retail,KES,97.9,0.76
2026-02-15,North Eastern,Garissa,IFO (Daadab),3255,0.11,40.32,cereals and tubers,Potatoes (Irish),148,KG,aggregate,Retail,KES,71.07,0.55
2026-02-15,North Eastern,Garissa,IFO (Daadab),3255,0.11,40.32,cereals and tubers,Rice,52,KG,aggregate,Retail,KES,119.52,0.93
2026-02-15,North Eastern,Garissa,IFO (Daadab),3255,0.11,40.32,cereals and tubers,Wheat flour,58,KG,aggregate,Retail,KES,100,0.78
2026-02-15,North Eastern,Garissa,IFO (Daadab),3255,0.11,40.32,"meat, fish and eggs",Meat (camel),344,KG,aggregate,Retail,KES,761.05,5.9
2026-02-15,North Eastern,Garissa,IFO (Daadab),3255,0.11,40.32,"meat, fish and eggs",Meat (goat),451,KG,aggregate,Retail,KES,847.69,6.57
2026-02-15,North Eastern,Garissa,IFO (Daadab),3255,0.11,40.32,milk and dairy,"Milk (camel, fresh)",817,L,aggregate,Retail,KES,203.7,1.58
2026-02-15,North Eastern,Garissa,IFO (Daadab),3255,0.11,40.32,miscellaneous food,Salt,185,200 G,aggregate,Retail,KES,13.88,0.11
2026-02-15,North Eastern,Garissa,IFO (Daadab),3255,0.11,40.32,miscellaneous food,Sugar,97,KG,aggregate,Retail,KES,119.71,0.93
2026-02-15,North Eastern,Garissa,IFO (Daadab),3255,0.11,40.32,oil and fats,Oil (vegetable),96,L,aggregate,Retail,KES,247.6,1.92
2026-02-15,North Eastern,Garissa,IFO (Daadab),3255,0.11,40.32,pulses and nuts,Beans (dry),262,KG,aggregate,Retail,KES,120.75,0.94
2026-02-15,North Eastern,Garissa,IFO (Daadab),3255,0.11,40.32,vegetables and fruits,Bananas,254,Unit,aggregate,Retail,KES,10,0.078
2026-03-15,North Eastern,Garissa,Dagahaley (Daadab),3252,0.19,40.29,cereals and tubers,Maize flour,76,KG,aggregate,Retail,KES,106.06,0.82
2026-03-15,North Eastern,Garissa,Dagahaley (Daadab),3252,0.19,40.29,cereals and tubers,Potatoes (Irish),148,KG,aggregate,Retail,KES,82.21,0.64
2026-03-15,North Eastern,Garissa,Dagahaley (Daadab),3252,0.19,40.29,cereals and tubers,Rice,52,KG,aggregate,Retail,KES,122.56,0.95
2026-03-15,North Eastern,Garissa,Dagahaley (Daadab),3252,0.19,40.29,cereals and tubers,Wheat flour,58,KG,aggregate,Retail,KES,109.07,0.84
2026-03-15,North Eastern,Garissa,Dagahaley (Daadab),3252,0.19,40.29,"meat, fish and eggs",Meat (camel),344,KG,aggregate,Retail,KES,650,5.03
2026-03-15,North Eastern,Garissa,Dagahaley (Daadab),3252,0.19,40.29,"meat, fish and eggs",Meat (goat),451,KG,aggregate,Retail,KES,750,5.8
2026-03-15,North Eastern,Garissa,Dagahaley (Daadab),3252,0.19,40.29,milk and dairy,Milk (UHT),794,500 ML,aggregate,Retail,KES,54.55,0.42
2026-03-15,North Eastern,Garissa,Dagahaley (Daadab),3252,0.19,40.29,milk and dairy,"Milk (camel, fresh)",817,L,aggregate,Retail,KES,180,1.39
2026-03-15,North Eastern,Garissa,Dagahaley (Daadab),3252,0.19,40.29,milk and dairy,"Milk (cow, fresh)",439,L,aggregate,Retail,KES,180,1.39
2026-03-15,North Eastern,Garissa,Dagahaley (Daadab),3252,0.19,40.29,miscellaneous food,Sugar,97,KG,aggregate,Retail,KES,131.85,1.02
2026-03-15,North Eastern,Garissa,Dagahaley (Daadab),3252,0.19,40.29,oil and fats,Oil (vegetable),96,L,aggregate,Retail,KES,253.73,1.96
2026-03-15,North Eastern,Garissa,Dagahaley (Daadab),3252,0.19,40.29,pulses and nuts,Beans (dry),262,KG,aggregate,Retail,KES,132.5,1.02
2026-03-15,North Eastern,Garissa,Dagahaley (Daadab),3252,0.19,40.29,vegetables and fruits,Bananas,254,Unit,aggregate,Retail,KES,10,0.077
2026-03-15,North Eastern,Garissa,Hagadera (Daadab),3254,0.01,40.37,cereals and tubers,Maize,51,KG,aggregate,Retail,KES,59.44,0.46
2026-03-15,North Eastern,Garissa,Hagadera (Daadab),3254,0.01,40.37,cereals and tubers,Maize flour,76,KG,aggregate,Retail,KES,99.6,0.77
2026-03-15,North Eastern,Garissa,Hagadera (Daadab),3254,0.01,40.37,cereals and tubers,Potatoes (Irish),148,KG,aggregate,Retail,KES,85.22,0.66
2026-03-15,North Eastern,Garissa,Hagadera (Daadab),3254,0.01,40.37,cereals and tubers,Rice,52,KG,aggregate,Retail,KES,108.83,0.84
2026-03-15,North Eastern,Garissa,Hagadera (Daadab),3254,0.01,40.37,cereals and tubers,Wheat flour,58,KG,aggregate,Retail,KES,99.84,0.77
2026-03-15,North Eastern,Garissa,Hagadera (Daadab),3254,0.01,40.37,"meat, fish and eggs",Meat (camel),344,KG,aggregate,Retail,KES,600,4.64
2026-03-15,North Eastern,Garissa,Hagadera (Daadab),3254,0.01,40.37,"meat, fish and eggs",Meat (goat),451,KG,aggregate,Retail,KES,800,6.19
2026-03-15,North Eastern,Garissa,Hagadera (Daadab),3254,0.01,40.37,miscellaneous food,Sugar,97,KG,aggregate,Retail,KES,121.87,0.94
2026-03-15,North Eastern,Garissa,Hagadera (Daadab),3254,0.01,40.37,oil and fats,Oil (vegetable),96,L,aggregate,Retail,KES,258.05,2
2026-03-15,North Eastern,Garissa,Hagadera (Daadab),3254,0.01,40.37,pulses and nuts,Beans (dry),262,KG,aggregate,Retail,KES,121.7,0.94
2026-03-15,North Eastern,Garissa,Hagadera (Daadab),3254,0.01,40.37,vegetables and fruits,Bananas,254,Unit,aggregate,Retail,KES,10,0.077
2026-03-15,North Eastern,Garissa,IFO (Daadab),3255,0.11,40.32,cereals and tubers,Maize,51,KG,aggregate,Retail,KES,63.96,0.49
2026-03-15,North Eastern,Garissa,IFO (Daadab),3255,0.11,40.32,cereals and tubers,Maize flour,76,KG,aggregate,Retail,KES,101.77,0.79
2026-03-15,North Eastern,Garissa,IFO (Daadab),3255,0.11,40.32,cereals and tubers,Potatoes (Irish),148,KG,aggregate,Retail,KES,87.16,0.67
2026-03-15,North Eastern,Garissa,IFO (Daadab),3255,0.11,40.32,cereals and tubers,Rice,52,KG,aggregate,Retail,KES,110.8,0.86
2026-03-15,North Eastern,Garissa,IFO (Daadab),3255,0.11,40.32,cereals and tubers,Sorghum,65,KG,aggregate,Retail,KES,100,0.77
2026-03-15,North Eastern,Garissa,IFO (Daadab),3255,0.11,40.32,cereals and tubers,Wheat flour,58,KG,aggregate,Retail,KES,100.74,0.78
2026-03-15,North Eastern,Garissa,IFO (Daadab),3255,0.11,40.32,"meat, fish and eggs",Meat (camel),344,KG,aggregate,Retail,KES,624.06,4.83
2026-03-15,North Eastern,Garissa,IFO (Daadab),3255,0.11,40.32,"meat, fish and eggs",Meat (goat),451,KG,aggregate,Retail,KES,807.46,6.24
2026-03-15,North Eastern,Garissa,IFO (Daadab),3255,0.11,40.32,milk and dairy,Milk (UHT),794,500 ML,aggregate,Retail,KES,100,0.77
2026-03-15,North Eastern,Garissa,IFO (Daadab),3255,0.11,40.32,milk and dairy,"Milk (camel, fresh)",817,L,aggregate,Retail,KES,206.07,1.59
2026-03-15,North Eastern,Garissa,IFO (Daadab),3255,0.11,40.32,milk and dairy,"Milk (cow, fresh)",439,L,aggregate,Retail,KES,203.26,1.57
2026-03-15,North Eastern,Garissa,IFO (Daadab),3255,0.11,40.32,miscellaneous food,Salt,185,200 G,aggregate,Retail,KES,17.64,0.14
2026-03-15,North Eastern,Garissa,IFO (Daadab),3255,0.11,40.32,miscellaneous food,Sugar,97,KG,aggregate,Retail,KES,120.66,0.93
2026-03-15,North Eastern,Garissa,IFO (Daadab),3255,0.11,40.32,oil and fats,Oil (vegetable),96,L,aggregate,Retail,KES,264.44,2.04
2026-03-15,North Eastern,Garissa,IFO (Daadab),3255,0.11,40.32,pulses and nuts,Beans (dry),262,KG,aggregate,Retail,KES,118.77,0.92
2026-03-15,North Eastern,Garissa,IFO (Daadab),3255,0.11,40.32,vegetables and fruits,Bananas,254,Unit,aggregate,Retail,KES,6.45,0.05
2026-03-15,Rift Valley,Turkana,Ethiopia (Kakuma),3253,3.72,34.85,cereals and tubers,Maize,51,KG,aggregate,Retail,KES,60,0.46
2026-03-15,Rift Valley,Turkana,Ethiopia (Kakuma),3253,3.72,34.85,cereals and tubers,Maize flour,76,KG,aggregate,Retail,KES,80,0.62
2026-03-15,Rift Valley,Turkana,Ethiopia (Kakuma),3253,3.72,34.85,cereals and tubers,Potatoes (Irish),148,KG,aggregate,Retail,KES,85,0.66
2026-03-15,Rift Valley,Turkana,Ethiopia (Kakuma),3253,3.72,34.85,cereals and tubers,Rice,52,KG,aggregate,Retail,KES,90,0.7
2026-03-15,Rift Valley,Turkana,Ethiopia (Kakuma),3253,3.72,34.85,cereals and tubers,Wheat flour,58,KG,aggregate,Retail,KES,90,0.7
2026-03-15,Rift Valley,Turkana,Ethiopia (Kakuma),3253,3.72,34.85,"meat, fish and eggs",Meat (beef),141,KG,aggregate,Retail,KES,700,5.41
2026-03-15,Rift Valley,Turkana,Ethiopia (Kakuma),3253,3.72,34.85,"meat, fish and eggs",Meat (camel),344,KG,aggregate,Retail,KES,700,5.41
2026-03-15,Rift Valley,Turkana,Ethiopia (Kakuma),3253,3.72,34.85,"meat, fish and eggs",Meat (goat),451,KG,aggregate,Retail,KES,700,5.41
2026-03-15,Rift Valley,Turkana,Ethiopia (Kakuma),3253,3.72,34.85,milk and dairy,Milk (UHT),794,500 ML,aggregate,Retail,KES,100,0.77
2026-03-15,Rift Valley,Turkana,Ethiopia (Kakuma),3253,3.72,34.85,miscellaneous food,Salt,185,200 G,aggregate,Retail,KES,15,0.12
2026-03-15,Rift Valley,Turkana,Ethiopia (Kakuma),3253,3.72,34.85,miscellaneous food,Sugar,97,KG,aggregate,Retail,KES,170,1.31
2026-03-15,Rift Valley,Turkana,Ethiopia (Kakuma),3253,3.72,34.85,oil and fats,Oil (vegetable),96,L,aggregate,Retail,KES,280,2.17
2026-03-15,Rift Valley,Turkana,Ethiopia (Kakuma),3253,3.72,34.85,pulses and nuts,Beans (dry),262,KG,aggregate,Retail,KES,150,1.16
2026-03-15,Rift Valley,Turkana,Ethiopia (Kakuma),3253,3.72,34.85,vegetables and fruits,Bananas,254,Unit,aggregate,Retail,KES,15,0.12
2026-03-15,Rift Valley,Turkana,HongKong (Kakuma),3250,3.75,34.84,cereals and tubers,Maize,51,KG,aggregate,Retail,KES,60,0.46
2026-03-15,Rift Valley,Turkana,HongKong (Kakuma),3250,3.75,34.84,cereals and tubers,Maize flour,76,KG,aggregate,Retail,KES,80,0.62
2026-03-15,Rift Valley,Turkana,HongKong (Kakuma),3250,3.75,34.84,cereals and tubers,Potatoes (Irish),148,KG,aggregate,Retail,KES,100,0.77
2026-03-15,Rift Valley,Turkana,HongKong (Kakuma),3250,3.75,34.84,cereals and tubers,Rice,52,KG,aggregate,Retail,KES,170,1.31
2026-03-15,Rift Valley,Turkana,HongKong (Kakuma),3250,3.75,34.84,cereals and tubers,Sorghum,65,KG,aggregate,Retail,KES,80,0.62
2026-03-15,Rift Valley,Turkana,HongKong (Kakuma),3250,3.75,34.84,cereals and tubers,Wheat flour,58,KG,aggregate,Retail,KES,90,0.7
2026-03-15,Rift Valley,Turkana,HongKong (Kakuma),3250,3.75,34.84,"meat, fish and eggs",Meat (beef),141,KG,aggregate,Retail,KES,700,5.41
2026-03-15,Rift Valley,Turkana,HongKong (Kakuma),3250,3.75,34.84,"meat, fish and eggs",Meat (goat),451,KG,aggregate,Retail,KES,700,5.41
2026-03-15,Rift Valley,Turkana,HongKong (Kakuma),3250,3.75,34.84,milk and dairy,Milk (UHT),794,500 ML,aggregate,Retail,KES,90,0.7
2026-03-15,Rift Valley,Turkana,HongKong (Kakuma),3250,3.75,34.84,miscellaneous food,Salt,185,200 G,aggregate,Retail,KES,15,0.12
2026-03-15,Rift Valley,Turkana,HongKong (Kakuma),3250,3.75,34.84,miscellaneous food,Sugar,97,KG,aggregate,Retail,KES,160,1.24
2026-03-15,Rift Valley,Turkana,HongKong (Kakuma),3250,3.75,34.84,oil and fats,Oil (vegetable),96,L,aggregate,Retail,KES,260,2.01
2026-03-15,Rift Valley,Turkana,HongKong (Kakuma),3250,3.75,34.84,pulses and nuts,Beans (dry),262,KG,aggregate,Retail,KES,150,1.16
2026-03-15,Rift Valley,Turkana,HongKong (Kakuma),3250,3.75,34.84,vegetables and fruits,Bananas,254,Unit,aggregate,Retail,KES,20,0.15
2026-03-15,Rift Valley,Turkana,Kakuma 2,3248,3.75,34.82,cereals and tubers,Maize,51,KG,aggregate,Retail,KES,50,0.39
2026-03-15,Rift Valley,Turkana,Kakuma 2,3248,3.75,34.82,cereals and tubers,Maize flour,76,KG,aggregate,Retail,KES,80,0.62
2026-03-15,Rift Valley,Turkana,Kakuma 2,3248,3.75,34.82,cereals and tubers,Potatoes (Irish),148,KG,aggregate,Retail,KES,80,0.62
2026-03-15,Rift Valley,Turkana,Kakuma 2,3248,3.75,34.82,cereals and tubers,Wheat flour,58,KG,aggregate,Retail,KES,90,0.7
2026-03-15,Rift Valley,Turkana,Kakuma 2,3248,3.75,34.82,"meat, fish and eggs",Meat (beef),141,KG,aggregate,Retail,KES,700,5.41
2026-03-15,Rift Valley,Turkana,Kakuma 2,3248,3.75,34.82,"meat, fish and eggs",Meat (camel),344,KG,aggregate,Retail,KES,600,4.64
2026-03-15,Rift Valley,Turkana,Kakuma 2,3248,3.75,34.82,"meat, fish and eggs",Meat (goat),451,KG,aggregate,Retail,KES,800,6.19
2026-03-15,Rift Valley,Turkana,Kakuma 2,3248,3.75,34.82,milk and dairy,Milk (UHT),794,500 ML,aggregate,Retail,KES,80,0.62
2026-03-15,Rift Valley,Turkana,Kakuma 2,3248,3.75,34.82,miscellaneous food,Sugar,97,KG,aggregate,Retail,KES,160,1.24
2026-03-15,Rift Valley,Turkana,Kakuma 2,3248,3.75,34.82,oil and fats,Oil (vegetable),96,L,aggregate,Retail,KES,300,2.32
2026-03-15,Rift Valley,Turkana,Kakuma 2,3248,3.75,34.82,pulses and nuts,Beans (dry),262,KG,aggregate,Retail,KES,140,1.08
2026-03-15,Rift Valley,Turkana,Kakuma 2,3248,3.75,34.82,vegetables and fruits,Bananas,254,Unit,aggregate,Retail,KES,20,0.15
2026-03-15,Rift Valley,Turkana,Kakuma 3,3251,3.77,34.82,cereals and tubers,Maize,51,KG,aggregate,Retail,KES,56,0.43
2026-03-15,Rift Valley,Turkana,Kakuma 3,3251,3.77,34.82,cereals and tubers,Maize flour,76,KG,aggregate,Retail,KES,80,0.62
2026-03-15,Rift Valley,Turkana,Kakuma 3,3251,3.77,34.82,cereals and tubers,Potatoes (Irish),148,KG,aggregate,Retail,KES,85,0.66
2026-03-15,Rift Valley,Turkana,Kakuma 3,3251,3.77,34.82,cereals and tubers,Rice,52,KG,aggregate,Retail,KES,156.67,1.21
2026-03-15,Rift Valley,Turkana,Kakuma 3,3251,3.77,34.82,cereals and tubers,Sorghum,65,KG,aggregate,Retail,KES,66.67,0.52
2026-03-15,Rift Valley,Turkana,Kakuma 3,3251,3.77,34.82,cereals and tubers,Wheat flour,58,KG,aggregate,Retail,KES,85.83,0.66
2026-03-15,Rift Valley,Turkana,Kakuma 3,3251,3.77,34.82,"meat, fish and eggs",Meat (camel),344,KG,aggregate,Retail,KES,800,6.19
2026-03-15,Rift Valley,Turkana,Kakuma 3,3251,3.77,34.82,"meat, fish and eggs",Meat (goat),451,KG,aggregate,Retail,KES,600,4.64
2026-03-15,Rift Valley,Turkana,Kakuma 3,3251,3.77,34.82,milk and dairy,Milk (UHT),794,500 ML,aggregate,Retail,KES,75.83,0.59
2026-03-15,Rift Valley,Turkana,Kakuma 3,3251,3.77,34.82,miscellaneous food,Salt,185,200 G,aggregate,Retail,KES,12.5,0.097
2026-03-15,Rift Valley,Turkana,Kakuma 3,3251,3.77,34.82,miscellaneous food,Sugar,97,KG,aggregate,Retail,KES,155,1.2
2026-03-15,Rift Valley,Turkana,Kakuma 3,3251,3.77,34.82,oil and fats,Oil (vegetable),96,L,aggregate,Retail,KES,260,2.01
2026-03-15,Rift Valley,Turkana,Kakuma 3,3251,3.77,34.82,pulses and nuts,Beans (dry),262,KG,aggregate,Retail,KES,130,1.01
2026-03-15,Rift Valley,Turkana,Kakuma 3,3251,3.77,34.82,vegetables and fruits,Bananas,254,Unit,aggregate,Retail,KES,20,0.15
2026-03-15,Rift Valley,Turkana,Kakuma 4,3249,3.74,34.81,cereals and tubers,Maize,51,KG,aggregate,Retail,KES,65,0.5
2026-03-15,Rift Valley,Turkana,Kakuma 4,3249,3.74,34.81,cereals and tubers,Maize flour,76,KG,aggregate,Retail,KES,76.67,0.59
2026-03-15,Rift Valley,Turkana,Kakuma 4,3249,3.74,34.81,cereals and tubers,Potatoes (Irish),148,KG,aggregate,Retail,KES,100,0.77
2026-03-15,Rift Valley,Turkana,Kakuma 4,3249,3.74,34.81,cereals and tubers,Rice,52,KG,aggregate,Retail,KES,110,0.85
2026-03-15,Rift Valley,Turkana,Kakuma 4,3249,3.74,34.81,cereals and tubers,Sorghum,65,KG,aggregate,Retail,KES,70,0.54
2026-03-15,Rift Valley,Turkana,Kakuma 4,3249,3.74,34.81,cereals and tubers,Wheat flour,58,KG,aggregate,Retail,KES,86.67,0.67
2026-03-15,Rift Valley,Turkana,Kakuma 4,3249,3.74,34.81,"meat, fish and eggs",Meat (beef),141,KG,aggregate,Retail,KES,700,5.41
2026-03-15,Rift Valley,Turkana,Kakuma 4,3249,3.74,34.81,"meat, fish and eggs",Meat (goat),451,KG,aggregate,Retail,KES,800,6.19
2026-03-15,Rift Valley,Turkana,Kakuma 4,3249,3.74,34.81,milk and dairy,Milk (UHT),794,500 ML,aggregate,Retail,KES,73.33,0.57
2026-03-15,Rift Valley,Turkana,Kakuma 4,3249,3.74,34.81,miscellaneous food,Sugar,97,KG,aggregate,Retail,KES,150,1.16
2026-03-15,Rift Valley,Turkana,Kakuma 4,3249,3.74,34.81,oil and fats,Oil (vegetable),96,L,aggregate,Retail,KES,293.33,2.27
2026-03-15,Rift Valley,Turkana,Kakuma 4,3249,3.74,34.81,pulses and nuts,Beans (dry),262,KG,aggregate,Retail,KES,120,0.93
2026-03-15,Rift Valley,Turkana,Kakuma 4,3249,3.74,34.81,vegetables and fruits,Bananas,254,Unit,aggregate,Retail,KES,20,0.15
2026-03-15,Rift Valley,Turkana,Kalobeyei (Village 1),3244,3.77,34.73,cereals and tubers,Maize,51,KG,aggregate,Retail,KES,50,0.39
2026-03-15,Rift Valley,Turkana,Kalobeyei (Village 1),3244,3.77,34.73,cereals and tubers,Maize flour,76,KG,aggregate,Retail,KES,70,0.54
2026-03-15,Rift Valley,Turkana,Kalobeyei (Village 1),3244,3.77,34.73,cereals and tubers,Potatoes (Irish),148,KG,aggregate,Retail,KES,100,0.77
2026-03-15,Rift Valley,Turkana,Kalobeyei (Village 1),3244,3.77,34.73,cereals and tubers,Rice,52,KG,aggregate,Retail,KES,120,0.93
2026-03-15,Rift Valley,Turkana,Kalobeyei (Village 1),3244,3.77,34.73,cereals and tubers,Wheat flour,58,KG,aggregate,Retail,KES,90,0.7
2026-03-15,Rift Valley,Turkana,Kalobeyei (Village 1),3244,3.77,34.73,"meat, fish and eggs",Meat (beef),141,KG,aggregate,Retail,KES,700,5.41
2026-03-15,Rift Valley,Turkana,Kalobeyei (Village 1),3244,3.77,34.73,"meat, fish and eggs",Meat (goat),451,KG,aggregate,Retail,KES,700,5.41
2026-03-15,Rift Valley,Turkana,Kalobeyei (Village 1),3244,3.77,34.73,milk and dairy,Milk (UHT),794,500 ML,aggregate,Retail,KES,70,0.54
2026-03-15,Rift Valley,Turkana,Kalobeyei (Village 1),3244,3.77,34.73,miscellaneous food,Salt,185,200 G,aggregate,Retail,KES,15,0.12
2026-03-15,Rift Valley,Turkana,Kalobeyei (Village 1),3244,3.77,34.73,miscellaneous food,Sugar,97,KG,aggregate,Retail,KES,160,1.24
2026-03-15,Rift Valley,Turkana,Kalobeyei (Village 1),3244,3.77,34.73,oil and fats,Oil (vegetable),96,L,aggregate,Retail,KES,270,2.09
2026-03-15,Rift Valley,Turkana,Kalobeyei (Village 1),3244,3.77,34.73,pulses and nuts,Beans (dry),262,KG,aggregate,Retail,KES,100,0.77
2026-03-15,Rift Valley,Turkana,Kalobeyei (Village 1),3244,3.77,34.73,vegetables and fruits,Bananas,254,Unit,aggregate,Retail,KES,20,0.15
2026-03-15,Rift Valley,Turkana,Kalobeyei (Village 2),3246,3.76,34.75,cereals and tubers,Maize,51,KG,aggregate,Retail,KES,50,0.39
2026-03-15,Rift Valley,Turkana,Kalobeyei (Village 2),3246,3.76,34.75,cereals and tubers,Maize flour,76,KG,aggregate,Retail,KES,80,0.62
2026-03-15,Rift Valley,Turkana,Kalobeyei (Village 2),3246,3.76,34.75,cereals and tubers,Potatoes (Irish),148,KG,aggregate,Retail,KES,100,0.77
2026-03-15,Rift Valley,Turkana,Kalobeyei (Village 2),3246,3.76,34.75,cereals and tubers,Rice,52,KG,aggregate,Retail,KES,125,0.97
2026-03-15,Rift Valley,Turkana,Kalobeyei (Village 2),3246,3.76,34.75,cereals and tubers,Sorghum,65,KG,aggregate,Retail,KES,90,0.7
2026-03-15,Rift Valley,Turkana,Kalobeyei (Village 2),3246,3.76,34.75,cereals and tubers,Wheat flour,58,KG,aggregate,Retail,KES,90,0.7
2026-03-15,Rift Valley,Turkana,Kalobeyei (Village 2),3246,3.76,34.75,"meat, fish and eggs",Meat (beef),141,KG,aggregate,Retail,KES,700,5.41
2026-03-15,Rift Valley,Turkana,Kalobeyei (Village 2),3246,3.76,34.75,"meat, fish and eggs",Meat (goat),451,KG,aggregate,Retail,KES,700,5.41
2026-03-15,Rift Valley,Turkana,Kalobeyei (Village 2),3246,3.76,34.75,miscellaneous food,Salt,185,200 G,aggregate,Retail,KES,17.5,0.14
2026-03-15,Rift Valley,Turkana,Kalobeyei (Village 2),3246,3.76,34.75,miscellaneous food,Sugar,97,KG,aggregate,Retail,KES,155,1.2
2026-03-15,Rift Valley,Turkana,Kalobeyei (Village 2),3246,3.76,34.75,oil and fats,Oil (vegetable),96,L,aggregate,Retail,KES,300,2.32
2026-03-15,Rift Valley,Turkana,Kalobeyei (Village 2),3246,3.76,34.75,pulses and nuts,Beans (dry),262,KG,aggregate,Retail,KES,100,0.77
2026-03-15,Rift Valley,Turkana,Kalobeyei (Village 3),3247,3.75,34.76,cereals and tubers,Maize,51,KG,aggregate,Retail,KES,50,0.39
2026-03-15,Rift Valley,Turkana,Kalobeyei (Village 3),3247,3.75,34.76,cereals and tubers,Maize flour,76,KG,aggregate,Retail,KES,80,0.62
2026-03-15,Rift Valley,Turkana,Kalobeyei (Village 3),3247,3.75,34.76,cereals and tubers,Potatoes (Irish),148,KG,aggregate,Retail,KES,70,0.54
2026-03-15,Rift Valley,Turkana,Kalobeyei (Village 3),3247,3.75,34.76,cereals and tubers,Rice,52,KG,aggregate,Retail,KES,100,0.77
2026-03-15,Rift Valley,Turkana,Kalobeyei (Village 3),3247,3.75,34.76,cereals and tubers,Wheat flour,58,KG,aggregate,Retail,KES,90,0.7
2026-03-15,Rift Valley,Turkana,Kalobeyei (Village 3),3247,3.75,34.76,"meat, fish and eggs",Meat (beef),141,KG,aggregate,Retail,KES,700,5.41
2026-03-15,Rift Valley,Turkana,Kalobeyei (Village 3),3247,3.75,34.76,"meat, fish and eggs",Meat (goat),451,KG,aggregate,Retail,KES,700,5.41
2026-03-15,Rift Valley,Turkana,Kalobeyei (Village 3),3247,3.75,34.76,miscellaneous food,Salt,185,200 G,aggregate,Retail,KES,15,0.12
2026-03-15,Rift Valley,Turkana,Kalobeyei (Village 3),3247,3.75,34.76,miscellaneous food,Sugar,97,KG,aggregate,Retail,KES,150,1.16
2026-03-15,Rift Valley,Turkana,Kalobeyei (Village 3),3247,3.75,34.76,oil and fats,Oil (vegetable),96,L,aggregate,Retail,KES,300,2.32
2026-03-15,Rift Valley,Turkana,Kalobeyei (Village 3),3247,3.75,34.76,pulses and nuts,Beans (dry),262,KG,aggregate,Retail,KES,100,0.77
2026-03-15,Rift Valley,Turkana,Kalobeyei (Village 3),3247,3.75,34.76,vegetables and fruits,Bananas,254,Unit,aggregate,Retail,KES,10,0.077
2026-03-15,Rift Valley,Turkana,Mogadishu (Kakuma),3245,3.72,34.85,cereals and tubers,Maize,51,KG,aggregate,Retail,KES,50,0.39
2026-03-15,Rift Valley,Turkana,Mogadishu (Kakuma),3245,3.72,34.85,cereals and tubers,Maize flour,76,KG,aggregate,Retail,KES,90,0.7
2026-03-15,Rift Valley,Turkana,Mogadishu (Kakuma),3245,3.72,34.85,cereals and tubers,Potatoes (Irish),148,KG,aggregate,Retail,KES,80,0.62
2026-03-15,Rift Valley,Turkana,Mogadishu (Kakuma),3245,3.72,34.85,cereals and tubers,Rice,52,KG,aggregate,Retail,KES,160,1.24
2026-03-15,Rift Valley,Turkana,Mogadishu (Kakuma),3245,3.72,34.85,cereals and tubers,Sorghum,65,KG,aggregate,Retail,KES,200,1.55
2026-03-15,Rift Valley,Turkana,Mogadishu (Kakuma),3245,3.72,34.85,cereals and tubers,Wheat flour,58,KG,aggregate,Retail,KES,90,0.7
2026-03-15,Rift Valley,Turkana,Mogadishu (Kakuma),3245,3.72,34.85,"meat, fish and eggs",Meat (camel),344,KG,aggregate,Retail,KES,500,3.87
2026-03-15,Rift Valley,Turkana,Mogadishu (Kakuma),3245,3.72,34.85,"meat, fish and eggs",Meat (goat),451,KG,aggregate,Retail,KES,600,4.64
2026-03-15,Rift Valley,Turkana,Mogadishu (Kakuma),3245,3.72,34.85,milk and dairy,Milk (UHT),794,500 ML,aggregate,Retail,KES,80,0.62
2026-03-15,Rift Valley,Turkana,Mogadishu (Kakuma),3245,3.72,34.85,miscellaneous food,Salt,185,200 G,aggregate,Retail,KES,10,0.077
2026-03-15,Rift Valley,Turkana,Mogadishu (Kakuma),3245,3.72,34.85,miscellaneous food,Sugar,97,KG,aggregate,Retail,KES,160,1.24
2026-03-15,Rift Valley,Turkana,Mogadishu (Kakuma),3245,3.72,34.85,oil and fats,Oil (vegetable),96,L,aggregate,Retail,KES,300,2.32
2026-03-15,Rift Valley,Turkana,Mogadishu (Kakuma),3245,3.72,34.85,pulses and nuts,Beans (dry),262,KG,aggregate,Retail,KES,170,1.31
2026-03-15,Rift Valley,Turkana,Mogadishu (Kakuma),3245,3.72,34.85,vegetables and fruits,Bananas,254,Unit,aggregate,Retail,KES,20,0.15
2026-04-15,North Eastern,Garissa,Dagahaley (Daadab),3252,0.19,40.29,cereals and tubers,Maize flour,76,KG,aggregate,Retail,KES,100,0.77
2026-04-15,North Eastern,Garissa,Dagahaley (Daadab),3252,0.19,40.29,cereals and tubers,Rice,52,KG,aggregate,Retail,KES,125,0.97
2026-04-15,North Eastern,Garissa,Dagahaley (Daadab),3252,0.19,40.29,cereals and tubers,Wheat flour,58,KG,aggregate,Retail,KES,100,0.77
2026-04-15,North Eastern,Garissa,Dagahaley (Daadab),3252,0.19,40.29,miscellaneous food,Salt,185,200 G,aggregate,Retail,KES,15,0.12
2026-04-15,North Eastern,Garissa,Dagahaley (Daadab),3252,0.19,40.29,miscellaneous food,Sugar,97,KG,aggregate,Retail,KES,140,1.08
2026-04-15,North Eastern,Garissa,Dagahaley (Daadab),3252,0.19,40.29,oil and fats,Oil (vegetable),96,L,aggregate,Retail,KES,250,1.93
2026-04-15,North Eastern,Garissa,Dagahaley (Daadab),3252,0.19,40.29,pulses and nuts,Beans (dry),262,KG,aggregate,Retail,KES,135,1.04
2026-04-15,North Eastern,Garissa,Hagadera (Daadab),3254,0.01,40.37,cereals and tubers,Maize,51,KG,aggregate,Retail,KES,60,0.46
2026-04-15,North Eastern,Garissa,Hagadera (Daadab),3254,0.01,40.37,cereals and tubers,Maize flour,76,KG,aggregate,Retail,KES,100,0.77
2026-04-15,North Eastern,Garissa,Hagadera (Daadab),3254,0.01,40.37,cereals and tubers,Potatoes (Irish),148,KG,aggregate,Retail,KES,76.67,0.59
2026-04-15,North Eastern,Garissa,Hagadera (Daadab),3254,0.01,40.37,cereals and tubers,Rice,52,KG,aggregate,Retail,KES,107.5,0.83
2026-04-15,North Eastern,Garissa,Hagadera (Daadab),3254,0.01,40.37,cereals and tubers,Wheat flour,58,KG,aggregate,Retail,KES,100,0.77
2026-04-15,North Eastern,Garissa,Hagadera (Daadab),3254,0.01,40.37,"meat, fish and eggs",Meat (camel),344,KG,aggregate,Retail,KES,600,4.64
2026-04-15,North Eastern,Garissa,Hagadera (Daadab),3254,0.01,40.37,"meat, fish and eggs",Meat (goat),451,KG,aggregate,Retail,KES,800,6.19
2026-04-15,North Eastern,Garissa,Hagadera (Daadab),3254,0.01,40.37,miscellaneous food,Salt,185,200 G,aggregate,Retail,KES,10,0.077
2026-04-15,North Eastern,Garissa,Hagadera (Daadab),3254,0.01,40.37,miscellaneous food,Sugar,97,KG,aggregate,Retail,KES,122.5,0.95
2026-04-15,North Eastern,Garissa,Hagadera (Daadab),3254,0.01,40.37,oil and fats,Oil (vegetable),96,L,aggregate,Retail,KES,280,2.17
2026-04-15,North Eastern,Garissa,Hagadera (Daadab),3254,0.01,40.37,pulses and nuts,Beans (dry),262,KG,aggregate,Retail,KES,122.5,0.95
2026-04-15,North Eastern,Garissa,Hagadera (Daadab),3254,0.01,40.37,vegetables and fruits,Bananas,254,Unit,aggregate,Retail,KES,10,0.077
2026-04-15,North Eastern,Garissa,IFO (Daadab),3255,0.11,40.32,cereals and tubers,Maize,51,KG,aggregate,Retail,KES,65,0.5
2026-04-15,North Eastern,Garissa,IFO (Daadab),3255,0.11,40.32,cereals and tubers,Maize flour,76,KG,aggregate,Retail,KES,100,0.77
2026-04-15,North Eastern,Garissa,IFO (Daadab),3255,0.11,40.32,cereals and tubers,Potatoes (Irish),148,KG,aggregate,Retail,KES,85,0.66
2026-04-15,North Eastern,Garissa,IFO (Daadab),3255,0.11,40.32,cereals and tubers,Rice,52,KG,aggregate,Retail,KES,106.67,0.83
2026-04-15,North Eastern,Garissa,IFO (Daadab),3255,0.11,40.32,cereals and tubers,Sorghum,65,KG,aggregate,Retail,KES,100,0.77
2026-04-15,North Eastern,Garissa,IFO (Daadab),3255,0.11,40.32,cereals and tubers,Wheat flour,58,KG,aggregate,Retail,KES,103.33,0.8
2026-04-15,North Eastern,Garissa,IFO (Daadab),3255,0.11,40.32,"meat, fish and eggs",Meat (camel),344,KG,aggregate,Retail,KES,600,4.64
2026-04-15,North Eastern,Garissa,IFO (Daadab),3255,0.11,40.32,"meat, fish and eggs",Meat (goat),451,KG,aggregate,Retail,KES,800,6.19
2026-04-15,North Eastern,Garissa,IFO (Daadab),3255,0.11,40.32,milk and dairy,Milk (UHT),794,500 ML,aggregate,Retail,KES,100,0.77
2026-04-15,North Eastern,Garissa,IFO (Daadab),3255,0.11,40.32,milk and dairy,"Milk (camel, fresh)",817,L,aggregate,Retail,KES,150,1.16
2026-04-15,North Eastern,Garissa,IFO (Daadab),3255,0.11,40.32,milk and dairy,"Milk (cow, fresh)",439,L,aggregate,Retail,KES,150,1.16
2026-04-15,North Eastern,Garissa,IFO (Daadab),3255,0.11,40.32,miscellaneous food,Salt,185,200 G,aggregate,Retail,KES,18.33,0.14
2026-04-15,North Eastern,Garissa,IFO (Daadab),3255,0.11,40.32,miscellaneous food,Sugar,97,KG,aggregate,Retail,KES,125,0.97
2026-04-15,North Eastern,Garissa,IFO (Daadab),3255,0.11,40.32,oil and fats,Oil (vegetable),96,L,aggregate,Retail,KES,270,2.09
2026-04-15,North Eastern,Garissa,IFO (Daadab),3255,0.11,40.32,pulses and nuts,Beans (dry),262,KG,aggregate,Retail,KES,120,0.93
2026-04-15,North Eastern,Garissa,IFO (Daadab),3255,0.11,40.32,vegetables and fruits,Bananas,254,Unit,aggregate,Retail,KES,6.67,0.052
